city,name,type,latitude,longitude,stars,operator
London,DoubleTree by Hilton Hotel London - Marble Arch,hotel,51.514.571,-1.566.381,0.75,Hilton
London,easyHotel Victoria,hotel,514.919.882,-1.420.048,,easyHotel
London,Crestfield Hotel,hotel,515.297.557,-1.224.147,,
London,Kings Cross Inn Hotel,hotel,515.302.618,-1.229.357,,
London,Hotel Riu Plaza London Victoria,hotel,514.944.034,-1.417.547,0.75,RIU Hotels & Resorts
London,Best Western,hotel,514.926.963,-2.507.834,,
London,The Hour Glass,hotel,51.486.375,-843.308,,
London,DoubleTree by Hilton London Angel Kings Cross,hotel,515.321.106,-1.094.659,0.75,Hilton
London,Sidney Hotel,hotel,51.490.333,-138.557,,
London,George IV Regency Hotel,hotel,515.117.638,-115.052,,
London,"Huttons Hotel, Victoria London",hotel,514.906.272,-138.381,,
London,Victor Hotel,hotel,51.490.678,-1.385.005,,
London,Luna Simone Hotel,hotel,514.907.457,-1.386.425,,
London,Lidos Hotel,hotel,51.490.806,-1.387.856,,
London,Cedar Guest House,hotel,514.922.185,-145.766,,
London,Alexandar House Hotel,hotel,514.921.849,-1.458.119,,
London,Best Western Hotel,hotel,514.920.413,-1.460.686,,
London,Annexe Hotel,hotel,514.921.418,-1.458.604,,
London,Dover Hotel,hotel,51.491.896,-1.418.151,,
London,Comfort Inn London,hotel,514.908.881,-1.389.518,,
London,The Churchill,hotel,51.515.473,-1.570.192,,
London,The Tavistock Hotel,hotel,515.243.225,-1.283.055,,Imperial Hotels
London,Bedford Hotel,hotel,515.207.075,-1.235.907,,
London,Bloomsbury Park Hotel,hotel,51.520.684,-1.228.137,,Thistle Hotels (associate)
London,Four Points by Sheraton,hotel,51.526.395,-129.567,,
London,Mabeldon Court Hotel,hotel,515.276.532,-1.273.678,,
London,Holiday Inn London - Camden Lock,hotel,515.404.552,-146.061,,IHG
London,Jim's Guesthouse,guest_house,515.057.938,-2.225.928,,
London,Travelodge,hotel,515.225.673,-868.331,,
London,DoubleTree by Hilton Hotel London - West End,hotel,515.201.101,-12.213,0.75,Hilton Inc.
London,Indian YMCA,hostel,515.227.666,-1.389.599,,
London,The Clermont,hotel,515.083.078,-124.767,,
London,Park Plaza County Hall London,hotel,515.013.601,-1.160.331,,
London,White Lodge Hotel,hotel,515.851.171,-1.156.247,,
London,London Central YMCA,hostel,515.173.407,-1.304.169,,
London,Queens Hotel,hotel,515.659.053,-1.021.872,,
London,Pembury Hotel,hotel,515.660.169,-1.019.716,,
London,Brownswood Guest House,hotel,515.636.052,-982.132,,
London,Mountrose Hotel,hotel,515.516.582,-2.095.994,,
London,St Giles Hotel,hotel,515.174.483,-1.304.949,,St Giles Hotels
London,Treehouse Hotel London,hotel,515.178.202,-1.424.175,,
London,Megaro Hotel,hotel,515.297.301,-1.239.797,,
London,Howard Winchester,hotel,515.293.476,-1.219.027,,
London,European Hotel,hotel,515.292.504,-1.218.055,,
London,Hotel Montana,hotel,515.290.388,-1.215.913,,
London,Elmwood Hotel,hotel,515.289.068,-1.214.553,,
London,Travelodge,hotel,515.300.868,-1.203.379,,
London,Carlton Hotel,hotel,51.530.409,-1.222.049,,
London,Rough Luxe,hotel,515.303.289,-1.221.277,,
London,Carlisle Hotel,hotel,515.300.565,-1.218.616,,
London,Clifton Hotel,hotel,51.529.907,-1.216.299,,
London,Royal National Hotel,hotel,515.234.731,-1.272.337,,
London,Lonsdale Hotel,hotel,515.202.064,-1.240.489,,
London,The Lancaster,hotel,515.199.748,-1.237.817,,
London,LSE Northumberland House,guest_house,515.068.495,-1.255.019,,
London,Kadimah,hotel,5.157.297,-706.834,,
London,Cloudesley House,hotel,515.700.523,-963.959,,
London,Redland Hotel,hotel,51.569.996,-964.787,,
London,Kent Hall,hotel,515.698.537,-966.468,,
London,Lanark Hotel,hotel,515.669.539,-1.004.792,,
London,London Marriott Hotel County Hall,hotel,51.501.709,-1.188.586,,
London,The Pack & Carriage London,hotel,515.319.633,-1.355.999,,
London,Station Hotel,hotel,514.950.123,-1.413.006,,
London,Hilton London Green Park,hotel,515.064.449,-1.456.241,0.75,Hilton
London,York & Albany,hotel,515.360.898,-1.464.514,,
London,Walrus Hostel,hostel,514.999.934,-1.144.166,,
London,Premier Inn London Victoria,hotel,51.492.934,-143.082,,
London,Radisson Edwardian,hotel,51.514.283,-127.063,,
London,Seven Dials Hotel,hotel,5.151.481,-126.725,,
London,The Rose Hotel,hotel,515.535.291,-749.772,,
London,The Beauchamp,hotel,515.203.735,-1.248.357,0.75,
London,Clink 261,hostel,515.290.096,-1.200.706,,
London,The Buckingham,hotel,515.196.094,-1.239.586,,
London,The Portland,hotel,515.202.734,-1.241.296,,
London,The Portland,hotel,515.200.069,-124.404,,
London,The Penn Club,hotel,515.206.073,-1.250.999,,
London,Premier Inn,hotel,514.995.182,-791.295,,
London,The Chamberlain,hotel,515.121.008,-756.938,,Fuller's
London,Lime Tree Hotel,hotel,514.933.492,-1.499.873,,
London,Cherry Court Hotel,hotel,514.924.816,-1.451.133,,
London,Club Quarters,hotel,515.127.056,-849.374,,
London,Euro Lodge Clapham,hotel,514.546.813,-1.454.482,,Eurohotels Group
London,Apex City of London,hotel,515.106.067,-793.789,,
London,Think London Bridge,hotel,514.986.958,-837.471,,
London,Mapesbury Hostel,hostel,515.515.116,-2.188.343,,
London,Comfort Inn Kings Cross,hotel,515.300.637,-1.212.142,,Comfort Inn
London,Holiday Inn Express,hotel,51.506.096,-102.055,,
London,Paul O'Gorman Patient Hotel,hotel,515.214.487,-1.211.741,,
London,Greenville Hotel,hotel,515.241.502,-1.163.797,,
London,Guildford,hotel,515.241.154,-1.165.432,,
London,Henrietta Hotel,hotel,515.109.508,-1.236.698,,
London,The Clarendon,hotel,515.198.344,-1.242.027,,
London,Smart NHS Russell Square Hostel,hostel,515.228.387,-1.227.963,,
London,Ambassadors Bloomsbury,hotel,515.266.227,-1.297.246,,
London,The Windmill,hotel,514.577.709,-1.442.608,,Youngs
London,Swinton Hotel,hotel,515.292.897,-1.167.506,,
London,Arriva Hotel,hotel,515.287.473,-1.183.234,,
London,MyHotel,hotel,515.188.919,-1.318.793,,
London,Cotton Rooms,hotel,515.230.574,-1.363.208,,
London,Smart Hyde Park View,hostel,515.118.141,-1.829.253,,
London,,guest_house,515.002.258,-927.345,,
London,Russell Hotel,hotel,51.495.687,-1.419.175,,
London,Macdonald Hotel,hotel,515.290.348,-1.229.874,,
London,Euro Hotel Clapham,hotel,514.553.637,-1.446.562,,Euro Hotels Group
London,Chelsea Guest House,guest_house,514.714.201,-1.372.568,,
London,Clapham Guest House,guest_house,514.682.306,-1.438.534,,
London,Helen Graham House,hostel,515.182.173,-1.254.024,,
London,Keystone House,hostel,515.309.944,-120.819,,
London,Point.O,hotel,514.991.079,-1.125.451,,
London,California Hotel,hotel,515.295.045,-123.438,,
London,City of London Flats,guest_house,515.182.651,-781.456,,
London,Anchor House Hotel,hotel,515.705.737,-1.934.461,0.25,
London,easyHotel Old Street / Barbican,hotel,515.243.296,-946.693,,easyHotel
London,Premier Inn,hotel,515.110.711,-1.302.533,,
London,Premier Inn,hotel,515.128.844,-1.051.893,,
London,Chiswick Lodge Hotel,hotel,514.949.376,-2.551.069,,
London,Martel Guest House,guest_house,515.714.216,-2.002.995,,
London,Apex Temple Court Hotel,hotel,515.138.157,-1.089.001,,Apex Hotels
London,Schinkler B&B,guest_house,514.453.074,-475.145,,
London,Corus Hyde Park,hotel,515.115.797,-1.773.046,0.75,Corus
London,Accomodation London Bridge,hotel,514.971.533,-902.618,,
London,Premier Inn,hotel,515.274.248,-87.469,,
London,Colliers Hôtel,hotel,514.912.877,-1.434.489,,http://colliershotel.co.uk/index.htm
London,Belgrave House Hotel,hotel,514.920.965,-1.422.738,,
London,Alhambra Hotel,hotel,515.293.177,-1.236.512,,
London,Central Hotel,hotel,515.292.186,-1.239.919,,
London,Alhambra Hotel,hotel,515.291.592,-1.239.302,,
London,Hollingbury Hotel,hotel,515.406.779,-2.538.187,,
London,Somerset Hotel,hotel,515.232.302,-1.601.543,0.5,
London,Clink78,hotel,515.288.183,-1.155.876,,
London,Camden Lock Hotel,hotel,51.544.108,-1.522.426,,
London,"The Royal Horseguards Hotel, London",hotel,515.057.937,-1.242.345,,
London,Hampton by Hilton London Waterloo,hotel,515.008.736,-1.080.219,0.5,Hilton
London,Shangri-La Hotel,hotel,515.042.952,-86.648,,Shangri-La Hotels and Resorts
London,The Park Hotel,hotel,514.905.332,-1.389.159,0.5,private
London,Journey's End,hostel,515.322.769,-1.200.351,,
London,DoubleTree by Hilton Hotel London - Chelsea,hotel,514.741.227,-1.840.077,0.75,Hilton
London,Kx Rooms,hotel,515.289.201,-1.228.238,,
London,City View,guest_house,515.267.352,-557.734,,
London,Premier Inn London Bank (Tower),hotel,515.095.129,-836.298,,
London,Ivy Gate House,guest_house,514.976.563,-2.698.129,,
London,London Hotel,hotel,514.615.782,-1.130.331,,
London,Baggies Backpackers Angel,hostel,515.310.527,-1.018.447,,
London,Sanctum Soho Hotel,hotel,51.511.565,-138.332,1.0,
London,New Globe Hotel,hotel,515.245.354,-368.949,,
London,Artist Residence,hotel,51.490.553,-1.448.993,,
London,The Blair Victoria & Tudor Inn Hotel,hotel,514.914.334,-1.422.041,,
London,The Melville Hotel,hotel,515.288.076,-1.227.249,,
London,Keystone Hostel,hotel,515.309.951,-1.208.545,,
London,United Lodge Hotel,hotel,51.574.308,-977.359,,
London,Citadines,hotel,515.178.529,-1.185.245,,
London,Premier Inn St Pancras,hotel,51.528.606,-1.268.228,,
London,International Students House,hostel,5.152.365,-1.448.704,,
London,mk Hotel London,hotel,514.642.989,-21.349,,
London,Goodenough Club,hotel,51.525.359,-117.697,,
London,Helen's Hotel,hotel,51.540.725,-255.968,,
London,POINT.a hotels,hotel,515.210.552,-776.413,,
London,Emerald Hotel,hotel,515.005.664,-2.217.212,,
London,Pearl Hotel,hotel,515.006.176,-2.217.145,,
London,Meininger Hotel,hostel,514.955.126,-1.797.915,,
London,The Hoxton,hotel,515.172.111,-1.220.985,,
London,Queen Elisabeth Chelsea,hostel,514.747.385,-188.726,,
London,Mercure London Bloomsbury,hotel,515.209.716,-1.233.317,,
London,"Thistle Holborn, The Kingsley",hotel,515.177.738,-1.241.566,0.75,Thistle
London,Mornington Hotel,hotel,51.490.273,-1.403.652,,
London,The Rose & Crown,hostel,51.503.825,-948.028,,
London,via Limehouse Hostel,hostel,515.122.568,-342.212,,via
London,Morton Hotel,hotel,515.230.303,-1.257.912,,
London,sussex hotel,hotel,515.145.269,-155.832,,
London,R S,hostel,514.780.817,-112.101,,
London,Premier Inn,hotel,515.656.761,-1.357.821,,Whitbread Hospitality
London,Travelodge,hotel,514.428.417,-1.529.261,,
London,hub by Premier Inn (Tower Bridge),hotel,515.093.691,-808.455,,Premier Inn
London,Gateway Hotel,hotel,514.509.716,-1.480.326,,
London,Dashwood Studios,guest_house,514.915.457,-980.407,,
London,MAX Serviced Apartments,hotel,515.128.134,-380.281,,
London,Connaught Hall,guest_house,515.245.041,-1.294.836,,
London,,hostel,514.906.281,-799.818,,
London,,hostel,51.490.633,-799.901,,
London,,hotel,514.903.367,-801.175,,
London,Wardonia Hotel,hotel,515.284.767,-1.229.957,,
London,King's Cross,hotel,515.284.745,-1.225.588,,
London,The Globe,hotel,515.288.049,-123.562,,
London,The Apollo,hotel,515.286.881,-1.230.202,,
London,Princess,hotel,515.288.283,-1.231.516,,
London,Arsenal Tavern Backpackers,hostel,515.609.419,-983.468,,
London,The Hermitage,guest_house,515.109.869,-1.845.445,,
London,Crowne Plaza,hotel,514.692.083,-1.787.792,,
London,No.8 Willesden hostel,hostel,515.486.767,-2.387.985,,
London,Hotel Makedonia,hotel,515.457.401,-1.182.029,,
London,SO King's Cross,hotel,515.306.396,-1.179.668,,
London,Fraser Residence City,hotel,51.510.287,-840.234,,
London,Somerset Residences,hostel,515.318.098,-1.337.686,,
London,Vaughn,guest_house,515.126.101,-168.877,,
London,LSE Bankside House,hostel,515.064.596,-986.518,,
London,SACO St Pauls - Red Lion Court,hotel,515.148.516,-1.087.533,,
London,Crane Court Apartments,hotel,51.514.388,-1.091.461,,
London,Astor Victoria Hostel,hostel,514.902.387,-1.375.876,,
London,Pasha,hotel,514.795.106,-943.965,,
London,Kings cross,hotel,515.312.377,-1.175.506,,
London,Premier Inn,hotel,515.034.171,-910.823,,
London,Hotel The Grand at Trafalgar Square,hotel,515.069.341,-1.259.733,,
London,Club Quarters Hotel,hotel,515.068.835,-1.258.069,,
London,Castle Hotel,hotel,514.926.541,-988.075,,
London,hub by Premier Inn Kings Cross,hotel,51.533.703,-121.831,,
London,No. 19 Barkston Rooms,hostel,51.492.618,-1.896.842,,
London,hub by Premier Inn London Westminster Abbey,hotel,514.995.883,-1.314.606,,
London,silverdale court,guest_house,51.525.165,-988.942,,
London,Premier Inn London County Hall,hotel,515.024.782,-1.182.526,,
London,Eaton Town House,hotel,514.940.168,-1.409.773,,
London,Corbigoe Hotel,hotel,51.489.739,-1.364.419,,
London,Best Western Corona Hotel,hotel,514.899.979,-1.370.186,,
London,Melbourne House Hotel,hotel,514.900.931,-1.372.198,,
London,Limegrove Hotel,hotel,514.912.387,-1.436.545,,
London,Vegas Hotel,hotel,514.911.088,-1.433.105,,
London,Enrico Hotel,hotel,514.915.144,-1.427.281,,
London,Surtees Hotel,hotel,514.912.532,-1.427.969,,
London,Golden Star Hotel,hotel,514.916.052,-1.424.201,,
London,Tudor Inn Hotel,hotel,514.916.317,-1.423.529,,
London,Blades Hotel,hotel,514.894.859,-1.366.874,,
London,Holiday Inn Express,hotel,514.897.096,-1.372.077,,
London,St. George's Pimlico,hotel,5.148.851,-1.393.338,,
London,Pop & Rest,hostel,515.089.378,-858.043,,
London,Dolphin House Serviced Apartments,hotel,514.872.103,-1.369.041,,
London,Travel Joy Hostels,hostel,51.485.426,-1.416.308,,
London,Lynton B&B Hotel,hotel,514.939.243,-1.493.034,,
London,The Lord Milner,hotel,514.939.709,-1.492.439,,
London,Richmond University’s Kensington accommodation,guest_house,514.988.531,-181.992,,
London,Ryder Street Chambers,hotel,51.507.023,-137.828,,
London,Home,hotel,514.471.511,-1.733.916,,
London,A Home from Home,hostel,515.219.755,-408.755,,
London,Virgin Hotels,hotel,515.236.705,-805.236,,
London,"Hotel Indigo London - 1 Leicester Square, an IHG Hotel",hotel,515.108.051,-1.309.494,,
London,Oxford House,hotel,515.253.405,-1.260.598,,
London,Albany Hotel,hotel,515.253.847,-1.259.872,,
London,Roma,hotel,515.252.312,-1.263.096,,
London,St Athans Hotel,hotel,515.251.125,-1.264.761,,
London,9A Lurline Gardens,hostel,514.768.707,-149.066,,
London,Westpoint Hotel,hotel,515.148.979,-1.737.639,,
London,Premier Inn Wandsworth,hotel,51.455.094,-1.924.957,,Premier Inn
London,Crawford Suites Serviced Apartments,hotel,515.179.144,-1.665.234,0.75,
London,"The Standard, London",hotel,515.294.697,-1.243.303,,
London,The Standard London,hotel,51.529.301,-1.218.561,,
London,No.8 Hostel Seven Sisters,hostel,515.783.126,-819.874,,
London,Maison de l’institut de France à Londres,hotel,514.989.555,-1.811.058,,
London,Stow-Away Apart-Hotel,hotel,515.002.783,-1.140.348,,
London,The Montcalm Royal London House,hotel,515.215.949,-857.045,,
London,The Stratford Hotel,hotel,515.453.714,-78.357,,
London,New Cross Inn Hostel,hostel,514.758.487,-370.837,,
London,Abbey Court Hotel,hotel,515.148.516,-1.738.726,,
London,Aspen Apartments,hotel,515.147.957,-173.987,,
London,Number 63,hotel,5.151.165,-1.765.831,,
London,Camden Road Room,guest_house,515.378.207,-1.378.812,,
London,Missionaries of Charity,hostel,514.967.084,-1.056.967,,
London,The Warwick Hotel,hotel,514.912.611,-1.428.971,,
London,FitzBB,guest_house,515.192.025,-1.350.579,,
London,Vicarage Private Hotel,hotel,515.051.403,-1.924.813,,
London,Mondrian Apartments & Hotel,hotel,515.608.584,-1.140.809,,
London,Premier Inn,hotel,514.867.345,-2.540.213,,
London,,hotel,514.634.916,-1.654.264,,
London,Travelodge,hotel,514.973.413,-984.099,,
London,Phoenix Heights by Bridgestreet,hotel,51.500.038,-218.138,,
London,Premier Inn,hotel,515.128.986,9.826,,
London,Davies Court,hostel,515.111.414,-2.463,,
London,St George Hotel,hotel,515.682.858,-1.200.262,,
London,Canopy by Hilton London City,hotel,5.151.293,-752.867,0.75,
London,City Inn Russell Square,hotel,515.254.947,-1.257.574,0.5,Parodist Ltd
London,Hyatt Place London City East,hotel,515.169.412,-681.853,0.75,
London,.Kip,hotel,515.474.517,-563.545,,
London,CityStay Hotel,hotel,515.277.521,-211.899,,
London,hub by Premier Inn London Soho hotel,hotel,515.130.669,-1.348.963,,
London,The Liverpool Street Hostel,hostel,51.520.402,-850.401,,St Christopher's Inns
London,Travelodge,hotel,515.949.482,-108.567,,
London,,guest_house,51.478.951,-2.213.937,,
London,Batty Langley's 1724,hotel,51.520.953,-77.969,,
London,Premier Inn London Paddington Basin,hotel,515.195.441,-1.738.102,,
London,The Jesmond Dene,hotel,51.528.941,-123.269,,
London,Residence Inn,hotel,514.986.996,-81.608,,
London,TRIBE,hotel,515.030.338,-128.065,,
London,Art 'otel London Battersea Power Station,hotel,514.808.041,-145.292,,
London,Pickwick Hall Hostel,hotel,515.200.303,-1.238.463,,
London,SafeStay Hostel,hostel,514.906.735,-975.963,,
London,Travelodge Greenwich High Road,hotel,514.773.691,-151.734,,
London,Staycity Aparthotels,hotel,514.761.373,-185.291,,
London,Raya hotel Victoria,hotel,515.028.523,-1.181.444,,
London,The Hoxton Hotel,hotel,515.058.441,-1.047.575,,
London,Sonder St. John's Garden,hotel,51.522.778,-1.019.057,,
London,Croft Court Hotel,hotel,515.759.182,-2.014.161,,
London,StayCity,hostel,514.743.033,-230.581,,
London,Queen's Drive Hotel,hotel,515.656.775,-1.015.988,,
London,Best Western Highbury,hotel,515.678.674,-993.481,0.5,
London,69TheGrove,guest_house,51.484.907,-1.205.014,,
London,Ruby Lucy,hotel,515.011.609,-1.123.214,,
London,Zedwell Piccadilly Circus,hotel,515.104.287,-1.336.305,,
London,Sonder The Prince,hotel,514.913.562,-1.183.878,,
London,The Z Hotel Holborn,hotel,515.158.365,-1.195.495,,
London,Travelodge London Lewisham,hotel,514.584.762,-124.321,,
London,,hostel,515.110.313,-735.578,,
London,Venture Hostel,hostel,51.473.632,-273.024,,
London,,hotel,515.119.312,-1.782.039,,
London,King William Hotel,hotel,514.848.704,33.546,,
London,Park Lane Apartments Crawford Place,hotel,515.183.901,-1.659.723,,
London,Thistle Piccadilly Hotel,hotel,515.102.091,-1.315.185,,
London,City Lodge London,hotel,515.284.475,-186.746,,
London,The Montcalm,hotel,515.205.953,-911.766,,
London,The Wesley Camden Town,hotel,515.359.619,-138.936,,
London,St Christopher's Inn Greenwich,hostel,514.780.314,-128.082,,
London,Argo Hotel,hotel,515.288.433,-1.214.243,,
London,Westin London City,hotel,51.511.038,-952.443,,Marriott
London,Zedwell Underground Hotel,hotel,515.172.427,-1.304.964,,
London,Hub by Premier Inn London Goodge Street,hotel,515.214.935,-1.346.888,,
London,hub by Premier Inn London Clerkenwell hotel,hotel,515.244.846,-1.096.385,,
London,,hotel,515.128.628,-1.651.951,,
London,Cove,hotel,51.512.135,-931.802,,
London,Maida Vale Aparthotel,hotel,515.370.344,-1.916.991,,
London,Travelodge,hotel,514.741.156,-678.621,,
London,Diana Hotel,hotel,515.330.331,-2.404.386,,
London,My Place Hotel,hotel,51.492.449,-1.941.374,0.5,
London,Premier Inn London Hammersmith,hotel,514.936.891,-2.237.374,,
London,Smart Camden Inn,hostel,515.368.127,-1.394.799,,
London,HarmonyNest Parkview Elegance,hotel,514.770.816,-335.365,,
London,Premier Inn,hotel,514.959.441,-112.651,,
Manchester,Best Western,hotel,534.396.161,-22.205.494,,
Manchester,Holly House Hotel,hotel,534.228.241,-22.399.336,,
Manchester,Dickenson Hotel,hotel,534.556.862,-22.036.703,,
Manchester,Crown & Anchor,guest_house,534.819.086,-22.322.038,,
Manchester,Malmaison,hotel,534.791.781,-22.332.353,,
Manchester,Hatters Hostel,hostel,534.818.923,-223.269,,Hatters Group
Manchester,The Parklands Residential Hotel,hotel,53.495.237,-22.183.302,,
Manchester,Ibis Hotel Manchester City Centre,hotel,534.773.839,-22.406.635,,
Manchester,Macdonald Townhouse Hotel,hotel,534.774.858,-22.398.992,,
Manchester,Hilton Manchester Deansgate,hotel,534.755.262,-22.504.623,,Hilton Hotels
Manchester,Copperhead Hotel,hotel,534.833.395,-22.551.989,,
Manchester,Chesham House B&B,guest_house,534.454.997,-23.613.628,,
Manchester,Thistlewood Hotel,hotel,534.455.649,-23.255.492,,
Manchester,Victoria Park Guest House,guest_house,534.474.375,-23.139.388,,
Manchester,Novotel Worsley,hotel,535.008.223,-2.385.638,,
Manchester,Eskdale Lodge Hotel,hotel,534.223.126,-2.338.419,,
Manchester,Cornerstones Hotel,hotel,534.190.374,-23.330.123,,
Manchester,The Belmore,hotel,534.122.865,-2.319.823,,
Manchester,Chesters Hotel & Restaurant,hotel,534.602.227,-22.910.338,0.5,
Manchester,The Light Boutique ApartHotel,hotel,534.829.533,-22.378.816,,
Manchester,Novotel,hotel,534.771.277,-22.415.525,,
Manchester,Holiday Inn Express,hotel,534.733.925,-22.402.184,,
Manchester,Velvet Hotel,hotel,534.780.645,-2.235.429,,
Manchester,The Works ApartHotel,hotel,53.484.637,-22.405.929,,
Manchester,Le Ville Hotel,hotel,53.476.791,-22.373.568,,
Manchester,New Union Hotel,hotel,534.763.927,-22.381.941,,
Manchester,Travelodge,hotel,5.348.138,-22.361.835,,
Manchester,The Mitre,hotel,534.847.458,-22.443.872,,
Manchester,Hatters @ Hilton Chambers,hostel,534.830.203,-223.448,,Hatters Group
Manchester,Ibis Budget Manchester Centre,hotel,534.794.026,-22.220.188,,
Manchester,Travelodge,hotel,534.840.986,-22.320.298,,
Manchester,Princess Street Hotel,hotel,534.782.331,-22.417.498,,
Manchester,Travelodge,hotel,534.656.468,-21.932.232,,
Manchester,The Merchants Hotel,hotel,534.817.937,-22.362.501,,
Manchester,Assheton Arms Hotel,hotel,53.550.976,-21.967.509,,
Manchester,Premier Inn - Old Trafford,hotel,534.657.967,-22.886.187,,
Manchester,The Castlefield Hotel,hotel,534.767.177,-22.566.266,,
Manchester,Premier Inn,hotel,534.766.927,-22.446.507,,
Manchester,Clyde Mount Guest House,guest_house,53.457.745,-21.586.585,,
Manchester,,hotel,535.135.102,-22.445.074,,
Manchester,C,guest_house,534.836.631,-22.373.265,,
Manchester,Clydesdale House,guest_house,534.836.831,-2.237.365,,
Manchester,Premier Inn Manchester West Didsbury,hotel,534.258.184,-22.580.133,,Premier Inn
Manchester,Premier Inn - MediaCity,hotel,53.473.716,-23.014.672,,Premier Inn
Manchester,easyHotel,hotel,534.817.102,-22.329.344,,
Manchester,Roomzzz Aparthotel,hotel,534.776.125,-22.405.545,,
Manchester,Hotel Indigo,hotel,534.860.823,-22.416.995,,IHG
Manchester,King Street Townhouse,hotel,534.800.905,-22.432.109,0.75,Eclectic Hotel Group
Manchester,Great John Street Hotel,hotel,534.783.761,-22.543.168,0.75,
Manchester,Throstles Nest,hotel,534.563.251,-2.275.032,,
Manchester,The City Warehouse Aparthotel,hotel,53.484.381,-22.324.877,,
Manchester,The Cow Hollow Hotel,hotel,534.823.165,-22.324.893,,
Manchester,Gardens Hotel,hotel,534.809.799,-22.348.147,,
Manchester,Sachas,hotel,534.821.773,-22.374.224,,
Manchester,Abode Hotels,hotel,534.797.848,-2.233.109,,
Manchester,La Reserve Aparthotel,hotel,534.795.232,-22.314.438,,
Manchester,The Place Aparthotel,hotel,534.791,-22.310.584,,
Manchester,Ibis Styles - Manchester Portland Hotel,hotel,534.802.907,-22.353.564,,
Manchester,Holiday Inn,hotel,534.788.932,-22.342.139,,
Manchester,SACO Aparthotel,hotel,534.788.571,-22.362.127,,
Manchester,Motel One Manchester-Piccadilly,hotel,534.775.495,-22.323.003,,
Manchester,Premier Inn,hotel,534.766.153,-22.419.232,,
Manchester,Clayton Hotel Manchester City Centre,hotel,534.778.592,-22.391.173,,
Manchester,Hotel Brooklyn,hotel,534.777.075,-22.394.325,,
Manchester,StayCity,hotel,534.782.958,-2.231.774,,
Manchester,Parkview Residence,hotel,535.015.829,-22.450.894,0.5,
Manchester,Stock Exchange Hotel,hotel,53.482.001,-22.427.769,,
Manchester,Motel One Manchester-Royal Exchange,hotel,53.482.135,-22.441.151,,
Manchester,BrewDog DogHouse Hotel,hotel,534.815.873,-22.402.715,,
Manchester,Gotham Hotel,hotel,534.804.728,-22.422.051,,
Manchester,Manchester Hall,hotel,534.810.667,-22.500.054,,
Manchester,The Black Lion Hotel,hotel,53.484.697,-22.495.364,,
Manchester,Moxy Manchester City,hotel,534.790.216,-22.499.252,,
Manchester,YOTEL Manchester Deansgate,hotel,534.806.294,-22.478.992,,
Manchester,REM Hotel,hotel,534.770.986,-22.368.691,,
Manchester,Leven Hotel,hotel,534.775.864,-22.362.764,,
Manchester,Motel One Manchester-St. Peter's Square,hotel,534.777.765,-22.425.395,,
Manchester,Wilde Aparthotels,hotel,534.776.776,-22.423.544,,
Manchester,High Street Townhouse,hotel,534.837.217,-22.386.139,,
Manchester,City Gate Suites,hotel,534.923.347,-22.383.925,,
Manchester,247Hotel.com,hotel,535.363.645,-21.279.484,,
Manchester,Hampton by Hilton,hotel,534.877.988,-22.333.726,,
Manchester,The Fallowfield Lodge,hotel,534.384.444,-22.220.686,,
Manchester,Dreamhouse Apartments,hotel,534.837.713,-22.552.163,,
Manchester,City Stop Manchester,hotel,5.348.502,-22.398.247,,
Manchester,Crowne Plaza,hotel,534.858.565,-22.362.643,,
Manchester,AC Hotel by Marriott,hotel,534.863.136,-22.342.011,,
Manchester,Staycity Aparthotel,hotel,534.859.032,-22.336.819,,
Manchester,Lewis Apartments,hotel,534.854.562,-223.394,,
Manchester,Boat and Horses Hotel,hotel,53.528.322,-21.599.793,,
Manchester,Residence Inn Manchester Piccadilly,hotel,534.812.398,-22.273.566,,
Manchester,Travelodge Stockport,hotel,534.099.493,-21.640.569,,
Manchester,Roomzzz Manchester Victoria Aparthotel,hotel,534.848.115,-22.431.016,,
Manchester,Trafford Hall Hotel Manchester,hotel,534.616.006,-22.788.851,,
Birmingham,Heartland Hostel,hostel,524.775.956,-1.850.703,,
Birmingham,Dormy Hotel,hotel,524.730.074,-19.586.232,,
Birmingham,Fairlawns Hotel,hotel,524.730.279,-19.579.123,,
Birmingham,Travelodge,hotel,524.740.303,-19.223.368,,
Birmingham,Malmaison,hotel,524.768.489,-19.036.938,,
Birmingham,AC Hotel,hotel,524.754.189,-19.060.022,,
Birmingham,Travelodge,hotel,525.107.023,-18.102.109,,
Birmingham,Woodlands Hotel,hotel,524.735.565,-19.577.131,,
Birmingham,Travelodge,hotel,524.049.256,-18.858.512,,
Birmingham,Hotel Indigo,hotel,524.750.754,-19.067.533,,
Birmingham,Holiday Inn Express,hotel,524.947.579,-20.221.386,,
Birmingham,Castle Bromwich Hall Hotel,hotel,525.055.286,-17.910.838,,
Birmingham,Aston Business School Conference Centre and Hotel,hotel,524.862.175,-18.887.063,,Aston University
Birmingham,SACO Birmingham Serviced Apartments,hotel,524.767.117,-19.135.138,,
Birmingham,Premier Inn,hotel,524.787.068,-18.978.356,,
Birmingham,Interstate Europe,hotel,524.755.035,-19.044.067,,
Birmingham,The Spires,hotel,524.755.124,-19.043.734,,
Birmingham,Staybridge Suites,hotel,524.805.562,-18.959.886,,
Birmingham,YMCA,hostel,524.879.465,-19.009.409,,
Birmingham,Surya & Iulia,guest_house,524.677.577,-19.050.569,,
Birmingham,Edgbaston Park Hotel,hotel,524.540.836,-19.274.023,,
Birmingham,Staycity,hotel,524.743.591,-18.959.292,,
Birmingham,iQ Studios 51,hostel,524.892.804,-18.918.441,,
Birmingham,The Fountain Inn,guest_house,524.710.661,-18.981.108,,
Birmingham,The Wellington,guest_house,524.719.631,-18.992.709,,
Birmingham,Rollason Wood Hotel,hotel,525.179.037,-18.398.425,,
Birmingham,Prince Hotel,guest_house,524.734.995,-19.543.996,,
Birmingham,Madeira Hotel,hotel,524.141.932,-19.578.946,,
Birmingham,Homelea Guest House,guest_house,524.515.144,-17.714.354,,
Birmingham,Henlon House,guest_house,525.089.495,-19.135.228,,
Birmingham,Alcombe House,guest_house,524.771.853,-18.078.733,,Alcombe House Ltd
Birmingham,Aloft,hotel,52.485.851,-18.852.174,,
Birmingham,Travelodge,hotel,525.024.558,-17.749.545,,
Birmingham,Pebble Cottage Guest House,guest_house,524.692.277,-17.553.663,,
Birmingham,Grand Hotel,hotel,524.818.267,-18.996.268,,
Birmingham,The Briar Rose,hotel,52.479.906,-19.001.322,,
Birmingham,Bournville Bed And Breakfast,hotel,52.424.488,-19.343.026,,
Liverpool,Radisson Blu,hotel,534.106.995,-29.964.996,,
Liverpool,Grove House Hotel,hotel,534.296.992,-30.639.038,,
Liverpool,Holiday Inn Express,hotel,533.988.997,-29.930.873,,
Liverpool,Premier Inn,hotel,5.339.931,-29.914.015,,
Liverpool,Campanile,hotel,533.953.151,-29.847.774,,
Liverpool,Mercure,hotel,534.074.661,-29.951.992,0.75,
Liverpool,Green Park Hotel,hotel,533.897.807,-29.302.644,,
Liverpool,Leasowe Castle Hotel,hotel,53.418.497,-31.080.131,,
Liverpool,City B&B,guest_house,534.173.682,-29.995.206,,
Liverpool,Parr Street Hotel,hotel,534.014.597,-29.788.895,,
Liverpool,Staybridge Suites,hotel,533.976.684,-29.897.108,,
Liverpool,Black Lion Guest House,guest_house,533.654.634,-30.013.244,,
Liverpool,Leonardo Hotels,hotel,53.398.137,-2.989.904,,
Liverpool,Hope Street Hotel,hotel,534.010.763,-2.971.017,,
Liverpool,RiverHill Hotel and Bay Tree Restaurant,hotel,533.786.812,-304.866,,
Liverpool,Hatters Hostel,hostel,534.038.392,-29.745.177,,
Liverpool,Days Inn,hotel,534.047.575,-29.920.507,,
Liverpool,International Inn,hostel,534.021.058,-29.712.776,,
Liverpool,The Racquet Club,hotel,534.073.204,-29.940.997,,
Liverpool,The Station,hotel,533.941.688,-3.014.458,,
Liverpool,Holiday Inn Express,hotel,534.634.188,-28.763.378,,
Liverpool,Hallmark Inn Liverpool,hotel,534.038.999,-29.713.703,,
Liverpool,Travelodge,hotel,534.410.741,-30.456.698,,
Liverpool,The Royal Oak Hotel,hotel,533.329.975,-29.762.236,,
Liverpool,Queen's Royal Hotel,hotel,534.398.775,-30.433.668,,
Liverpool,Hampton,hotel,53.398.524,-29.862.034,0.5,Hilton
Liverpool,Royal Chambers,hotel,534.106.312,-29.663.666,,
Liverpool,Breeze Guest House,guest_house,534.498.998,-29.837.622,,
Liverpool,Premier Inn,hotel,533.825.985,-31.085.469,,Premier Inn
Liverpool,Russell Hotel,hotel,534.092.184,-30.189.255,,
Liverpool,Somersby Guest House,guest_house,533.882.922,-28.982.351,,
Liverpool,Ibis Styles,hotel,534.084.783,-29.877.493,,
Liverpool,Premier Inn,hotel,53.489.739,-29.570.225,,
Liverpool,"Tune Hotel - Liverpool, City Centre",hotel,534.068.176,-29.909.582,,
Liverpool,Embassie,hostel,533.986.182,-29.638.423,,
Liverpool,Hard Days Night Hotel,hotel,534.059.891,-2.988.174,,
Liverpool,Pullman Hotel,hotel,533.959.932,-2.990.122,,
Liverpool,Aloft Liverpool Hotel,hotel,534.075.333,-29.894.092,,
Liverpool,Adagio,hotel,534.048.461,-29.793.412,,
Liverpool,Monument Building Pierhead Housing,hostel,534.090.221,-29.712.716,,
Liverpool,Z Hotel,hotel,534.073.933,-29.897.391,,Z Hotels
Liverpool,Liverpool Inn,hotel,534.048.466,-2.977.414,,
Liverpool,,guest_house,534.021.739,-29.771.999,,
Liverpool,Woodlands,guest_house,533.244.298,-29.711.092,,
Liverpool,The Arc Hotel,hotel,534.297.469,-29.563.642,,
Liverpool,Liverpool Gateway B&B,guest_house,534.101.459,-29.169.368,,
Liverpool,Abbeyfield Guesthouse,guest_house,533.618.798,-29.026.347,,
Liverpool,Crowne Plaza,hotel,533.476.899,-28.806.538,,
Oxford,Holiday Inn Express: Kassam Stadium,hotel,517.153.364,-12.063.054,,
Oxford,Travelodge,hotel,51.741.965,-11.156.752,,
Oxford,Eurobar Café & Hotel,hotel,517.535.744,-12.626.889,,
Oxford,St Michael's Guest House,guest_house,517.533.041,-12.602.209,,
Oxford,The Dog House,guest_house,516.851.205,-13.506.878,,
Oxford,Kingfisher Barn B&B,hotel,516.674.332,-12.719.612,,
Oxford,Lakeside Guest House,guest_house,517.411.994,-1.254.826,,
Oxford,Sportsview Guest House,guest_house,517.416.709,-12.550.628,,
Oxford,The Oxford Townhouse,guest_house,517.422.057,-12.553.698,,
Oxford,Newton House Guest House B & B,guest_house,517.424.143,-12.555.408,,
Oxford,Rasa Sayang House,guest_house,517.453.494,-12.403.193,,
Oxford,Remont,hotel,517.846.803,-12.692.663,0.75,
Oxford,Cotswold House Bed & Breakfast,hotel,517.843.813,-12.690.137,,
Oxford,Crown & Thistle,hotel,516.696.766,-12.802.156,,
Oxford,Acorn Guest House,guest_house,517.404.937,-12.367.292,,
Oxford,No. 192 Oxford,guest_house,517.431.477,-1.239.485,,
Oxford,Manor House Hotel,hotel,517.409.649,-12.372.319,,
Oxford,Highfield House,guest_house,517.288.989,-12.247.043,,
Oxford,Galaxie Hotel,hotel,517.752.805,-12.637.606,,
Oxford,Arden Lodge,hotel,517.885.364,-12.748.419,,
Oxford,Travelodge,hotel,517.948.807,-1.282.769,,Travelodge
Oxford,,guest_house,518.223.873,-12.368.993,,
Oxford,Central Backpackers Oxford,hostel,517.528.733,-12.657.992,,
Oxford,White House View,guest_house,517.434.877,-12.567.105,,
Oxford,Burleigh Farm,guest_house,51.813.522,-13.488.999,,
Oxford,Old Bank Hotel,hotel,51.752.499,-12.531.731,,
Oxford,Vanbrugh House Hotel,hotel,517.534.411,-12.597.452,,
Oxford,George Oxford Hotel,hotel,5.175.363,-12.602.735,,
Oxford,Tower House,hotel,51.753.825,-12.571.883,,
Oxford,The Burlington House,guest_house,517.825.153,-12.671.177,,
Oxford,Ethos Hotel,hotel,517.446.737,-12.588.846,,
Oxford,Premier Inn,hotel,517.515.754,-12.966.188,,
Oxford,Browns,guest_house,517.396.914,-12.353.167,,
Oxford,High Hedges Guest House,guest_house,517.495.659,-13.032.424,,
Oxford,Premier Inn,hotel,51.731.321,-1.203.597,,
Oxford,St. Margarets hotel,hotel,517.677.206,-12.627.781,,
Oxford,George Street Hotel,hotel,517.536.825,-12.597.772,,
Oxford,The Jericho Hotel,hotel,517.571.102,-12.661.169,0.0,
Oxford,Conifers Guest House,guest_house,517.519.182,-12.051.864,,
Oxford,Cross Guest House,guest_house,51.752.422,-12.573.984,,
Oxford,Premier Inn,hotel,518.298.919,-13.119.974,,
Oxford,Adams guest house,guest_house,51.779.143,-1.265.299,,
Oxford,The Buttery Hotel,hotel,517.541.284,-12.576.228,,
Oxford,Botley Town House,guest_house,517.525.366,-12.825.044,,
Oxford,Mount Pleasant Hotel,hotel,517.592.093,-12.136.312,,
Oxford,Henry's,hotel,517.532.822,-12.603.158,,