city,name,type,latitude,longitude,elevation
London,Ecology Centre,nature_reserve,515.024.281,-2.060.134,
London,,peak,515.356.984,-1.278.914,22
London,,peak,515.343.778,-1.267.216,19
London,Mill Hill,peak,514.686.516,-2.385.855,
London,Parliament Hill,peak,515.596.469,-1.597.557,93
London,Westbere Copse,nature_reserve,515.530.546,-2.065.931,
London,Primrose Hill,peak,51.539.538,-1.607.567,64
London,Olympic Rings,peak,515.488.938,-166.157,
London,Park Hill,peak,515.422.296,-2.416.758,
London,,park,515.005.211,-1.029.628,
London,,park,515.002.933,-1.026.154,
London,Birdwatch,park,514.768.333,-1.969.465,
London,Sydenham Hill,peak,514.326.038,-72.322,112
London,Hampstead Heath,peak,515.629.033,-179.536,
London,Forest Hill,peak,514.443.899,-587.885,
London,Levita House Plantation,park,515.292.528,-1.288.306,
London,,park,515.023.583,-1.042.636,
London,,peak,515.515.997,-99.658,
London,Mabley Edible Garden,park,515.498.054,-322.818,
London,Bird watching area,park,515.303.758,-1.557.897,
London,,peak,514.799.852,-1.587.731,
London,,peak,514.811.945,-1.656.426,
London,Bug Hotel,nature_reserve,515.210.896,9.216,
London,,peak,51.525.624,-37.455,
London,,peak,515.489.356,-162.089,
London,,peak,515.460.465,-17.723,
London,The Mound,peak,514.989.711,-1.463.617,
London,Lambeth Walk Doorstep Green,park,514.926.499,-1.129.881,
London,,park,514.750.744,-1.161.183,
London,Anthill Yellow Meadow Ants,nature_reserve,515.836.775,-1.321.379,
London,Laburnum Close Green,park,51.475.998,-563.023,
Manchester,Priory Gardens,peak,534.306.802,-23.054.692,
Manchester,Parrenthorn,peak,535.433.182,-22.604.216,
Manchester,Clarkes Hill,peak,53.546.379,-23.207.244,136
Manchester,Lily Lane park,park,535.105.476,-21.967.313,
Manchester,Didsbury Community Orchard,park,53.411.302,-22.335.461,
Manchester,Royle Basin,park,534.873.673,-22.172.354,
Manchester,Langworthy Park,park,534.843.536,-22.941.636,
Birmingham,Old Bury Hill,peak,525.011.112,-20.356.886,214
Birmingham,Warley Hill,peak,524.808.971,-19.990.627,228
Birmingham,Barnford Hill,peak,52.485.157,-20.056.175,207
Birmingham,Barr Beacon,peak,52.574.284,-19.117.596,227
Birmingham,Flight watch area,park,524.672.498,-17.630.464,
Birmingham,City Centre Gardens,park,52.480.244,-19.084.747,
Birmingham,Carrs Lane Park,park,524.796.848,-18.933.935,
Birmingham,Pigeon Park,park,52.481.202,-18.997.164,
Birmingham,Galton Bridge,park,525.021.108,-19.804.282,
Birmingham,Lightwoods Hill,peak,524.695.095,-19.880.909,236
Liverpool,The Dips,park,534.369.747,-3.064.821,
Liverpool,Upton Meadow,park,533.821.167,-31.066.329,
Liverpool,Arno Hill,park,533.774.035,-30.467.478,
Liverpool,New Ferry Butterfly Park,nature_reserve,533.590.809,-30.034.464,
Liverpool,Bidston Hill,peak,534.011.907,-3.073.854,70
Liverpool,Woolton Hill,peak,533.797.385,-28.737.442,
Liverpool,Prenton Hill,peak,533.670.492,-30.389.468,81
Liverpool,Camp Hill,peak,533.714.041,-28.696.879,
Liverpool,Everton Brow,peak,534.195.248,-29.691.419,70
Liverpool,Gorse Hill,peak,53.434.685,-30.492.428,57
Liverpool,Mossley Hill,peak,533.761.144,-29.209.531,
Liverpool,Ditton Lane Nature Area,nature_reserve,534.120.365,-31.106.758,
Liverpool,"Rupert Lane Recreation Ground, Everton Park",park,53.420.121,-29.702.369,
Liverpool,"Brow Side Gardens, Everton Park",park,534.232.048,-29.717.818,
Liverpool,"Whitley Gardens, Everton Park",park,534.158.512,-29.681.258,
Liverpool,BAAP22 Open land between Irlam Road and the Asda Store,park,534.519.956,-29.987.357,
Oxford,Shotover Hill,peak,51.752.216,-11.865.909,171
Oxford,Castle Hill,peak,517.359.322,-11.257.175,
Oxford,Pickett's Heath,peak,517.237.311,-13.031.152,164
Oxford,Hurst Hill,peak,51.733.777,-13.108.956,158
Oxford,,peak,517.391.704,-13.040.778,146
Oxford,,park,518.290.917,-13.138.285,
Oxford,Beacon Hill,peak,517.685.432,-13.525.622,133
Oxford,Windmill Hill,peak,516.822.225,-12.013.637,105
Oxford,Wytham Hill,peak,517.710.989,-13.363.011,164.9
Oxford,Boars Hill,peak,517.155.357,-12.887.253,133
Oxford,Red Hill,peak,51.762.133,-11.531.507,130
Oxford,Beckley Hill,peak,517.914.539,-11.860.819,141
Oxford,Drun's Hill,peak,517.985.133,-12.140.658,87
Oxford,Wadley Hill,peak,517.845.826,-1.196.388,
Oxford,Lyme Hill,peak,517.912.984,-12.018.786,
Oxford,Thorn Hill,peak,517.532.056,-1.172.082,154