city,name,type,latitude,longitude,elevation
Paris,Square Georges Contenot,park,488.373.537,23.964.048,
Paris,,park,48.895.073,24.566.253,
Paris,Le Génie de la Liberté,park,488.531.664,23.691.393,
Paris,Montagne Sainte-Geneviève,peak,488.446.766,23.472.341,61
Paris,Belleville,peak,488.744.185,23.994.029,128.64
Paris,,park,48.782.421,22.815.292,
Paris,Théâtre de Verdure,park,48.877.012,22.429.323,
Paris,cour du Bon conseil,park,488.488.403,23.080.453,
Paris,Butte aux Papillons,peak,488.563.619,24.531.938,
Paris,,peak,488.578.723,24.542.539,
Paris,Jardin Espérance,park,489.055.057,23.856.873,
Paris,Butte Montmartre,peak,488.869.202,23.417.173,130.53
Paris,Square des moineaux,park,488.539.643,24.373.041,
Paris,Paris Eiffel Tower,park,488.582.621,22.944.967,
Nice,Mont Macaron,peak,437.842.501,73.052.483,807
Nice,Mont Chauve d'Aspremont,peak,437.706.501,725.438,854
Nice,Le Reboisat,peak,437.620.427,72.893.138,543
Nice,Mont Alban,peak,437.010.634,72.999.595,223
Nice,Mont Bastide,peak,437.300.323,73.501.455,568
Nice,Mont Gros,peak,437.269.957,72.993.613,376
Nice,Mont Leuze,peak,43.720.877,73.236.782,577
Nice,,peak,437.420.564,72.543.538,398
Nice,Mont Chauve de Tourrette,peak,437.763.642,726.427,785
Nice,,peak,437.811.026,73.038.732,796
Nice,La Croix de Cuor,peak,437.971.941,72.387.887,744
Nice,Mont Boron,peak,436.899.274,7.300.812,192
Nice,Mont Barri,peak,43.796.555,72.456.873,818
Nice,Mont de l'Ubac,peak,437.679.513,72.955.646,652
Nice,Colline de Saint-Pierre,peak,437.219.255,72.280.062,245
Nice,Camp Lucéram,peak,437.561.482,7.355.589,523
Nice,Collet de Grisella,peak,437.130.714,72.030.275,117
Nice,Cime de l'Eurier,peak,437.981.481,72.439.109,802
Nice,Mont Fourche,peak,437.277.042,73.423.256,560
Nice,Colline de Pierrefeu,peak,437.888.951,73.056.107,768
Nice,Cicilia,peak,437.708.262,73.385.125,339
Nice,Mont Revel,peak,437.597.277,72.810.457,374
Nice,Colle du Mont Gros,peak,437.273.763,72.915.485,216
Nice,Pueï de la Madone,peak,437.983.034,72.671.516,562
Nice,Mont Vinaigrier,peak,437.144.372,73.074.624,371
Nice,Pointe de Rougier,peak,437.828.641,72.935.632,671
Nice,Collet du Baron,peak,437.497.862,72.108.724,299
Nice,Colline de Pessicart,peak,437.298.402,72.388.185,295
Nice,,peak,437.346.309,72.317.292,304
Nice,,peak,437.307.621,72.306.476,289
Nice,,peak,437.322.308,72.378.275,288
Nice,Collet des Étoiles,peak,437.235.402,72.054.156,
Nice,Collet de Roustan,peak,437.262.799,72.043.583,
Nice,Collet Sigaut,peak,437.543.154,72.121.744,
Nice,Colle de Saint-Isidore,peak,437.073.554,72.042.722,200
Lyon,Mont Cindre,peak,458.249.779,48.213.246,470
Lyon,Mont Thou,peak,458.416.216,47.972.667,609
Lyon,Mont Narcel,peak,458.394.262,4.786.651,582
Lyon,,park,457.640.492,47.619.404,
Lyon,Mont La Roche,peak,458.300.707,47.996.109,529
Lyon,gruyere,park,45.754.248,48.339.679,
Lyon,Esplanade Cadichon,park,457.810.983,47.392.547,
Lyon,Colline de Fourvière,peak,457.624.198,48.225.366,295
Lyon,La Bonne Maison,park,457.415.011,4.809.481,
Lyon,square Elisa Lemonier,park,45.749.692,48.605.579,
Lyon,Jardin du Presbytère,park,458.143.117,48.179.248,
Lyon,Micro-forêt des Alytes,nature_reserve,457.575.108,48.787.742,
Lyon,"Pendant l'été 2023, il y avait un un potager en auto-géré ici, ajd jsp si des gens continuent à entretenir.",park,457.709.292,48.341.085,
Marseille,Marseilleveyre,peak,432.232.832,53.718.692,432
Marseille,Mont Saint-Cyr,peak,432.596.253,54.653.655,610
Marseille,Mont Carpiagne,peak,432.537.051,54.705.172,646
Marseille,Sommet Ouest de l'Homme Mort,peak,432.233.807,53.834.648,374
Marseille,Signal Est de l'Homme Mort,peak,432.187.438,53.964.054,396
Marseille,Béouveyre,peak,432.232.693,53.641.186,366
Marseille,Tête de la Mounine,peak,432.196.212,53.720.228,354
Marseille,Pic de la Famille,peak,432.221.251,5.358.555,288
Marseille,Rocher Saint-Michel d'Eau Douce,peak,432.164.594,53.644.926,323
Marseille,Rocher des Goudes,peak,432.144.812,53.610.594,257
Marseille,,peak,432.681.943,54.350.619,230
Marseille,Pointe Piazza,peak,432.202.555,53.551.359,226
Marseille,Tête du Miougranier,peak,432.186.594,53.616.311,276
Marseille,Pointe Callot,peak,432.210.969,53.747.442,346
Marseille,La Mitre,peak,432.244.781,53.681.484,
Marseille,Tête de la Melette,peak,432.158.245,53.927.553,
Marseille,Aiguille de la Melette,peak,432.160.551,53.929.108,356
Marseille,Butte de la Pinède,peak,433.683.183,53.206.014,190
Marseille,Têtes de Malvallon,peak,432.157.395,53.827.067,
Marseille,La Bougie,peak,432.149.432,53.895.547,
Marseille,Aiguille Charlotte,peak,432.262.832,54.206.423,161
Marseille,Promontoire de l'Escu,peak,432.122.504,53.889.732,
Marseille,Mont de Luminy,peak,432.249.483,54.264.419,288
Marseille,Aiguille Bompard,peak,43.214.672,53.879.298,
Marseille,Tour Carrée des Walkyries,peak,432.158.856,5.390.389,
Marseille,Signal Sud de l'Homme Mort,peak,432.180.539,53.870.113,391
Marseille,Grand Chameau,peak,432.210.329,53.968.046,
Marseille,Montagne de l'Aigle,peak,432.344.838,5.393.948,254
Marseille,Mont Sainte-Croix,peak,432.666.406,54.386.051,319
Marseille,Mont Rouvière,peak,432.604.901,54.294.347,231
Marseille,Roc de la Croix,peak,432.800.184,54.718.351,302
Marseille,,peak,432.210.311,54.110.786,243
Marseille,Sommet de l'Île Maïre,peak,432.110.343,53.350.344,141
Marseille,Tiboulen de Maïre,peak,432.140.185,53.266.472,20
Marseille,Sommet de l'Île Pomègues (Frioul),peak,432.647.425,52.896.796,66
Marseille,Sommet de l'Île Ratonneau (Frioul),peak,432.836.228,53.077.845,58
Marseille,Île d'If,peak,432.799.325,53.253.867,86
Marseille,Pic des Gabians,peak,432.113.498,53.381.388,100
Marseille,Aiguille des Baumettes,peak,432.275.815,54.197.365,222
Marseille,Sommet des Escampons,peak,432.287.349,54.229.571,286
Marseille,Mont Rose,peak,432.305.937,53.525.458,60
Marseille,Fortin de Goudes,peak,432.165.518,53.490.753,50
Marseille,Mont Redon,peak,432.422.472,54.320.337,
Marseille,Monts de la Gineste,peak,432.439.725,54.521.595,364
Marseille,Sommet du plateau de la Mounine,peak,432.129.103,53.704.399,
Marseille,,peak,432.670.764,54.394.498,
Marseille,,park,433.029.225,54.023.074,
Marseille,,peak,432.535.066,54.426.079,230
Marseille,,peak,432.228.943,53.715.988,478
Marseille,,peak,432.328.582,53.905.429,201
Marseille,,peak,432.424.574,54.178.477,234
Marseille,Jardin des Héros,park,433.021.832,53.838.605,
Toulouse,Friche maraîchère Daurat,park,435.738.576,14.031.297,
Toulouse,"îlot de biodiversité (gîtes, nichoirs...)",nature_reserve,436.465.357,15.307.144,
Toulouse,Patio du café,park,435.784.011,1.400.096,
Toulouse,Wam Park - Toulouse - Sesquières,park,436.513.852,14.196.737,
Toulouse,,park,436.220.498,14.331.301,
Toulouse,Odyssud,park,436.327.381,13.898.805,
Toulouse,les bancs sous l'arbre,park,435.817.226,13.983.258,