city,name,type,latitude,longitude,stars,operator
Athens,Stanley,hotel,379.859.903,237.209.742,0.5,
Athens,Best Western Pythagorion,hotel,379.849.485,237.245.815,,
Athens,Arion Hotel,hotel,379.794.861,237.257.344,0.5,
Athens,Diethnes Hotel,hotel,379.936.932,23.722.085,,
Athens,,guest_house,379.276.397,237.016.405,,
Athens,,hotel,380.489.138,237.976.621,,
Athens,Civitel Attik Rooms & Apartments,hotel,380.479.675,237.981.851,,
Athens,O&B Athens Boutique Hotel,hotel,37.977.568,237.219.308,,
Athens,Phidias Hotel,hotel,37.975.091,23.719.504,,
Athens,Airotel Stratos Vassilikos,hotel,379.812.423,237.591.525,,
Athens,Acropolis Hill,hotel,379.669.114,237.233.233,,
Athens,Athens Atrium,hotel,379.544.953,237.177.851,,
Athens,Grand Hyatt Athens,hotel,379.575.936,237.183.913,,
Athens,Evripides Hotel,hotel,379.803.449,237.235.657,,
Athens,Piraeus Dream Hotel,hotel,379.421.561,236.444.089,,
Athens,,hotel,379.809.718,237.382.583,,
Athens,Athens Cypria Hotel,hotel,379.764.103,237.316.872,,
Athens,Athens Diamond Hotel,hotel,379.754.184,23.732.357,,
Athens,Athens Diamond Plus,hotel,379.754.369,237.325.305,,
Athens,Hotel Rio Athens,hotel,379.853.861,237.198.667,0.5,
Athens,Hotel Katerina,hotel,379.860.982,23.722.301,,
Athens,Minoa Hotel,hotel,379.860.296,237.229.119,,
Athens,Novus City Hotel,hotel,379.857.149,237.227.364,,
Athens,Metropolis Hotel,hotel,379.754.973,237.306.596,,
Athens,Jason Inn,hotel,379.786.484,237.206.047,0.5,
Athens,Amazon Hotel,hotel,379.751.747,237.318.635,,Best Western
Athens,Hotel Άθως,hotel,379.748.464,237.312.181,,
Athens,Radisson Blu Park Hotel,hotel,379.912.755,237.332.956,,
Athens,Frida,hotel,379.887.221,237.421.189,,
Athens,Praxitelous Luxury Suites,hotel,379.783.845,237.305.683,,
Athens,Candia Hotel,hotel,379.891.646,237.203.968,,
Athens,Φίλιππος,hotel,379.674.765,237.271.269,,
Athens,Apollo,hotel,379.851.639,237.199.791,,
Athens,GLS Boutique Πρίαμος,hotel,37.944.255,236.801.601,,
Athens,Ολύμπιον,hotel,380.571.727,237.321.249,,
Athens,Bora Bora,hotel,380.460.778,237.381.009,,
Athens,Athens International Youth Hostel,hostel,379.863.675,237.237.423,,
Athens,Central Athens Hotel,hotel,379.746.372,237.311.391,0.5,
Athens,Marina Hotel,hotel,379.835.077,237.241.026,,
Athens,Hotel Vienna,hotel,379.830.119,237.253.912,,
Athens,Sparta Team Hotel,hotel,379.817.126,237.245.319,0.0,
Athens,SOHO Hotel,hotel,379.819.766,23.724.622,,
Athens,Chic,hotel,3.798.264,237.250.907,,
Athens,Athens Way,hotel,379.837.238,237.379.061,,
Athens,Airotel Alexandros Hotel,hotel,379.834.922,237.572.172,,
Athens,Hotel Solomou,hotel,379.873.642,237.283.053,,
Athens,Electra Hotel,hotel,379.756.392,237.330.117,,
Athens,Elikon,hotel,379.848.099,237.288.358,,
Athens,Hotel Alma,hotel,379.850.636,237.289.001,,
Athens,Polis Grand Hotel,hotel,379.855.075,237.295.063,0.75,
Athens,Αχιλλέας,hotel,379.769.689,237.318.105,,
Athens,Student and Travellers Inn,hostel,379.721.889,237.314.341,,
Athens,Anita Hotel Argo (Hotel Anita and Hotel Argo),hotel,379.455.867,236.476.266,,
Athens,Athens Center Square Hotel,hotel,379.803.037,237.262.938,,
Athens,Breeze Boutique,hotel,379.863.513,237.276.663,,
Athens,Electra,hotel,379.465.435,236.435.212,,
Athens,Σπάρτη,hotel,379.470.682,236.438.418,,
Athens,Athens Quinta Hostel,hostel,379.847.929,237.389.369,,
Athens,Acropolis Vision,guest_house,379.756.528,237.192.632,,
Athens,Ερεχθείον,hotel,379.739.944,237.194.578,,
Athens,Αρετούσα,hotel,379.753.125,237.330.644,,
Athens,Pan,hotel,379.751.719,237.325.934,,
Athens,Athens market portrait boutique hotel,hotel,379.800.243,237.264.275,,
Athens,Delta Hotels,hotel,379.869.841,237.192.258,,
Athens,Best Western Plus Embassy Hotel,hotel,379.653.906,237.332.475,,
Athens,Best Western Plus Embassy Hotel,hotel,379.839.037,237.559.878,,
Athens,Hotel Division,hotel,379.519.022,236.893.856,,
Athens,Coral,hotel,379.249.086,236.920.317,,
Athens,Hotel Tropical,hotel,379.048.237,237.191.185,,
Athens,Poseidon Hotel,hotel,379.188.373,237.011.474,,
Athens,Hotel Astor,hotel,379.765.932,237.324.181,,
Athens,Faros,hotel,379.392.989,236.427.647,,
Athens,Eridanus,hotel,379.799.848,237.183.551,,
Athens,Park,hotel,379.400.979,236.435.044,,
Athens,Hotel Helleniko,hotel,379.043.389,237.193.971,,
Athens,Phidias,hotel,379.395.759,236.471.429,,
Athens,Adrian,hotel,379.747.256,237.277.788,,
Athens,Noufara,hotel,379.416.976,236.461.203,,
Athens,San Remo,hostel,379.887.168,237.204.109,,
Athens,Athens Studios,hostel,379.672.926,237.287.193,,
Athens,Giorgio,hotel,380.575.883,237.303.542,,
Athens,Ikaros,hotel,379.466.662,236.427.499,,
Athens,The Athenian Callirhoe,hotel,379.655.827,237.294.229,,
Athens,Hera Hotel,hotel,379.671.185,237.291.666,,
Athens,Gallery central,hotel,379.473.414,236.447.303,,
Athens,Cecil,hotel,379.792.725,23.726.566,,
Athens,Athens 21,hotel,379.778.713,23.726.313,,
Athens,Ανεμώνη,hotel,379.447.795,236.493.396,,
Athens,Best Western My Athens Hotel,hotel,379.837.194,237.231.814,,
Athens,Diros Hotel,hotel,379.843.808,237.257.975,,
Athens,Exarchion Hotel,hotel,379.861.992,237.343.484,,
Athens,Athens La Strada,hotel,379.756.573,237.307.356,,
Athens,St George Lycabettus Boutique Hotel,hotel,379.794.224,2.374.248,,
Athens,Acropolis Select Hotel,hotel,379.658.826,237.276.032,,
Athens,Hotel Marousi,hotel,38.048.288,23.797.237,,
Athens,Boutique Apartments,guest_house,379.801.006,237.232.667,,
Athens,Pella Inn,hostel,379.771.471,237.236.831,,
Athens,Cosmos,hotel,37.986.652,237.223.733,,
Athens,Dorian inn Hotel,hotel,379.828.685,237.256.438,,
Athens,Ariston,hotel,37.990.745,237.206.779,,
Athens,Επίδαυρος,guest_house,379.839.119,237.247.226,,
Athens,Piraeus Port Hotel,hotel,379.468.473,236.486.583,,
Athens,Athens house,hostel,379.865.331,237.274.632,,
Athens,Jimmy's Home,guest_house,379.698.978,237.522.367,,
Athens,Φοίβος Hotel,hotel,379.477.995,236.737.675,,
Athens,Attiki Evans Hotel,hotel,379.866.182,237.410.226,,
Athens,,guest_house,379.578.856,237.597.368,,
Athens,,hostel,380.071.793,237.115.978,,
Athens,Omiros,hotel,379.746.548,237.317.181,0.5,
Athens,Νίκη,hotel,379.470.969,236.475.988,,
Athens,Acropole,hotel,379.459.781,236.431.818,,
Athens,Delice Family Apartments,hotel,379.745.177,237.508.356,,
Athens,Electra Metropolis Hotel,hotel,379.751.863,237.321.504,,
Athens,,guest_house,380.394.838,237.140.289,,
Athens,Balasca Hotel,hotel,379.905.997,23.723.761,,
Athens,Diethnes,hotel,379.936.887,237.219.502,,
Athens,Chameleon,hostel,379.749.196,237.172.696,,
Athens,,guest_house,379.911.265,238.027.243,,
Athens,,guest_house,37.995.056,2.373.229,,
Athens,,hotel,37.988.218,237.265.361,,
Athens,The House,hotel,379.797.721,237.135.552,,
Athens,Athens Lotus Hotel,hotel,379.875.778,237.230.839,,
Athens,Malliott Xenofontos,hotel,379.744.265,237.332.048,,
Athens,Malliott Apartment,hotel,379.745.368,237.330.061,,
Athens,Olivia House,hotel,379.369.945,236.437.068,,
Athens,,guest_house,379.739.726,237.540.978,,airbnb
Athens,Λωζάνη,hostel,379.870.202,237.270.556,,
Athens,papa,hotel,379.809.921,237.242.989,,
Athens,Mary Plaza,hotel,379.446.578,236.776.892,,
Athens,amjid shb,hotel,379.752.945,237.164.151,,
Athens,,guest_house,379.862.791,237.191.489,,
Athens,hoteli,hotel,379.790.703,237.212.374,,
Athens,,guest_house,379.387.981,236.412.359,,
Athens,Acropolis Stay,hotel,379.667.469,23.729.049,,
Athens,Mansion Hotel,hostel,379.853.441,237.266.428,,
Athens,18 Micon str,hotel,379.780.702,237.238.182,,
Athens,Fix,hotel,379.652.083,23.727.242,,
Athens,,hostel,379.818.734,237.199.734,,
Athens,360 degrees hotel,hotel,379.771.303,237.255.787,,
Athens,Plaka,hotel,379.757.767,237.282.964,0.5,
Athens,Hotel Zen,hotel,379.053.233,237.193.281,,
Athens,Γαλήνη,hotel,379.428.237,236.612.108,,
Athens,Sfiggos 54 Guest House,guest_house,379.562.988,237.194.004,,
Athens,Soho,hotel,379.831.838,23.727.924,,
Athens,,hostel,379.556.561,23.728.459,,
Athens,,guest_house,379.613.362,237.196.425,,
Athens,Zorbas Hotel,hostel,379.926.467,237.307.308,,
Athens,Hotel Nefeli,hotel,379.098.136,237.147.881,,
Athens,Acropolis View hotel,hotel,379.688.149,237.239.369,,
Athens,,guest_house,379.651.906,237.339.423,,
Athens,Alter Athens,hotel,379.869.736,23.740.311,,
Athens,Sweet home,hotel,379.749.136,237.312.248,,
Athens,Kimon Athens Hotel,hotel,379.745.699,237.303.478,,
Athens,Filon,hotel,379.393.109,236.416.937,,
Athens,Emirates,hotel,379.604.226,237.207.645,,
Athens,Elia Ermou,hotel,379.758.706,237.318.334,,
Athens,Mansion,hotel,380.139.227,236.471.521,,
Athens,Athens Hawks,hostel,379.818.437,237.245.779,,
Athens,Lotus Inn,hotel,379.770.534,237.248.939,,
Athens,Syngrou Fix,hotel,379.636.144,237.250.811,,
Athens,,hotel,379.671.068,237.276.764,,
Athens,AS City Hostel,hostel,379.569.959,237.373.817,,
Athens,hotel jippie,hotel,37.989.398,237.210.727,,
Athens,14 reasons why,hotel,379.780.318,23.725.114,,
Athens,Pame,hotel,379.780.413,237.251.125,,
Athens,Crafoord Place,hostel,379.725.208,237.340.645,,
Athens,Ξενώνας Νεότητας Παγκρατίου,hostel,379.654.846,237.485.698,,
Athens,Nubian Hostel,hostel,379.843.263,237.371.792,,
Athens,Cosmopolit,hotel,379.852.431,237.277.032,0.25,
Athens,,hotel,379.780.448,237.041.513,,Kika
Athens,Niche,hotel,379.670.943,237.303.426,,
Athens,,hotel,379.662.186,23.725.306,,
Athens,Aristo,hotel,37.986.943,237.275.435,,
Athens,Art Hotel Athens,hotel,379.876.277,237.277.278,,
Athens,Pallada Athens,hotel,379.784.074,237.256.448,,
Athens,Αρτεμίσιον,hotel,379.856.063,237.287.097,,
Athens,Downtown lofts,hotel,379.783.436,237.226.213,,
Athens,Brown Acropol Athens,hotel,379.836.154,237.273.098,,
Athens,URBAN VILLAS AND SUITES,hotel,379.051.363,237.188.633,,
Athens,Scale Suites,hotel,379.088.353,237.205.095,,
Athens,Central stay,hostel,379.780.113,237.230.656,,
Athens,Live in Athens,hostel,379.784.264,237.245.811,,
Athens,,guest_house,379.715.882,237.464.523,,
Athens,Play Hotel,hotel,379.806.332,23.725.545,,
Athens,The Gem Society Boutique Hotel & Spa,hotel,379.798.455,237.297.111,,
Athens,Blend,hotel,379.788.051,237.280.053,,
Athens,Hotel Perianth,hotel,379.774.713,237.284.206,,
Athens,The Convo 336,hotel,379.434.867,236.849.089,,
Athens,NLH Monastiraki - Neighborhood Lifestyle Hotel,hotel,379.789.179,23.726.569,,
Athens,Exis,hotel,38.002.672,237.332.557,,
Athens,Victory Inn Hotel,hotel,379.960.973,237.342.383,,
Athens,When in Athens,hostel,379.838.729,23.736.994,,
Athens,ΙNOH,hotel,380.037.924,237.327.205,,
Athens,44 Athens,hotel,379.830.098,237.600.049,,
Athens,,hotel,379.810.387,237.400.663,,
Athens,Acropolis Ami Boutique Hotel,hotel,37.964.507,237.304.523,,
Athens,Hotel Nefeli,hotel,379.729.825,237.313.831,,
Athens,City Circus Athens,hostel,379.795.707,237.232.972,,
Athens,,hotel,37.983.949,237.243.485,,
Athens,,hotel,379.839.883,237.243.637,,
Athens,Wyndham Grand Athens Residence & Suites,hotel,379.855.123,237.209.488,,
Athens,,hotel,37.982.925,2.372.471,,
Athens,Athens Prime Hotel Classic,hotel,379.780.171,237.304.356,,
Athens,Pure Athens prime hotels,hotel,37.978.048,237.286.191,,
Athens,Christiana,hotel,379.855.538,237.272.164,,
Athens,The Alassia,hotel,37.984.987,237.270.647,,
Athens,Belle Epoque Suites,hotel,379.780.042,23.730.723,,
Athens,,hotel,379.707.605,23.730.667,,
Athens,Bedway Hostel Athens,hostel,379.583.448,237.301.312,,
Athens,Athens signature hotel,hotel,379.655.244,237.310.282,,
Athens,Vergina,hotel,379.863.058,237.250.849,,
Athens,Golden City,hotel,379.864.496,237.252.967,,
Athens,Urban Frame Hotel,hotel,379.657.406,237.300.449,,
Athens,,hotel,379.824.553,237.282.942,,
Athens,Athenaeum,hotel,379.587.481,237.186.169,,
Athens,AboV Athens,hotel,379.757.663,237.303.824,,
Athens,,hostel,379.866.985,23.725.364,,
Athens,athensdot,hotel,379.798.087,237.243.168,,
Athens,,guest_house,379.856.773,237.551.743,,
Athens,Acropolis City Life Boutique Hotel,hotel,379.772.276,237.246.068,,
Athens,Athens Hub Hostel,hostel,379.780.212,237.258.814,,
Athens,The Artisan Suites,hotel,379.777.314,237.252.817,,
Athens,Selina Theatrou Athens,hotel,379.808.307,237.252.141,,
Athens,Urban Nest,guest_house,379.781.403,237.247.514,,
Athens,Athensotel,hotel,379.778.634,237.259.152,,
Athens,MET34,hotel,37.975.532,237.314.351,,
Athens,The Fountain Athens,hotel,379.781.983,237.256.648,,
Athens,,hotel,379.795.686,237.258.347,,
Athens,Dynasta Central Suites,hotel,37.978.347,237.302.252,,
Athens,Psiri,hotel,379.813.896,237.263.668,,
Athens,Hotel Economy,hotel,379.815.909,237.266.241,,
Athens,Old Town Hall Suites and Apartments,hotel,379.821.009,237.266.265,,
Athens,Neapolis 1897,hotel,379.851.293,237.390.804,,
Athens,,hotel,379.780.556,237.240.156,,
Athens,,hotel,379.781.906,237.241.563,,
Athens,Philosofia Athens Suites,hotel,37.980.703,237.306.294,,
Athens,Mosaikon,hostel,379.777.318,237.284.494,,
Athens,Apollo Palm,hotel,379.793.533,237.224.276,,
Athens,The Foundry Suites,hotel,379.785.993,237.218.383,,
Athens,Loom,hotel,379.820.744,237.146.852,,
Athens,Mona,hotel,379.776.393,237.260.542,,
Athens,La Divina,hotel,379.768.339,237.215.607,,
Athens,Newel Metaxourgeio,hotel,379.878.029,237.224.414,,
Athens,Acro&Polis,guest_house,379.729.632,237.289.656,,
Athens,Iconic Athens Hostel,hostel,379.798.574,237.120.111,,
Athens,Plexi Space,hotel,37.979.987,237.132.003,,
Athens,Athens Mosaico,hotel,379.875.688,237.208.611,,
Athens,Mona Hôtel,hotel,379.768.639,237.279.048,,
Athens,The Frogs Guesthouse,hotel,379.787.875,237.249.222,,
Athens,Anise,hotel,379.805.745,237.237.217,,
Athens,ibis Styles Athens Routes,hotel,379.593.385,237.343.217,,
Athens,Acropolis House,hotel,379.733.785,237.320.714,,
Athens,Esse Athens,hotel,379.744.188,237.293.244,,
Athens,Retroverse Hostel,hostel,379.850.787,237.304.722,,
Athens,Heritage Hill Hotel,hotel,379.624.556,237.243.181,,
Thessaloniki,Hotel Olympia,hotel,40.639.015,229.449.653,,
Thessaloniki,Egnatia Hotel,hotel,406.397.366,229.398.205,,
Thessaloniki,Capsis Hotel,hotel,406.420.312,229.326.942,0.75,
Thessaloniki,Holiday Inn,hotel,406.414.956,229.337.546,1.0,
Thessaloniki,The Tobacco Hotel,hotel,406.425.088,229.399.009,0.75,
Thessaloniki,a.d. Imperial Palace Hotel,hotel,40.639.766,229.394.059,0.75,otel
Thessaloniki,Hotel Ζαλίκη,hotel,406.383.497,2.294.253,0.75,
Thessaloniki,Pella Hotel,hotel,406.393.929,22.942.434,,
Thessaloniki,Hotel Esperia,hotel,406.395.484,229.434.279,,
Thessaloniki,Ατλαντίς,hotel,406.390.018,229.376.903,,
Thessaloniki,REX,hotel,406.421.963,229.312.044,0.25,
Thessaloniki,Vergina,hotel,406.416.182,22.932.452,0.5,
Thessaloniki,The Met,hotel,406.406.608,229.204.348,,
Thessaloniki,Hotel Nefeli,hotel,405.919.015,230.327.833,,
Thessaloniki,Hotel Nea Metropolis,hotel,406.385.369,229.409.903,,
Thessaloniki,Kripis Studio Thessaloniki,guest_house,406.401.126,229.560.776,,
Thessaloniki,Hotel Bristol,hotel,406.344.457,229.374.407,1.0,
Thessaloniki,Hotel Kastoria,guest_house,406.387.365,229.381.894,,
Thessaloniki,Άτλας,hotel,406.380.426,229.396.494,,
Thessaloniki,Εμπορικον,hotel,406.380.123,229.404.894,,
Thessaloniki,Ξενοδοχείο Βυζάντιο,hotel,406.684.575,229.631.244,,
Thessaloniki,Hostel Arabas,hostel,406.442.209,22.944.136,,
Thessaloniki,thesshostel,hostel,406.471.936,229.271.394,,
Thessaloniki,colors,hotel,406.381.489,229.388.925,,
Thessaloniki,Rentrooms Thessaloniki,hostel,406.323.395,229.536.397,,
Thessaloniki,Hotel Villa Sevasti,hotel,406.250.244,229.725.496,,
Thessaloniki,ABC Hotel,hotel,406.306.162,229.532.408,,
Thessaloniki,Dom,hostel,406.916.306,228.575.108,,
Thessaloniki,City Hotel,hotel,406.339.294,229.400.408,,
Thessaloniki,Orestias Kastorias Hotel,hotel,406.380.487,229.474.551,,
Thessaloniki,Modern Revival,hotel,406.381.851,229.402.482,,
Thessaloniki,Σπίτι,guest_house,405.839.882,23.015.454,,
Thessaloniki,Α' Μονιμη,guest_house,406.366.663,229.426.499,,
Thessaloniki,,hotel,406.334.889,229.405.596,,
Thessaloniki,Airbnb Thesaloniki,hotel,406.160.691,229.556.353,,
Thessaloniki,,guest_house,406.325.452,229.501.591,,
Thessaloniki,,guest_house,406.306.556,229.472.107,,
Thessaloniki,,guest_house,40.606.757,229.538.325,,
Thessaloniki,,hostel,406.518.836,229.482.963,,
Thessaloniki,Πανόραμα,hotel,405.889.633,230.299.339,,
Thessaloniki,Telioni,hotel,406.427.226,229.389.226,,
Thessaloniki,STAY Hybrid Youth Hostel & Common Place,hostel,406.391.913,229.422.469,,
Thessaloniki,Colors Urban Hotel,hotel,406.351.125,229.390.899,,
Thessaloniki,The Caravan,hotel,406.378.514,229.415.194,,
Thessaloniki,,guest_house,40.565.911,22.962.903,,
Thessaloniki,,guest_house,406.358.714,229.509.111,,
Thessaloniki,City Plaza Apartments & Rooms,hotel,40.642.545,229.404.124,,
Thessaloniki,Jetpak Alternative,hostel,406.378.762,229.399.268,,
Thessaloniki,The Mood,hotel,406.362.187,229.384.057,,
Thessaloniki,Minerva Premier,hotel,406.377.993,229.400.276,,
Thessaloniki,Ηλύσια,hotel,406.385.334,229.386.022,,
Thessaloniki,Maroon Bottle Luxury e Suites,hotel,406.390.062,229.423.787,,
Thessaloniki,Plaza Hotel,hotel,406.353.207,229.361.281,,
Thessaloniki,Diamond Suites,hotel,406.352.136,229.359.532,,
Thessaloniki,Vanoro Hotel,hotel,406.392.654,229.358.901,,
Thessaloniki,Gatto Perso Luxury Studio Apartments,hotel,406.368.356,229.472.031,,
Thessaloniki,Υπηρεσίες,hostel,406.401.388,229.598.366,,
Thessaloniki,Φοιτητική Εστία Καλαμαριάς,hostel,405.664.224,229.606.899,,
Thessaloniki,Antigon Urban Chic Hotel,hotel,406.398.702,229.395.172,,
Thessaloniki,Zeus is Loose,hostel,406.370.813,229.433.331,,
Thessaloniki,Nouvelle ξενοδοχείο,hotel,407.020.842,22.940.605,,
Thessaloniki,Noa,hotel,40.635.042,229.357.448,,
Thessaloniki,Hôtel Bahar Boutique,hotel,406.360.415,22.938.092,,
Thessaloniki,CityDome,hotel,406.538.157,229.024.481,,
Thessaloniki,Welcome City Apartment PL,hotel,406.425.753,229.358.555,,
Santorini,youthhostel,hostel,364.216.091,254.315.441,,
Santorini,Studio Zannes,guest_house,363.522.153,254.693.302,,
Santorini,Imperial Med,hotel,363.945.394,254.843.359,,
Santorini,Shine,hotel,364.317.549,254.244.708,,
Santorini,El Greco Resort,hotel,364.109.096,25.435.041,,
Santorini,Hotel Karterados,hotel,364.106.541,254.471.221,,
Santorini,Pension George,hotel,364.109.283,254.471.291,,
Santorini,Pantheon Deluxe Villas,hotel,364.494.354,254.247.926,,
Santorini,Hotel Veggera,hotel,36.352.031,25.471.339,,
Santorini,Donna's House,guest_house,363.832.349,254.486.791,,
Santorini,Villa Elkaza,hotel,364.234.809,254.330.532,,
Santorini,Eleuftheria and John,guest_house,364.126.568,254.476.268,,
Santorini,Finikia Memories Hotel,hotel,364.613.803,253.954.291,,
Santorini,Blu Rooms,guest_house,363.614.446,253.947.346,,
Santorini,Villa Maria,guest_house,36.362.586,253.930.323,,
Santorini,Acroterra Rosa,guest_house,363.603.688,253.981.224,,
Santorini,Akrotiri Hotel,hotel,363.494.722,254.013.526,,Mathios Arvanitis
Santorini,Best Western,hotel,363.574.938,25.398.952,,
Santorini,Carlos,guest_house,363.582.962,253.983.345,,
Santorini,Hotel Mathios Village,hotel,363.590.851,254.015.385,0.5,
Santorini,Santorini Princess,hotel,363.607.979,254.149.742,,
Santorini,Afrodete Hotel,hotel,364.236.834,254.303.152,,
Santorini,Helen,hotel,3.635.201,254.584.237,,
Santorini,Santo Miramare Resort,hotel,363.415.286,254.554.123,,
Santorini,Black Rose,hotel,363.474.324,254.664.978,,
Santorini,Blue Diamond Bay,hotel,363.478.307,254.670.026,,
Santorini,Glaros Beach,guest_house,36.342.097,254.575.779,,
Santorini,Villa Clio,guest_house,363.500.683,254.649.123,,
Santorini,Villa Limnes,guest_house,363.493.706,254.659.401,,
Santorini,Kalimera,hotel,363.591.752,254.020.863,,
Santorini,Villa Rose,hotel,364.129.396,254.362.137,,
Santorini,Archontiko,hotel,364.162.763,254.307.152,,Archontiko Santorini
Santorini,Mediterranean Beach,hotel,363.997.825,254.863.437,,
Santorini,Mediterranean Royal,hotel,363.998.585,254.833.071,,
Santorini,Aegagros Caldera Houses,guest_house,363.814.298,254.298.374,,
Santorini,HOTEL KALISPERIS,hotel,363.938.291,25.449.419,,
Santorini,Grand View,hotel,363.740.693,254.250.387,,
Santorini,Athermi Suites,hotel,363.736.596,254.252.231,,
Santorini,Meli Meli Accommodation,hotel,364.385.304,254.254.452,,
Santorini,Tania Villa,hotel,364.258.584,254.301.787,,
Santorini,Georgia Rooms,guest_house,364.215.877,254.333.008,,
Santorini,Lefteris Villa,hotel,364.222.791,254.331.099,,
Santorini,Pension Petros,guest_house,364.189.414,25.435.547,,
Santorini,Villa Popi,hotel,364.207.969,254.326.345,,
Santorini,Canava Santino,guest_house,363.978.868,254.472.879,,
Santorini,Santorini hostel,hostel,364.211.679,254.326.544,,
Santorini,Vina Katsini,hotel,364.206.192,25.433.127,,
Santorini,Abelonas Village,hotel,363.740.072,254.275.235,,
Santorini,Cori Rigas Suites,hotel,364.164.617,254.309.343,,
Santorini,Villa Galinia,hotel,363.605.812,253.938.099,,
Santorini,Petit Palace Suites,hotel,363.922.187,254.389.086,,
Santorini,Volcano View,hotel,363.942.491,254.383.772,,
Santorini,The Fisherman's House,hotel,363.594.633,254.034.361,,
Santorini,Carlos,hotel,363.585.452,253.980.228,,
Santorini,Fira Backpackers Place,hostel,364.173.922,254.349.181,,
Santorini,Kalavari,hotel,364.173.625,254.315.012,,
Santorini,Pelican Hotel,hotel,364.183.644,254.329.933,,
Santorini,Adamastos,hotel,363.574.695,254.002.128,,
Santorini,Apanemo,hotel,36.361.144,253.921.094,,
Santorini,Santorini view,hotel,363.597.022,254.065.517,,
Santorini,Aura Marina Apartements,hotel,363.596.698,253.923.012,,
Santorini,Black Diamond Suites,hotel,363.593.652,253.936.369,,
Santorini,Ili Vasilema,guest_house,363.597.713,254.129.756,,
Santorini,Kokkinos Villas,hotel,363.600.435,254.025.123,,
Santorini,Ifestos Villa,hotel,364.117.357,254.355.824,,
Santorini,Summer Time Villa,hotel,364.188.573,254.346.051,,
Santorini,Anemomilos Villa,hotel,364.269.709,254.303.741,,
Santorini,WhiteDeck Hotel,hotel,364.328.298,254.215.891,,
Santorini,Avant Garde Hotel,hotel,363.597.939,254.020.112,,
Santorini,Rodakas,hotel,363.591.395,254.018.556,,
Santorini,Neptune Luxury Spa Suites,hotel,363.597.205,254.015.418,,
Santorini,Paradise Resort,hotel,363.577.033,253.987.433,,
Santorini,William's Houses,hotel,363.609.533,253.942.247,,
Santorini,Amber Light Villas,hotel,364.467.422,25.432.072,,
Santorini,Ifestos Villa,hotel,364.117.238,254.357.823,,
Santorini,Antonia Apartments,hotel,364.182.258,254.345.422,,
Santorini,Villa Firostefani,hotel,364.244.486,254.294.067,,
Santorini,Hotel Mylos,hotel,364.256.914,254.285.516,,
Santorini,Acrothea Suites and Villas,hotel,363.603.158,253.990.593,,
Santorini,Hotel Keti,hotel,364.161.543,254.304.857,,
Santorini,Caldera's Memories,hotel,364.399.684,254.247.553,,
Santorini,Avianto Suites,hotel,364.315.613,254.246.285,,
Santorini,Villa Fotini,hostel,364.246.272,254.289.238,,
Santorini,Katerina & John Hotel,hotel,3.635.362,254.661.598,,
Santorini,Youth Hostel Anna,hostel,363.537.029,254.671.811,,
Santorini,Ambelia Traditional Villa,hotel,364.636.333,253.929.622,,
Santorini,Tataki,hotel,364.181.736,254.317.843,,
Santorini,,hotel,36.383.579,254.367.746,,
Santorini,Thalassa Seaside Resort,hotel,363.837.524,254.859.651,,
Santorini,Angel hostel,hostel,364.091.143,254.434.314,,
Santorini,Anemos Beach Lounge Hotel,hotel,363.398.496,254.536.248,,
Santorini,Studios Apartments Kapetanios,hotel,363.536.026,254.597.476,,Καραμολέγκος Παρασκευάς
Santorini,Alisaxni Resort,hotel,363.567.913,253.648.783,,
Santorini,Holiday Beach Resort,hotel,36.350.981,25.458.421,,
Santorini,Dana Villas & Infinity Suites,hotel,364.261.261,254.283.092,,
Santorini,Alia Hotel,hotel,363.800.638,254.795.095,,
Santorini,Sandy Villas,hotel,363.568.612,25.468.692,,
Santorini,Cyclades,hotel,364.106.263,254.436.646,,
Santorini,Lefteris houses,hotel,364.113.312,254.440.263,,
Santorini,Koronios Villa,hotel,364.153.242,254.376.303,,
Santorini,Reverie,hotel,364.260.938,254.289.443,,
Santorini,Masouri Rooms,guest_house,36.357.511,254.740.634,,
Santorini,Blue Waves,hotel,363.713.515,254.808.465,,
Santorini,,hotel,363.710.982,254.813.698,,
Santorini,,hotel,363.711.821,254.808.292,,
Santorini,,hotel,363.713.557,254.804.641,,
Santorini,Terra Blue Hotel,hotel,363.713.946,254.777.291,,
Santorini,Markakis Studios,hotel,364.184.675,254.346.079,,
Santorini,Caveland Hostel,hostel,364.117.276,254.492.881,,
Santorini,,hotel,364.153.933,254.339.776,,
Santorini,Atlantida villas,hotel,364.608.017,253.932.475,,
Santorini,Evely Villa,hotel,364.225.662,254.539.795,,
Santorini,Areti Hotel,hotel,363.823.077,254.817.895,0.5,
Santorini,,hotel,364.344.644,254.222.482,,
Santorini,,hotel,363.828.011,254.332.682,,
Santorini,Villa Bordeaux,hotel,364.185.643,254.306.481,,
Santorini,,hotel,363.830.611,254.503.805,,
Santorini,Stelios Place,hotel,363.543.274,254.729.766,,
Santorini,,hotel,363.440.747,254.572.311,,
Santorini,Senses Boutique Hotel,hotel,364.322.883,2.542.355,,
Santorini,BELLONIAS VILLAS,hotel,363.734.235,254.831.723,,
Santorini,Nikos Hotel,hotel,364.083.967,254.436.589,,
Santorini,Fanis - AirBnB,guest_house,3.635.748,253.979.137,,
Santorini,,hotel,364.422.504,25.426.068,,
Santorini,Onar Rooms & Studios,hotel,363.586.247,25.474.209,0.25,
Santorini,Villa Pavlína,hotel,364.096.883,254.446.699,,
Santorini,Villa Spiridoula,guest_house,363.593.372,254.723.696,,
Santorini,Hotel Sofia,hotel,364.257.568,254.288.776,,
Santorini,Remvi Suites,hotel,364.255.164,254.286.772,,
Santorini,,hotel,363.715.318,254.802.198,,
Santorini,Kafieris Apartments,hotel,364.228.526,254.288.371,,
Santorini,Hotel Leta,hotel,364.207.654,25.432.471,,
Santorini,Villa Roussa,guest_house,364.170.383,254.333.052,0.25,
Santorini,Marquise Suites,hotel,364.187.308,254.328.658,,
Santorini,Aressana Spa Hotel and Suites,hotel,364.161.363,254.320.029,0.75,
Santorini,Enigma Traditional Apartments,guest_house,364.173.021,254.314.195,,
Santorini,Panorama Boutique Hotel,hotel,364.176.884,254.315.849,,
Santorini,Adamis Majesty Suites,hotel,364.177.575,254.315.723,,
Santorini,Petini's Place,guest_house,364.179.668,254.318.277,,
Santorini,Theoxenia Hotel,hotel,364.180.643,254.315.868,,
Santorini,Hotel Asimina,hotel,364.203.503,254.310.787,,
Santorini,Cosmopolitan Suites - Small Luxury Hotels of the World,hotel,364.199.894,254.309.117,,
Santorini,Hotel Santorini,hotel,36.417.169,254.337.526,,
Santorini,Centro Houses,hotel,36.421.853,254.319.277,,Arivia Group
Santorini,Dimael Mansion,hotel,364.218.071,254.331.465,0.5,Arivia Group
Santorini,Arbor House,hotel,364.213.205,25.434,,Arivia Group
Santorini,Mirinda Premium villa,hotel,364.211.156,254.331.076,,Arivia Group
Santorini,Malteza private villa,hotel,364.325.765,254.218.972,0.75,Arivia Group
Santorini,Saint George Exclusive,hotel,364.325.626,254.217.825,,Arivia Group
Santorini,White Cave Private villa,hotel,363.886.918,254.586.953,,Arivia Group
Santorini,Nefeles Luxury Suites,hotel,364.192.836,254.307.846,,
Santorini,Daydream Luxury Suites,hotel,364.191.926,25.430.783,,
Santorini,Kratiras View Luxury Suites,hotel,364.193.629,254.306.042,,
Santorini,Porto Carra Hotel,hotel,364.191.301,254.306.813,,
Santorini,Opera Mansion Santorini,hotel,364.209.019,25.429.765,,
Santorini,Mythical Blue Luxury Suites,hotel,364.215.712,254.288.017,,
Santorini,le petit Greek bed & breakfast,guest_house,364.212.973,254.297.739,,
Santorini,Lava Suites & Lounge,hotel,364.211.089,25.429.614,,
Santorini,Serenity Suites & Villa,hotel,364.210.084,254.296.749,,
Santorini,King Thiras Hotel,hotel,364.226.149,254.302.936,,
Santorini,Manos Small World Hotel,hotel,364.253.209,254.284.475,,
Santorini,Sun Rocks Hotel,hotel,364.265.322,254.287.755,,
Santorini,Aerino Villa,hotel,364.260.085,254.286.918,,
Santorini,Chic Hotel,hotel,364.263.137,254.286.486,,
Santorini,Galini Hotel,hotel,364.250.651,254.286.642,,
Santorini,Anteliz Suites,hotel,36.421.845,254.284.502,,
Santorini,Antonia Hotel,hotel,364.184.265,254.342.963,,
Santorini,,guest_house,364.220.647,25.429.988,,
Santorini,Voreina Gallery Suites,hotel,363.845.646,254.492.225,,
Santorini,Tristhenia,hotel,363.546.027,254.727.216,,
Santorini,Cavotagoo Santorini,hotel,364.458.875,254.266.012,,
Santorini,Villa Libertad,guest_house,364.351.997,254.228.725,,
Santorini,Demeter Cave House,hotel,363.830.637,254.502.881,1.0,
Santorini,Executive plan suites reception,hotel,364.268.148,254.285.046,,
Santorini,Maistrali Prive,hotel,364.080.665,254.463.176,,
Santorini,,hotel,364.303.783,254.254.184,,
Santorini,Deluxe Rest Boutique,hotel,364.187.482,254.358.092,,
Santorini,Bedspot Hostel,hostel,364.192.283,254.337.273,,
Santorini,Makarios Hotel,hotel,363.840.853,254.828.661,,
Santorini,Cally Cave House,guest_house,36.417.487,254.428.655,,
Santorini,Santorini Ikies,hotel,364.608.569,253.885.944,0.75,
Santorini,CSky,hotel,364.581.842,254.181.902,0.75,
Santorini,,hotel,364.303.627,254.259.551,,
Santorini,Ftelari Villa,hotel,364.615.711,254.147.208,0.5,
Santorini,Windmill Villas Santorini,hotel,364.526.068,25.432.343,0.75,
Santorini,Onyx Hotel & Suites,hotel,364.108.233,254.499.212,,
Santorini,Mod,hotel,364.260.056,254.305.202,,
Santorini,gemini cave villa,hotel,364.637.821,253.950.968,,
Santorini,,hotel,364.322.737,254.235.221,,
Santorini,Ilioperato Santorini,hotel,364.366.675,254.219.797,,
Santorini,New Haroula,hotel,36.418.665,254.355.685,,
Santorini,,hotel,363.944.075,254.382.238,,
Santorini,Air Bnb,hotel,363.581.672,254.471.319,,
Santorini,Epavlis,hotel,363.702.245,254.784.644,,
Santorini,,hotel,364.179.407,254.309.328,,
Santorini,,hotel,364.215.255,254.324.929,,
Santorini,Μανρη Αμμος,hotel,36.373.781,254.819.083,,
Santorini,Porto Castello,hotel,364.284.175,254.582.781,,
Santorini,Andromeda Villas,hotel,364.351.095,25.421.237,0.75,
Santorini,Heliotopos Hotel,hotel,36.435.068,254.217.268,,
Santorini,NOŪS Santorini,hotel,364.022.578,254.513.197,,
Santorini,"Sea Breeze Santorini Beach Resort, Curio Collection by Hilton",hotel,363.344.176,254.424.585,1.0,Hilton
Santorini,Hotel Golden Star,hotel,364.186.841,25.435.917,,
Santorini,,hotel,364.322.979,25.424.223,,
Santorini,Nano Suites,hotel,363.876.954,254.585.285,,
Santorini,Aecon Suites,hotel,363.875.479,254.559.302,,
Santorini,Remezzo Villas,hotel,364.360.298,254.220.924,,
Santorini,Orizontes,hotel,363.841.422,254.418.508,,
Santorini,White Orchid Luxury Suites,hotel,363.961.808,254.531.427,,
Santorini,White Orchid Villa,hotel,363.856.037,254.491.136,,
Santorini,Hemera Holiday Home villa on Santorini,hotel,363.603.479,254.134.734,,
Santorini,Castro,hotel,363.794.338,254.780.346,,
Santorini,Pension Atlas,hotel,364.088.045,254.444.183,,
Santorini,Seven Grapes - Karterados,hotel,36.410.514,25.445.167,,
Santorini,Hotel MaryBill,hotel,363.543.293,254.695.359,,
Santorini,,hotel,363.782.703,254.842.534,,
Santorini,Marvarit Suites,hotel,364.098.088,254.705.133,,
Santorini,Kalisti Hotel & Suites,hotel,36.414.923,254.334.771,,
Santorini,Caldera Cliff Illusion,hotel,364.208.048,254.302.094,,
Santorini,Rafael's Mediteranian Cave Suites,hotel,364.249.299,254.312.368,,
Santorini,Gizis Exclusive,hotel,364.420.889,254.258.086,,
Santorini,Carpe Diem Santorini,hotel,363.860.834,254.510.951,,
Mykonos,Kamari,hotel,374.162.123,253.405.903,,
Mykonos,Hotel Erato,hotel,374.226.682,253.206.197,,
Mykonos,Rocabella Mykonos Art Hotel & SPA,hotel,374.711.564,253.148.316,,
Mykonos,Paraga Beach Hostel,hostel,374.082.684,253.511.325,,
Mykonos,Absolute,hotel,374.400.298,25.329.277,,
Mykonos,Omiros,hotel,374.539.308,253.295.283,,
Mykonos,Aeolos,hotel,374.467.314,253.388.455,,
Mykonos,Galini,hotel,37.443.584,253.290.984,,
Mykonos,Damianos,hotel,3.744.474,253.341.429,,
Mykonos,hôtel Tagoo,hotel,374.564.992,253.299.297,,
Mykonos,Vencia Boutique Hotel,hotel,374.452.052,253.325.088,,
Mykonos,Ilio Maris,hotel,374.408.392,253.291.264,,
Mykonos,Mykonos Bay hotel,hotel,374.378.444,253.260.232,,
Mykonos,Hotel Mykonos view,hotel,374.518.266,253.305.067,,
Mykonos,Gryparis,hotel,374.361.652,253.301.921,,
Mykonos,Olia hotel,hotel,374.641.269,253.285.889,,
Mykonos,Bluetopia Suites,hotel,374.469.314,253.257.058,,
Mykonos,Pension Maria's,hotel,374.605.312,25.329.622,,
Mykonos,Adikri VIllas and Studios,hotel,374.670.296,253.250.939,,
Mykonos,Mykonos Ammos Hotel,hotel,374.230.147,253.230.472,,
Mykonos,Angelica Apartments,hotel,374.353.402,253.283.844,,
Mykonos,Villa Danae,guest_house,374.207.884,253.437.839,,
Mykonos,Albatros Club Mykonos,hotel,37.477.912,253.603.612,,
Mykonos,Panormos village,hotel,37.478.107,253.610.499,,
Mykonos,Mykonos Panormos Villas,hotel,374.766.121,253.563.076,,
Mykonos,Villia Chloe,guest_house,37.482.837,253.101.252,,
Mykonos,Villia Chloe,guest_house,374.700.941,253.225.098,,
Mykonos,,hotel,374.529.534,253.303.267,,
Mykonos,,hotel,374.564.513,253.302.733,,
Mykonos,,hotel,374.202.043,253.143.994,,
Mykonos,,guest_house,374.258.706,253.352.172,,
Mykonos,Super Paradise Suites & Rooms,hotel,374.156.826,253.701.161,,
Mykonos,Namas Villas,hotel,37.418.588,253.665.254,,
Mykonos,Ibiscus Villas,guest_house,374.424.689,253.420.003,,
Mykonos,Hotel Milena,hotel,374.347.765,253.394.227,0.0,
Mykonos,Fraskoula's Rooms,guest_house,374.706.289,253.205.661,,
Mykonos,Zorzis Hotel,hotel,374.459.919,253.283.385,,
Mykonos,Artemoulas Studios,hotel,374.176.333,253.411.525,,
Mykonos,Anixi Hotel,hotel,374.262.881,25.324.861,,
Mykonos,,hotel,37.424.431,253.334.508,,
Mykonos,VILLAEVI,hotel,374.258.048,253.441.334,,
Mykonos,Mykonos Princess,hotel,374.699.792,253.158.396,,
Mykonos,Hotel Manto,hotel,374.469.555,25.329.344,,
Mykonos,Hotel Ano Mera,hotel,374.436.486,253.892.121,,
Mykonos,Villa Barbarossa,hostel,374.632.713,25.372.619,,
Mykonos,La Stella,hotel,374.268.524,25.333.511,,
Mykonos,,hotel,374.256.441,253.332.138,,
Mykonos,,hotel,374.268.472,253.335.986,,
Mykonos,,hotel,374.271.623,253.334.411,,
Mykonos,,hotel,374.247.996,253.338.368,,
Mykonos,,guest_house,374.278.122,253.331.386,,
Mykonos,Villa Skyline Mykonos,hotel,374.094.136,253.127.383,,
Mykonos,Sun of Mykonos,hotel,374.519.396,253.551.927,,
Mykonos,Panorama Hotel,hotel,374.716.139,253.162.706,,
Mykonos,Elena,hotel,374.439.184,25.330.241,,
Mykonos,Leto,hotel,374.491.755,253.303.469,,
Mykonos,,hotel,374.433.564,253.275.498,,
Mykonos,Harmony Boutique,hotel,374.506,25.329.264,,
Mykonos,,hotel,374.254.674,253.317.548,,
Mykonos,Thalasss,hotel,374.424.556,254.230.168,,
Mykonos,Marina Blue Ornos,guest_house,374.244.554,253.261.302,,
Mykonos,Asteri Hotel,hotel,374.248.946,253.228.989,,
Mykonos,Dionysos Luxury Hotel,hotel,374.239.077,253.238.572,,
Mykonos,KENSHŌ Butique Hotel,hotel,374.237.039,253.260.022,,
Mykonos,Mykonos Essence,hotel,374.243.642,253.259.405,,
Mykonos,Matogianni Reception,hotel,374.462.356,253.288.288,,
Mykonos,Cavotagoo Mykonos,hotel,374.567.815,253.288.159,,
Mykonos,Villa Konstantis,hotel,374.475.033,253.304.554,,
Mykonos,Pension Alexandra,guest_house,374.598.417,253.295.713,,
Mykonos,,hotel,374.472.034,253.302.056,,
Mykonos,Aegon Retreat,hotel,37.436.067,25.403.095,,
Mykonos,Aegon Revive,hotel,374.334.135,254.038.916,,
Mykonos,,guest_house,374.391.469,253.300.884,,
Mykonos,,hotel,37.441.649,253.288.113,,
Mykonos,,guest_house,374.404.215,253.291.116,,
Mykonos,,hotel,374.373.239,253.310.792,,
Mykonos,,hotel,37.436.735,25.332.049,,
Mykonos,,hotel,374.339.489,253.302.897,,
Mykonos,,hotel,374.416.298,253.287.508,,
Mykonos,,hotel,374.352.047,253.298.601,,
Mykonos,,hotel,374.349.157,253.293.417,,
Mykonos,,hotel,374.458.857,253.278.791,,
Mykonos,,hotel,374.368.372,253.312.671,,
Mykonos,,guest_house,374.227.848,25.319.482,,
Mykonos,,hotel,374.230.609,253.113.862,,
Mykonos,,hotel,374.237.656,253.100.031,,
Mykonos,,guest_house,374.218.211,253.180.929,,
Mykonos,,hotel,374.234.868,253.094.906,,
Mykonos,,hotel,374.255.817,253.226.231,,
Mykonos,,guest_house,374.220.232,25.314.339,,
Mykonos,,hotel,374.233.769,25.308.596,,
Mykonos,,hotel,374.236.366,253.083.456,,
Mykonos,,guest_house,374.227.515,253.150.579,,
Mykonos,,hotel,37.423.434,25.307.198,,
Mykonos,,guest_house,374.233.065,253.122.067,,
Mykonos,,guest_house,374.243.648,253.229.308,,
Mykonos,,hotel,374.690.799,253.189.652,,
Mykonos,,hotel,374.227.036,253.218.005,,
Mykonos,,hostel,374.465.484,253.267.414,,
Mykonos,,hotel,374.352.631,254.026.643,,
Mykonos,Myconian Korali Relais & Châteaux,hotel,37.436.788,253.289.869,,
Mykonos,Myconian Kyma,hotel,374.369.954,253.297.536,,
Mykonos,Myconian Naia,hotel,374.364.027,253.293.704,,
Mykonos,1Path to the sea Mykonos,hotel,374.156.752,253.676.534,,
Mykonos,Δελφινες,hotel,374.470.912,253.294.663,,
Mykonos,,guest_house,374.463.177,253.333.429,,
Mykonos,,hotel,374.686.172,253.195.024,,
Mykonos,Myconian Imperial,hotel,374.218.038,253.932.667,,
Mykonos,,hotel,374.439.773,253.272.684,,
Mykonos,Numi Boutique Hotel Mykonos,hotel,374.454.075,25.331.496,,
Mykonos,Eleanna's Mykonos,hotel,374.456.712,253.294.925,,
Mykonos,Akkadian Gay-Only Boutique Hotel Mykonos,hotel,374.354.847,253.313.472,,
Rhodes,Terinikos Hotel Apartments Pool  Garden,hotel,364.194.119,281.595.698,,
Rhodes,Mango,hotel,364.418.885,282.264.285,,
Rhodes,Olympos,hotel,364.425.208,282.256.561,,
Rhodes,Kresten Royal,hotel,363.912.669,282.381.759,1.0,
Rhodes,AquaMare,hotel,364.537.271,282.212.791,0.5,Thomas Cook Smartline
Rhodes,City Center Hotel,hotel,364.528.869,282.216.242,,
Rhodes,Mitsis Grand,hotel,364.528.533,28.218.483,,
Rhodes,Best Western Hotel Plaza,hotel,364.506.137,282.224.585,,Best Western
Rhodes,,hotel,3.644.179,282.286.014,,
Rhodes,,hotel,364.415.289,282.246.559,,
Rhodes,Medieval Inn,guest_house,364.408.686,282.256.456,,
Rhodes,,hotel,364.409.182,282.279.094,,
Rhodes,Villa Di Mare,hotel,364.192.409,281.830.566,,
Rhodes,Sun Beach Apart Hotel,hotel,364.234.545,281.525.989,0.75,
Rhodes,The Residence,hotel,364.222.446,281.531.633,0.75,
Rhodes,Lomeniz,hotel,364.309.068,282.355.478,,
Rhodes,S. Nikolis' Hotel Apartments and Honeymoon Suites,hotel,364.414.228,282.241.673,,Sotiris Nikolis
Rhodes,Rodos Youth Hostel,hostel,364.431.927,28.225.768,,
Rhodes,Garden-Pastida,hotel,363.848.163,28.131.161,,
Rhodes,Cava ď Oro,hotel,364.429.796,282.324.749,,
Rhodes,Bakiris,hotel,363.459.617,282.009.851,,
Rhodes,Elafos Studios,hotel,363.478.348,281.997.863,,
Rhodes,Elarin Studios,hotel,363.472.568,28.198.917,,
Rhodes,John & Mary's Studios,hotel,363.473.235,281.987.599,,
Rhodes,Sun Queen,hotel,363.475.289,281.996.722,,
Rhodes,Villa George,hotel,363.471.552,281.992.523,,
Rhodes,White Palace Studios,hotel,363.472.147,281.991.045,,
Rhodes,Dias Studios,hotel,363.509.177,281.962.103,,
Rhodes,Kresten Palace,hotel,363.910.626,282.347.639,0.75,
Rhodes,Domus Rodos,hotel,364.431.929,282.273.452,,
Rhodes,Isoles,hotel,364.434.046,282.264.834,,
Rhodes,Amaryllis,hotel,36.452.167,282.187.957,,
Rhodes,,hotel,364.502.009,282.206.514,,
Rhodes,Florida,hotel,364.521.038,282.212.576,,
Rhodes,,hotel,364.430.143,282.200.889,,
Rhodes,Castellum Suites,hotel,364.421.377,28.220.204,,
Rhodes,Apollo GuestHouse,guest_house,364.410.949,282.269.633,,
Rhodes,Nautilus City Studios,hotel,364.337.602,282.337.299,,
Rhodes,Kalithea Sun and Sky,hotel,363.974.346,282.248.859,,
Rhodes,,hotel,364.491.273,282.156.909,,
Rhodes,Amphitryon,hotel,364.479.317,282.219.635,,
Rhodes,Elakati Luxury Boutique Hotel,hotel,364.485.852,282.204.679,,
Rhodes,Eleni Rooms,hotel,364.420.108,282.296.938,,
Rhodes,In Camera Luxury Boutique Hotel,hotel,364.417.789,282.278.429,,
Rhodes,Santa Maria City Hotel,hotel,364.521.024,282.200.483,,
Rhodes,Diana,hotel,364.521.131,282.189.486,,
Rhodes,Cook's Club Rhodes ( More Meni),hotel,364.530.638,282.241.809,,
Rhodes,Adonis (closed),hotel,364.525.093,282.229.223,,
Rhodes,International Hotel,hotel,364.523.211,282.222.152,,
Rhodes,Astron Hotel,hotel,364.523.305,282.224.139,,
Rhodes,El Greco,hotel,364.516.115,282.226.277,,
Rhodes,Mimosa suites,hotel,364.516.413,282.224.425,,
Rhodes,Lydia,hotel,364.497.699,282.221.388,,
Rhodes,Kamiros,hotel,364.496.063,282.242.115,,
Rhodes,Bellevue Suites,hotel,364.547.044,282.196.761,,
Rhodes,Eva,hotel,364.513.599,282.214.884,,
Rhodes,,hotel,364.489.082,282.234.215,,
Rhodes,,hotel,364.488.125,282.232.855,,
Rhodes,Panorama,hotel,364.339.371,282.132.563,,
Rhodes,Hotel SIlvia,hotel,364.393.726,282.318.555,,
Rhodes,NEP Urban Hotel,hotel,364.488.108,282.220.767,,
Rhodes,Artemis Studios,hotel,363.911.407,282.214.066,,
Rhodes,Lydia Hotel,hotel,364.494.916,282.220.427,,
Rhodes,Royal Hotel,hotel,36.449.345,282.219.431,,
Rhodes,Sun Beach Holiday Club,hotel,364.231.137,281.514.627,,
Rhodes,Afrodite Wing,hotel,364.231.038,281.511.986,,
Rhodes,Artemis Wing,hotel,364.230.681,281.518.699,,
Rhodes,Apollon Wing,hotel,364.230.005,281.515.096,,
Rhodes,Virginia,hotel,364.009.006,28.226.943,,
Rhodes,eden roc,hotel,363.996.268,28.232.466,,
Rhodes,Philoxenia Hotel & Studios,hotel,364.298.461,282.202.556,,
Rhodes,Hermes studios,hotel,363.486.401,281.945.379,,
Rhodes,Svea,hotel,364.519.251,282.187.035,,
Rhodes,Heleni Beach,hotel,364.218.356,281.584.051,,
Rhodes,Rhodos Lykia,hotel,363.950.288,282.333.978,,
Rhodes,Filerimos Village,hotel,364.151.997,281.395.011,,
Rhodes,Margaret Hotel,hotel,364.141.398,281.165.113,0.25,
Rhodes,Sol by Melia Cosmopolitan,hotel,364.273.659,281.980.294,,
Rhodes,Κασσάνδρα,hotel,364.170.623,281.626.663,,
Rhodes,,hostel,364.432.964,282.249.119,,
Rhodes,,hotel,364.332.423,282.343.779,,
Rhodes,Marco Polo Manison,hotel,364.427.864,282.257.617,,
Rhodes,Summerland,hotel,364.123.819,281.666.174,,
Rhodes,Sunny Rooftop Apartement,hotel,364.154.298,281.562.344,,
Rhodes,Hotel Ellique,hotel,364.421.163,282.254.288,0.75,Hotel Ellique
Rhodes,Takis Hotel,hotel,364.114.881,281.552.963,0.0,
Rhodes,Epsilon Ammades Apartments,hotel,363.577.464,282.107.636,,
Rhodes,,hotel,364.368.703,282.261.582,,
Rhodes,Olympia Sun,hotel,363.517.906,282.023.045,,
Rhodes,Ialyssos Bay Suneo Club,hotel,364.217.691,281.484.186,,
Rhodes,,hotel,364.441.119,282.266.836,,
Rhodes,Pyrgos Hotel Apartments,hotel,364.164.759,281.258.899,,
Rhodes,Esmeralda Hotel,hotel,364.129.737,28.123.971,,
Rhodes,Anseli Hotel,hotel,364.124.678,281.165.263,,
Rhodes,Valentino Hotel,hotel,3.641.384,28.115.505,,
Rhodes,Kremasti Memories,hotel,36.414.701,28.122.409,,
Rhodes,Helena Christina,hotel,363.984.281,281.862.335,,
Rhodes,Bamboo Suites & Restaurant,hotel,36.423.886,282.000.102,,
Rhodes,Zefyros hotel,hotel,364.320.238,28.234.747,,
Rhodes,Allegory,hotel,36.442.174,282.240.112,,
Rhodes,Klimt guest house,hotel,364.428.603,2.822.579,,
Rhodes,Evita Bay Hotel,hotel,363.471.738,282.035.264,,
Rhodes,STAY Hostel Rhodes,hostel,364.494.315,282.205.859,,
Rhodes,"Block 66 ,appartement  6",guest_house,3.643.525,282.183.737,,
Rhodes,Lefka,hotel,364.375.829,282.342.987,,
Rhodes,DeLight Luxury Rooms,hotel,363.480.567,28.199.721,,
Rhodes,Hotel Filmar,hotel,364.188.766,281.834.793,,
Rhodes,Semiramis,hotel,364.476.998,2.821.546,,
Rhodes,,hotel,364.411.144,282.275.761,,
Rhodes,Aria di Rodi,hotel,364.435.309,282.232.668,,
Rhodes,The Apartments by Esperia,hotel,364.525.334,282.200.982,,
Rhodes,San Antonio Apt,hotel,364.518.544,282.200.397,,
Rhodes,Efchi Suites 1904,hotel,364.516.908,282.201.544,,
Rhodes,Imperial Hotel (closed),hotel,364.530.383,282.212.771,,
Rhodes,Açai,hotel,364.473.821,282.164.005,,
Rhodes,Ixia Dream,hotel,364.203.735,281.659.032,,
Rhodes,Rafael Hotel,hotel,364.216.564,281.555.773,,
Rhodes,Pine Trees Hotel,hotel,364.120.706,281.748.849,,
Rhodes,Naillac Boutique Hotel,hotel,364.537.277,282.205.746,,
Rhodes,Kokkini Porta Rossa,hotel,364.402.215,282.285.053,,