city,name,type,latitude,longitude,elevation
Athens,Λυκαβηττός,peak,379.818.701,237.432.387,277
Athens,Κορακοβούνι (Β),peak,379.859.201,2.382.583,692
Athens,,peak,379.178.011,237.726.388,562
Athens,Καστέλλα,peak,379.406.488,236.558.891,96.26
Athens,Λόφος Φιλοπάππου,peak,379.675.643,237.221.248,147
Athens,Άρειος Πάγος Aereopago Atene,peak,379.724.088,237.230.956,
Athens,,park,38.044.664,23.684.724,
Athens,,peak,380.458.859,237.190.799,
Athens,Λόφος Καλογήρου,peak,379.624.564,23.789.308,374
Athens,Κορακοβούνι,peak,379.798.071,238.244.667,728
Athens,Αιγάλεω Όρος,peak,379.957.081,236.330.315,
Athens,Λόφος Κυνοσάργους,peak,379.558.911,237.331.777,
Athens,Αιγάλεω Όρος,peak,379.772.989,236.174.299,
Athens,,peak,380.108.896,237.636.346,310
Athens,,peak,380.122.036,237.631.815,320
Athens,,peak,380.134.696,237.638.862,305
Athens,Κόρακας,peak,379.903.506,238.100.001,363
Athens,Λόφος Νυμφών,peak,379.732.993,237.180.479,
Athens,Λόφος Πνύκας,peak,379.720.846,237.180.721,
Athens,,peak,380.244.309,237.681.625,
Athens,,peak,380.069.583,236.448.311,216
Athens,,peak,380.141.516,237.621.247,315
Athens,,peak,380.086.048,237.630.767,308
Athens,,peak,380.111.149,237.622.211,303
Athens,ΝιεσΚου,park,379.647.765,237.689.848,
Athens,,park,379.843.614,23.785.388,
Athens,Μικρό πάρκο Κτελ,park,380.107.504,237.226.409,
Athens,,peak,379.399.501,2.377.712,474
Athens,Κακόρεμα,peak,379.497.632,238.007.587,738
Athens,,peak,379.368.195,237.994.893,827
Athens,,peak,379.441.601,237.666.399,265
Athens,Τηγάνι,peak,379.272.002,2.381.622,406
Athens,Κύλλου Πήρα,peak,379.658.403,237.960.199,436
Athens,,peak,379.549.801,2.373.127,130
Athens,Αρδηττός,peak,379.676.301,237.398.399,133
Athens,,peak,379.494.701,2.376.141,261
Athens,Αλεποβούνι,peak,379.611.201,237.702.399,299
Athens,Προφήτης Ηλίας,peak,380.070.101,2.365.613,190
Athens,,peak,3.804.725,2.368.603,207
Athens,,peak,3.802.851,236.697.799,209
Athens,Ταμπούρι,peak,380.642.201,237.038.599,268
Athens,Κορυδαλλός,peak,3.799.484,2.364.761,284
Athens,Λόφος Κόκκου,peak,380.253.901,2.376.877,304
Athens,Τουρκοβούνια,peak,380.036.701,2.375.472,321
Athens,Καψαλώνα,peak,380.211.601,2.362.738,332
Athens,,peak,3.799.299,2.363.403,371
Athens,Κασκαντάμι,peak,3.802.955,2.365.304,414
Athens,Κατσικαδάμι,peak,380.269.401,236.452.799,418
Athens,Ζαχαρίτσα,peak,380.528.401,2.367.331,452
Athens,Κούκος,peak,3.799.711,2.361.949,463
Athens,Πάρκο υιοθετημένων δέντρων Γαλατσίου,park,380.212.283,23.766.373,
Athens,Λόφος Γρανικού,peak,379.507.772,237.664.176,
Athens,Άλσος Φολλερω Ραούλ και Μαγδαληνής,park,379.901.909,23.665.323,
Athens,Άλσος Σταυριάνας,park,380.265.963,236.694.996,
Athens,Δημοτικό Πάρκο Σκύλων Νέου Ηρακλείου,park,380.557.993,23.773.006,
Athens,Εύζωνας,peak,379.462.643,238.145.152,1026
Athens,,park,380.498.321,237.629.038,
Thessaloniki,Ιππικός όμιλος ΚΤΗΜΑ ΔΕΔΑ,park,405.923.251,229.958.197,
Thessaloniki,Κράνος,peak,406.387.577,229.942.027,422
Thessaloniki,Άρτεμις,peak,406.389.975,23.001.241,
Thessaloniki,Πάρκο Γαλανού,park,405.879.906,230.363.407,
Thessaloniki,Τούμπα,peak,406.926.117,229.007.096,144
Thessaloniki,Αμύντα,peak,407.257.054,229.598.872,290
Thessaloniki,Σταυρός,peak,407.113.222,229.949.849,392
Thessaloniki,Σκοτωμένος,peak,407.019.334,229.747.486,313
Thessaloniki,Δυο Τούμπες,peak,407.024.085,228.892.222,136
Thessaloniki,Αράπη Λόφος,peak,40.729.197,22.934.614,281
Thessaloniki,Τούμπα Πολίχνης,peak,406.772.743,229.419.351,87
Thessaloniki,Μαύρος Λόφος (Καρά Τεπέ),peak,406.455.126,229.808.526,
Thessaloniki,Καρατάσιου,park,40.675.575,229.464.484,
Thessaloniki,Προφήτης Ηλίας,peak,406.359.447,230.520.615,737
Thessaloniki,,peak,4.068.743,229.089.045,107
Thessaloniki,220,peak,406.907.552,229.765.302,
Thessaloniki,268,peak,406.791.143,229.700.721,
Thessaloniki,Τούζλα,peak,406.225.702,230.357.111,497
Thessaloniki,Κορυδαλλός,peak,406.338.261,230.209.756,497
Thessaloniki,Κωνσταντίνος,peak,406.281.757,230.322.821,539
Thessaloniki,Άγιος Παντελεήμων,peak,406.176.722,230.338.776,464
Thessaloniki,Πολύζος,peak,406.240.522,230.534.727,563
Thessaloniki,Πάρκο Προποντίδος,park,405.863.709,229.587.351,
Thessaloniki,Κόκκινος Λόφος,peak,407.027.407,22.961.604,223
Thessaloniki,Μαύρη Πέτρα,peak,406.775.444,22.985.919,400
Thessaloniki,Τραπέζι,peak,406.844.677,229.798.879,245
Thessaloniki,,peak,406.603.951,229.654.196,222
Thessaloniki,Ακρόπολη,peak,406.447.259,229.624.521,191
Thessaloniki,Πτηνοτροφεία (κορυφή),peak,407.021.851,22.941,134
Thessaloniki,,peak,406.845.689,229.710.675,213
Thessaloniki,Εικονοστάσι,peak,406.682.689,230.037.491,460
Thessaloniki,Κρυσταλλένια,peak,406.647.164,230.090.589,502
Thessaloniki,Μαύρη Πέτρα,peak,406.919.487,229.273.478,81
Thessaloniki,Λαγουδάκι,peak,407.064.651,22.933.733,156
Thessaloniki,Λαγοκορυφή,peak,40.681.487,229.231.944,91
Thessaloniki,Ξερή Ρεματιά,peak,407.156.873,229.350.668,193
Santorini,Προφήτης Ηλίας,peak,363.680.873,254.637.178,567
Santorini,Σκάρος,peak,364.324.405,254.182.193,
Santorini,,peak,363.566.258,25.359.384,
Santorini,,peak,36.455.987,254.221.812,
Santorini,,peak,364.656.203,254.090.351,
Santorini,,peak,363.662.247,254.524.419,
Santorini,,peak,363.469.098,254.395.045,
Santorini,,peak,363.544.904,253.815.825,
Santorini,,peak,363.580.956,253.900.477,
Santorini,Μέσα Βουνό,peak,363.634.989,254.781.513,365
Santorini,,peak,363.586.523,253.893.579,210
Santorini,,peak,364.074.008,254.790.063,
Mykonos,Κύνθος,peak,373.947.876,252.736.198,112
Mykonos,,peak,374.202.039,252.228.214,136
Mykonos,,peak,373.867.162,252.494.311,80
Mykonos,Γκαμήλα,peak,374.075.841,252.699.031,
Rhodes,Φιλέρημος,peak,363.993.365,28.144.846,266.00
Rhodes,,peak,363.645.938,281.688.693,255
Rhodes,Χάρακας,peak,363.815.369,282.235.591,144
Rhodes,,peak,364.034.308,282.068.823,106
Rhodes,,peak,364.082.279,282.082.326,113
Rhodes,,peak,364.042.459,281.871.813,100
Rhodes,,peak,364.113.315,282.084.744,111
Rhodes,,peak,363.988.518,281.883.868,146
Rhodes,,peak,364.055.974,281.710.101,67
Rhodes,,peak,364.029.104,281.646.732,96
Rhodes,,peak,364.008.373,281.691.617,81
Rhodes,,peak,364.089.907,281.473.354,56
Rhodes,,peak,36.409.063,281.436.333,52
Rhodes,,peak,364.085.895,281.433.681,52
Rhodes,,peak,364.079.835,281.366.644,93
Rhodes,,peak,364.021.775,2.813.038,92
Rhodes,,peak,364.120.502,2.818.259,92
Rhodes,,peak,364.090.183,281.889.076,130
Rhodes,,peak,363.801.865,28.212.311,141
Rhodes,,peak,363.802.915,282.169.172,140
Rhodes,,peak,363.820.542,282.301.719,124
Rhodes,,peak,363.682.337,282.089.965,105
Rhodes,,peak,363.672.965,282.011.957,110
Rhodes,,peak,363.576.659,282.013.956,117
Rhodes,,peak,363.585.924,282.037.291,116
Rhodes,,peak,363.844.985,281.635.143,150
Rhodes,,peak,363.810.886,281.671.365,142
Rhodes,,peak,363.833.013,281.562.366,176
Rhodes,,peak,363.806.749,281.537.648,184
Rhodes,,peak,363.782.764,281.492.175,133
Rhodes,,peak,363.732.962,281.405.448,125
Rhodes,,peak,363.657.902,281.914.816,108
Rhodes,,peak,363.627.577,281.911.034,81
Rhodes,,peak,3.636.237,281.878.767,88
Rhodes,,peak,363.561.707,281.826.839,87