city,name,type,latitude,longitude,elevation
Rome,Monte Mario,peak,419.244.045,124.521.318,139
Rome,Parco per bambini,park,419.335.659,125.265.612,
Rome,Monte Ciocci,peak,419.100.014,12.442.076,90
Rome,Cedro 1,park,418.804.854,124.810.749,
Rome,Cedro 2,park,418.805.143,124.811.278,
Rome,Magnolia,park,418.804.514,124.810.232,
Rome,Colle Vaticano,peak,419.027.753,12.449.895,75
Rome,Villa Strohl Fern,park,419.144.584,124.782.755,
Rome,Parco Villa Flaviana,park,418.483.009,125.880.248,
Rome,,park,419.424.459,125.149.056,
Rome,,park,419.026.762,12.469.376,
Rome,,park,419.028.669,124.691.614,
Rome,,park,419.029.078,124.693.733,
Rome,Parco giochi,park,418.368.292,125.538.211,
Rome,Collina INA,peak,419.540.647,12.446.233,100
Rome,,park,419.192.863,124.731.199,
Milan,Monte Stella,peak,454.908.758,91.344.782,185
Milan,Collina del Parco Lambro,peak,454.940.683,92.472.154,143
Milan,Parco Torri,park,455.140.346,92.831.039,
Milan,Chiostro Refaat Alareer,park,45.460.134,91.945.702,
Florence,Poggio Pratone,peak,438.330.676,113.440.244,702
Florence,Monte Acuto,peak,438.487.709,112.326.324,609
Florence,Poggio Balletto,peak,438.473.155,112.486.488,690
Florence,Poggio Caselli,peak,438.480.326,113.010.092,317
Florence,Monte Cuccioli,peak,437.361.062,112.501.247,137
Florence,Monte Sant'Antonio,peak,4.368.912,112.537.796,316
Florence,Monte delle Sante Marie,peak,436.822.114,112.590.167,337
Florence,Monte di Meccoli,peak,43.697.891,112.487.852,303
Florence,Poggio Balestrieri,peak,437.568.891,113.709.857,450
Florence,Poggio Terra Bianca,peak,437.564.367,113.584.579,434
Florence,Poggio dell'Incontro,peak,437.515.687,113.693.191,480
Florence,Poggio al Giro,peak,438.523.553,112.505.669,747
Florence,La Poggiona,peak,437.150.163,111.717.566,352
Florence,Poggio Issi,peak,437.122.434,111.906.212,237
Florence,Poggio Valicaia,peak,437.160.267,111.561.766,381
Florence,Poggio delle Monache,peak,437.134.937,111.885.147,238
Florence,,park,43.764.278,112.835.492,
Florence,Poggio al Torrino,peak,437.025.555,113.014.168,187.9
Florence,,peak,438.529.997,112.470.648,733
Florence,,peak,43.854.271,112.524.041,737
Florence,La Cipressa,park,4.375.366,113.326.714,
Florence,Monte Pilli,peak,437.384.149,113.646.419,
Florence,Monte Ceceri,peak,43.801.447,113.042.003,414
Florence,Poggio alle Tortore,peak,438.066.395,113.465.549,515
Florence,Cancello,park,436.980.467,112.822.216,
Florence,,peak,438.359.867,112.229.581,179
Florence,Monte Govino,peak,438.279.693,112.709.186,
Florence,Monte Rinaldi,peak,438.124.806,112.809.376,285
Florence,Poggio San Francesco,peak,438.080.209,112.900.527,343
Florence,Montenopoli,peak,438.184.383,112.792.062,282
Florence,Montepiano,peak,438.135.479,112.625.017,234
Florence,Monterivecchi,peak,438.157.158,112.564.156,220
Florence,Poggio Panichi,peak,438.263.308,11.246.707,201
Florence,Poggio Magrini,peak,438.064.976,113.057.884,404
Florence,Monte Muscoli,peak,438.157.812,113.241.317,566
Florence,Poggio Uccellare,peak,438.474.111,113.151.543,348
Venice,,park,454.829.217,122.215.887,
Naples,Monte Spina,peak,408.287.172,141.637.874,159
Naples,Monte Echia,peak,408.312.303,142.479.212,
Naples,Parco Urbano Meravilla,park,408.492.663,143.703.479,
Naples,"Lungomare di Napoli, Via Francesco Caracciolo",park,408.318.889,142.304.472,
Naples,Parco pubblico comunale,park,40.903.707,143.384.676,
Naples,Giardinetti,park,408.520.801,142.196.454,
Naples,Parco Giorgio Ascarelli,park,408.243.797,141.937.493,
Naples,Pinnetina Monterosa,park,408.995.875,142.509.059,
Naples,Parco Nani,park,40.914.884,142.365.997,
Naples,Parco Urbano dei Camaldoli (Ingresso Sud),park,408.602.699,141.938.982,
Naples,Collina dei Camaldoli,peak,408.584.336,141.921.844,457
Naples,Monte Coroglio,peak,407.984.204,141.775.876,151
Naples,,peak,408.171.456,142.002.584,190
Naples,Collina del Vomero,peak,408.433.628,142.395.788,251
Naples,Area 3,park,408.657.489,142.502.692,
Naples,Area 4,park,408.656.333,14.250.634,
Naples,Area 1,park,408.662.186,142.510.974,
Naples,Area 2,park,408.662.037,142.508.509,