city,name,type,latitude,longitude,stars,operator
Lisbon,Hotel Jorge V,hotel,387.213.092,-91.494.002,0.5,Hotusa Hotels
Lisbon,Turim Lisboa Hotel,hotel,387.322.739,-91.492.361,0.75,
Lisbon,SANA Malhoa Hotel,hotel,387.370.692,-91.623.494,0.75,
Lisbon,Hotel Ibis Lisboa José Malhoa,hotel,387.371.794,-91.628.002,0.25,
Lisbon,Hotel A.S. Lisboa,hotel,387.377.015,-9.133.558,,
Lisbon,Residencial Lar do Areeiro,guest_house,387.420.724,-9.133.971,,
Lisbon,Real Residência,hotel,387.355.775,-91.570.208,,Hotéis Real
Lisbon,Residencial João XXI,guest_house,38.727.344,-91.421.645,,
Lisbon,Hotel Eurostars Lisboa Parque,hotel,387.282.868,-91.476.062,0.75,Eurostars
Lisbon,Pousada de Juventude de Lisboa,hostel,387.302.995,-91.477.415,,Pousada de Juventude
Lisbon,VIP Executive Art's Hotel,hotel,387.731.005,-90.978.748,0.75,
Lisbon,Pensão Residencial Setubalense,hotel,386.973.906,-92.022.842,,
Lisbon,Sete Colinas,guest_house,387.259.952,-91.351.979,0.25,
Lisbon,Lisb'on Hostel,hostel,38.708.544,-9.144.346,,
Lisbon,VIP Executive Saldanha Hotel,hotel,387.322.353,-91.446.772,0.75,VIP Hotels
Lisbon,Legendary Lisboa Suites,hotel,387.225.454,-91.526.953,0.75,
Lisbon,Hotel Turim Alameda,hotel,387.354.312,-91.375.837,0.75,Grupo Turim Hotels
Lisbon,Hotel Imperador,hotel,387.355.574,-91.476.233,0.25,
Lisbon,Alicante,hotel,387.287.391,-9.144.544,0.25,
Lisbon,Pensão Residencial Portuense,hotel,387.173.604,-91.415.906,,
Lisbon,Albergaria Senhora do Monte,guest_house,3.871.863,-9.132.256,,
Lisbon,Sana Excelsior,hotel,387.368.933,-91.503.641,,
Lisbon,Holiday Inn Express Lisbon Airport,hotel,387.861.064,-9.120.416,,
Lisbon,Pensão Residencial Norte,guest_house,387.130.847,-91.373.896,,
Lisbon,Jardim de Santos Hostel,hostel,387.075.514,-91.538.721,,
Lisbon,Hostel 4U,hostel,38.710.814,-9.135.357,,
Lisbon,Flor da Baixa,hotel,387.161.143,-9.140.543,,
Lisbon,Alegria Hotel,hotel,387.175.316,-91.448.835,0.0,
Lisbon,Pensão Londres,guest_house,38.715.562,-91.460.153,,
Lisbon,Hotel Borges Chiado,hotel,387.107.073,-91.418.705,0.5,
Lisbon,Travellers House,hostel,387.100.521,-9.137.578,,
Lisbon,Golden Tram 242 LISBONne Hostel,hostel,387.120.013,-91.389.952,,
Lisbon,Hotel Anjos,guest_house,387.226.272,-91.337.866,0.5,
Lisbon,Mercure Hotel,hotel,386.708.139,-91.710.393,,
Lisbon,Turim Restauradores Hotel,hotel,387.160.062,-9.143.164,0.5,Grupo Turim Hotels
Lisbon,Altis Grand Hotel,hotel,38.720.849,-91.500.487,1.0,
Lisbon,NH Campo Grande,hotel,38.748.715,-914.953,0.75,NH
Lisbon,,guest_house,387.477.672,-91.504.703,,
Lisbon,Residência Oliveira,guest_house,387.144.052,-91.228.523,,
Lisbon,Amazónia Lisboa Hotel,hotel,387.229.309,-91.549.267,0.5,
Lisbon,Hotel Duas Nações,hotel,387.109.451,-91.375.878,0.25,
Lisbon,Lisbon Art Stay,hotel,387.117.398,-91.384.443,,
Lisbon,,guest_house,38.724.413,-91.156.653,,
Lisbon,Stay Hotel Lisboa,hotel,387.263.295,-91.409.422,0.25,
Lisbon,Residencial Dublin,guest_house,387.240.265,-9.145.969,,
Lisbon,Farid's House,guest_house,387.109.203,-9.143.559,,
Lisbon,Cacilhas Guest Apartments,guest_house,386.859.643,-9.149.482,,
Lisbon,Pensão Célia,guest_house,386.875.029,-9.148.296,,
Lisbon,Lost Inn Lisbon,hostel,387.082.595,-91.440.906,,
Lisbon,The Independente Hostel & Suites,hostel,387.148.798,-91.445.992,,
Lisbon,Tempo FLH Hotels Lisboa,hotel,387.122.854,-91.392.595,,FLH
Lisbon,Olissippo Marquês de Sá,hotel,387.365.086,-91.517.327,0.75,"Sociedade Hoteleira Seoane, S.A."
Lisbon,Quinta de Vale Mourelos,hostel,386.614.379,-91.852.889,,
Lisbon,Lx Rossio Hotel,hotel,387.118.189,-91.378.143,,
Lisbon,Hans Brinker Hostel Lisbon,hostel,387.319.311,-9.148.231,,Hans Brinker
Lisbon,Living Lounge Hostel,hostel,387.111.028,-91.390.699,,LLH Hostels
Lisbon,Yes! Lisbon Hostel,hostel,387.091.675,-91.377.091,,Yes! Hostel
Lisbon,Residencial Mar dos Açores,hotel,387.271.781,-91.424.044,,
Lisbon,Home Lisbon Hostel,hostel,387.105.652,-9.136.177,,
Lisbon,Gat Rossio Hotel,hotel,387.153.832,-91.404.952,0.5,Clavel Hoteles S.A.
Lisbon,Valverde Lisboa Hotel,hotel,387.197.361,-91.444.859,,
Lisbon,Porto Bay Liberdade,hotel,387.222.124,-91.488.635,1.0,
Lisbon,Okupa Lisboa,hotel,387.208.505,-91.243.968,,
Lisbon,Browns Boutique Hotel & Apartements,hotel,387.109.181,-9.138.335,,
Lisbon,Teatro B&B,guest_house,387.118.704,-91.421.435,,
Lisbon,Grande Pensão Alcobia Residencial,hotel,387.140.244,-91.366,,
Lisbon,Lost Lisbon,guest_house,387.067.394,-91.425.585,,
Lisbon,Rossio Garden Hotel,hotel,387.156.281,-9.140.487,,
Lisbon,Pensão S. João da Praça,hostel,3.870.946,-91.319.052,,
Lisbon,Jeronimos 8,hotel,386.987.813,-92.049.927,0.75,
Lisbon,,hostel,386.648.312,-92.198.761,,
Lisbon,Portugal Ways Culture Guest House,hostel,387.210.477,-91.352.475,,
Lisbon,CZAR Lisbon Hotel,hotel,387.293.464,-91.348.252,0.75,
Lisbon,Chiado,hostel,387.139.083,-91.370.505,,
Lisbon,Pensão Praça da Figueira,guest_house,387.143.224,-91.376.797,,
Lisbon,Hospedagem Da Ponte,guest_house,387.324.781,-9.145.916,,
Lisbon,Residencial Aleluia,guest_house,387.247.948,-91.436.994,,
Lisbon,Estrela de Arganil,hotel,387.294.276,-91.344.231,0.25,
Lisbon,Pouso dos Anjos,hotel,387.236.765,-91.358.861,,
Lisbon,York House Hotel,hotel,387.062.318,-91.590.408,0.75,
Lisbon,Lisbon Calling Hostel,hostel,387.081.293,-9.145.042,,
Lisbon,Lisbon Arsenal Suites,hotel,3.870.763,-91.401.752,,
Lisbon,INN POSSIBLE Lisbon Hostel,hostel,387.123.092,-91.358.679,,
Lisbon,City Hostel Lisbon,hostel,387.292.801,-91.407.716,,
Lisbon,Lisbon Chillout Hostel,hostel,387.236.092,-91.433.577,,
Lisbon,Casa de São Mamede,hotel,387.183.639,-91.526.748,0.5,
Lisbon,,guest_house,387.384.079,-91.510.308,,
Lisbon,Fontecruz Lisboa,hotel,387.191.427,-91.440.108,1.0,"Fontecruz Inversiones, S.A."
Lisbon,Casa del Limonero,hotel,387.179.233,-91.394.856,,
Lisbon,Lisbonaire,hostel,387.165.683,-91.436.273,,
Lisbon,InSuites Chiado Apartments II,hotel,387.116.824,-91.427.604,,InSuites by ARCHITECTURE TOTE SER
Lisbon,InSuites Chiado Apartments,hotel,387.103.762,-91.393.492,,InSuites by ARCHITECTURE TOTE SER
Lisbon,InSuites Chiado Apartments 100,hotel,387.114.368,-91.397.125,,InSuites by ARCHITECTURE TOTE SER
Lisbon,Dear Lisbon,guest_house,387.101.736,-91.501.831,,
Lisbon,Hotel Lisboa,hotel,387.222.411,-91.463.048,0.75,
Lisbon,Vincci Baixa,hotel,38.709.247,-9.135.612,0.75,
Lisbon,Portugal Ways Alfama River Apartments,guest_house,387.126.279,-91.284.038,,
Lisbon,Memmo Alfama,hotel,38.710.276,-91.304.635,,
Lisbon,Johnny's place,hostel,38.715.705,-91.310.709,,
Lisbon,Hotel Dom Afonso Henriques,hotel,38.737.152,-91.283.248,0.25,
Lisbon,Airbnb - José,hotel,387.156.084,-9.137.796,,
Lisbon,Hotel do Príncipe Real,hotel,387.173.026,-91.474.133,0.75,"Príncipe Real - Empreendimentos Turísticos e Hoteleiros do Algarve, S.A."
Lisbon,SANA Rex Hotel,hotel,387.274.598,-91.559.097,0.5,
Lisbon,Pensão Nova Goa,hotel,387.143.723,-91.364.989,,
Lisbon,browns central,hotel,387.113.154,-91.382.983,,
Lisbon,Residência do Norte,hostel,387.129.331,-91.437.981,,
Lisbon,Lisbon Serviced Appartments,hotel,387.116.084,-91.385.632,,
Lisbon,Rossio Apartments,guest_house,38.712.818,-913.903,,
Lisbon,Thirtyhome,guest_house,387.227.483,-91.383.144,,
Lisbon,Lisbon Old Town Hostel,hostel,387.089.976,-91.446.512,,
Lisbon,Mana Guest House,guest_house,387.078.315,-91.546.443,,
Lisbon,DownTown,guest_house,387.131.273,-91.400.227,,
Lisbon,Pensão Iberica,hostel,387.139.574,-91.370.775,,
Lisbon,SANA Executive Hotel,hotel,387.369.399,-9.150.453,0.5,
Lisbon,Hotel Santa Justa,hotel,387.125.714,-91.379.219,0.75,
Lisbon,Hostel Green Heart,hostel,387.234.029,-91.458.196,,
Lisbon,,guest_house,387.164.611,-9.154.805,,
Lisbon,guest house,guest_house,387.173.809,-91.364.209,,
Lisbon,Goodnight Hostel,hostel,387.113.235,-91.375.784,,
Lisbon,Hotel Vincii,hotel,387.219.804,-91.493.143,0.75,
Lisbon,Casa Marta (Airbnb),hotel,387.185.865,-91.304.069,,
Lisbon,Tim ' s Place,guest_house,387.259.942,-91.440.505,,
Lisbon,H10 Duque de Loulé,hotel,387.263.694,-91.470.521,0.75,
Lisbon,Residencial Vila Nova,hotel,387.257.776,-91.478.435,,
Lisbon,Portas do Teatro apartmentos,hotel,387.108.619,-91.325.336,,
Lisbon,Neya Lisboa Hotel,hotel,387.293.791,-91.405.705,0.75,
Lisbon,Hotel Altis Avenida,hotel,387.149.445,-91.407.529,1.0,
Lisbon,Cidade Room Lisboa,guest_house,387.281.413,-91.338.055,,
Lisbon,Garden Rooftop,hotel,387.139.907,-91.344.944,,
Lisbon,Ohmm.,hotel,387.101.406,-91.292.882,,
Lisbon,Pestana CR7 Hotel,hotel,387.091.425,-913.605,,
Lisbon,Residencial Horizonte,guest_house,38.730.008,-91.500.065,,
Lisbon,Santos Hostel,hostel,38.731.889,-91.516.104,,
Lisbon,Guest House Brazil-Africa,guest_house,387.105.467,-91.351.172,,
Lisbon,Restauradores 72 Apartment,guest_house,387.154.882,-9.140.664,,
Lisbon,America Diamonds Hotel,hotel,387.307.668,-91.470.302,0.5,
Lisbon,Central Downtown 5 Rooms,hostel,387.098.409,-91.368.552,,João
Lisbon,Lisbon São Bento,hotel,387.188.733,-91.556.949,,
Lisbon,Hotel Botânico,hotel,38.717.293,-91.468.558,0.5,
Lisbon,Discover Lisbon,hotel,387.177.522,-91.443.816,,Discover Lisbon
Lisbon,The 7 hotel,hotel,387.104.741,-91.386.514,0.5,"Blue Queen Hotels, Lda."
Lisbon,Mi Casa En Lisboa,hotel,387.181.138,-91.321.312,,
Lisbon,Residencial Florescente,guest_house,387.163.703,-91.407.846,,
Lisbon,We Love Hostel,hostel,3.872.617,-91.341.782,,
Lisbon,Palácio de São João,hotel,387.224.134,-914.469,,
Lisbon,Casa do Conde,guest_house,387.232.937,-91.366.327,,
Lisbon,,guest_house,387.145.323,-91.356.707,,
Lisbon,Be Lisbon Hostel,hostel,387.314.946,-91.399.665,,
Lisbon,Love Lisbon,hostel,387.292.947,-91.359.602,,
Lisbon,Globo,guest_house,387.147.614,-91.449.178,,
Lisbon,Next Hostel,hostel,387.208.117,-91.353.205,,
Lisbon,Feel Lisbon B&B,hotel,387.117.972,-91.378.062,,
Lisbon,Flag house,hostel,387.239.727,-9.134.248,,
Lisbon,Kab+1,hostel,387.061.616,-91.573.639,,
Lisbon,top of the castle hill,hotel,387.139.968,-91.345.983,,Barbara & Tiago 933 9404
Lisbon,Universo Romântico,guest_house,387.257.825,-91.446.241,,"Universo Romântico, Lda."
Lisbon,Era Uma Vez Em Lisboa,guest_house,387.164.161,-91.369.113,,
Lisbon,The Postcard Lisbon,guest_house,38.719.653,-91.563.937,,
Lisbon,Lisbon Economy Guest Houses - Old Town I,hostel,387.209.115,-91.562.268,,
Lisbon,Palácio Vila Flor,guest_house,387.096.578,-91.302.291,,
Lisbon,Vistas de Lisboa,hostel,387.124.533,-91.370.225,,
Lisbon,Hotel Lisbon São Bento,hotel,387.187.473,-91.556.535,,
Lisbon,Vila Garden,hotel,387.304.011,-91.343.047,,
Lisbon,Sant Jordi Hostels Lisbon,hostel,387.238.107,-91.321.902,,sant Jordi Hostels
Lisbon,Smy Lisboa,hotel,3.872.796,-91.592.442,0.75,
Lisbon,Hotel da Estrela,hotel,387.174.908,-91.593.722,0.75,
Lisbon,AltisBelem Hotel & SPA,hotel,386.933.356,-92.106.843,1.0,
Lisbon,The Lx Hill,hotel,387.106.355,-91.468.819,0.25,
Lisbon,Metrópole,hotel,387.132.993,-91.397.761,0.5,Hotéis Alexandre de Almeida
Lisbon,My Story Hotel Tejo,hotel,387.137.304,-91.366.634,0.5,
Lisbon,Internacional Design Hotel,hotel,387.130.345,-9.138.441,0.75,
Lisbon,Hotel do Chiado,hotel,387.107.197,-91.394.885,0.75,
Lisbon,My Story Hotel Ouro,hotel,387.099.659,-91.381.181,0.5,
Lisbon,Hotel Inn Rossio,hotel,387.137.126,-91.403.467,0.25,
Lisbon,9 Hotel Mercy,hotel,387.123.473,-91.429.706,1.0,"9Hotel Collection, SAS"
Lisbon,Lisboa Carmo Hotel,hotel,387.122.332,-91.413.777,0.75,Grupo Lux Hotels
Lisbon,Coutinho Apt,guest_house,387.246.939,-91.353.023,,
Lisbon,Sofitel Lisbon Liberdade,hotel,387.186.203,-91.448.636,1.0,
Lisbon,Famous Crows Hostel,guest_house,386.974.395,-9.202.978,,
Lisbon,Apartamentos de Alfama,guest_house,387.118.801,-9.129.045,,
Lisbon,Lisbon's Passion,guest_house,387.112.209,-91.440.578,,Catarina Gomez
Lisbon,Beatu's Sweet Rooms,guest_house,387.335.218,-91.062.064,,
Lisbon,WC Beautique Hotel Collection,hotel,387.235.887,-91.353.451,,The Beautique Hotels Lisboa
Lisbon,BA17-1,guest_house,387.138.126,-91.443.409,,
Lisbon,Hotel ibis Lisboa Liberdade,hotel,387.201.743,-91.502.049,0.25,Grupo AccorHotels
Lisbon,Lisboa Garden Hostel,hotel,387.207.659,-91.392.906,,
Lisbon,Alface Hostel,hostel,38.712.326,-91.433.529,,
Lisbon,Terminus,guest_house,387.612.417,-91.301.376,,
Lisbon,My Charm Lisbon Suits,guest_house,387.309.849,-9.134.183,,
Lisbon,Hotel Hotel,hotel,387.171.496,-91.440.512,,
Lisbon,NH Collection Lisboa Liberdade,hotel,387.203.393,-91.446.604,0.75,NH Hotel Group
Lisbon,Pax,hotel,387.283.386,-91.374.169,0.0,
Lisbon,Afrin Lisboa,hotel,387.425.111,-91.348.381,0.25,
Lisbon,Casa do Mercado,hotel,387.085.907,-91.475.692,,
Lisbon,Mercure,hotel,387.376.262,-91.661.233,0.75,
Lisbon,Capital,hotel,3.873.896,-91.474.566,0.0,
Lisbon,Hotel Itália,hotel,38.737.505,-91.501.919,0.5,
Lisbon,Hotel Alif Avenidas,hotel,387.348.933,-91.504.638,0.75,Grupo Alif Hotels
Lisbon,Pensão Residêncial Pátria,hotel,387.353.017,-91.464.664,0.0,
Lisbon,Train hostel,hostel,387.167.666,-9.121.307,,
Lisbon,WOT New Lisbon Hostel,hostel,387.146.935,-91.474.733,,
Lisbon,Hotel Nazareth,hotel,38.731.488,-91.518.301,0.25,
Lisbon,Hotel Avenida Park,hotel,387.282.162,-91.495.031,0.5,
Lisbon,Hotel Lisboa Central Park,hotel,387.279.193,-91.492.281,0.5,
Lisbon,SANA Capitol Hotel,hotel,387.272.729,-91.480.095,0.5,
Lisbon,Caravela,guest_house,387.272.478,-91.438.498,,
Lisbon,Hotel ibis Styles Lisboa Embaixador,hotel,387.270.702,-91.461.804,0.5,Grupo AccorHotels
Lisbon,Dom Carlos Park,hotel,387.251.972,-91.480.595,0.5,
Lisbon,Hotel Excelsior,hotel,387.248.292,-91.479.961,0.5,Hotusa Hotels
Lisbon,Hotel Britania,hotel,387.215.442,-91.456.015,0.75,
Lisbon,Hotel Dom Sancho I,hotel,38.721.592,-91.460.229,0.25,Grupo Lusitana Hotels
Lisbon,Turim Av Liberdade Hotel,hotel,387.237.644,-91.493.593,0.75,
Lisbon,Hotel PortoBay Marquês,hotel,38.723.947,-91.500.037,875,
Lisbon,Hotel Expo Astoria,hotel,38.723.948,-91.511.061,0.5,
Lisbon,Castilho,guest_house,387.235.392,-91.524.745,,
Lisbon,Flamingo Lisboa,hotel,387.231.998,-91.521.251,0.5,
Lisbon,AVANI Avenida Liberdade Lisbon Hotel,hotel,387.203.684,-91.474.315,0.75,AVANI Hotels & Resorts Limited
Lisbon,Vintage Lisboa,hotel,38.719.979,-91.503.962,1.0,
Lisbon,WOT Lisbon Patio,hostel,38.731.413,-91.480.359,,Hub Hostels
Lisbon,Vale 12 - 3,guest_house,387.114.641,-91.501.351,,
Lisbon,Rooms Fado Guest House,guest_house,387.334.825,-91.352.059,,
Lisbon,My Hostel Lisbon,hostel,387.369.884,-9.148.648,,
Lisbon,Tejo's House,guest_house,38.676.968,-92.069.976,,
Lisbon,Back to Lisbon,hostel,387.148.574,-91.554.436,,
Lisbon,,hotel,387.148.982,-91.352.336,,
Lisbon,Typical Mouraria,guest_house,38.714.992,-91.352.961,,
Lisbon,Lisbon Style Guesthouse,guest_house,387.251.428,-91.352.772,,
Lisbon,Downtown Charming Apartment,guest_house,387.131.223,-91.361.829,,
Lisbon,Lisbon Lounge Hostel,hostel,387.104.031,-91.368.552,,LLH Hostels
Lisbon,Wallis São Bento,guest_house,387.192.955,-91.558.968,,
Lisbon,easyHotel,hotel,387.250.815,-91.462.929,,
Lisbon,Hotel Jupiter,hotel,38.739.622,-91.458.579,,
Lisbon,Estrella Heart apartaments,hotel,38.712.163,-91.617.329,,
Lisbon,Lisbon serviced apartments,hotel,387.107.357,-91.496.915,,
Lisbon,A Ponte,hostel,387.276.596,-91.489.878,,
Lisbon,4U Lisbons IV Guesthouse,guest_house,387.495.541,-91.425.926,,
Lisbon,Turim Marquês Hotel,hotel,387.230.262,-91.503.818,,
Lisbon,Figueira Beautique Hotel,hotel,387.132.843,-91.375.206,,
Lisbon,Casa do alfaiate home and breakfast,hotel,386.823.406,-91.596.293,,
Lisbon,Salomé,hostel,386.804.816,-91.540.519,,
Lisbon,Pousada da Juventude de Almada,hostel,386.765.481,-9.178.479,,
Lisbon,Cristo Rei Casa Vacanze,hotel,386.788.719,-91.660.907,,
Lisbon,Cacilhas Guest Apartments,guest_house,386.862.127,-91.492.417,,
Lisbon,Trevo Desperto - Lar de Idosos,hotel,386.403.664,-91.740.161,,
Lisbon,Mélita - Lar de Idosos,hotel,386.407.083,-91.725.996,,
Lisbon,Pensão Milanesa Residencial,hotel,387.175.684,-91.463.313,,
Lisbon,Almalusa Baixia/Chiado,hotel,387.083.269,-91.394.763,,
Lisbon,Mouraria Apartments von Sergio,guest_house,387.177.936,-91.345.013,,Sergio Raul
Lisbon,Alvalade II Guest House,guest_house,387.551.274,-91.394.148,,
Lisbon,Unique Lisbon Rooms,guest_house,387.236.968,-91.331.048,,
Lisbon,Hype Lisbon Hostel,hostel,387.262.135,-914.847,,
Lisbon,Lisbon World Hostel,hostel,38.726.235,-91.484.881,,
Lisbon,Daizy Guest House,hostel,387.262.224,-91.484.794,,
Lisbon,Feels Like Home Welcome Center,hotel,387.177.691,-91.427.811,,
Lisbon,Urban Garden Hostel,hostel,387.244.933,-91.469.285,,
Lisbon,Good Morning Hostel,hostel,387.157.515,-91.409.573,,
Lisbon,Lisbon Destination Hostel,hostel,387.144.796,-91.408.375,,Destination Hostels
Lisbon,We Love F****** Tourists,hostel,387.131.174,-91.370.301,,
Lisbon,B.A. Hostel,hostel,38.714.324,-91.443.603,,
Lisbon,5 Sins Chiado Hostel,hostel,387.121.745,-91.395.433,,
Lisbon,Lisbon TOP Hostel,hostel,387.293.711,-91.494.179,,
Lisbon,New Lisbon Concept Hostel,hostel,387.217.877,-91.462.019,,
Lisbon,nest house,hostel,387.354.968,-91.448.649,,
Lisbon,Lisbon Poets Hostel,hostel,387.237.663,-91.315.623,,
Lisbon,Rossio Hostel,hostel,387.136.807,-91.401.147,,
Lisbon,Hostel Lisbon Forever,hostel,387.319.283,-91.515.108,,
Lisbon,Music Hall Lisbon Hostel,hostel,387.309.418,-91.507.371,,
Lisbon,Samp's Hostel,hostel,387.334.377,-91.337.983,,
Lisbon,Guest Inn - Latino Coelho,hostel,387.328.859,-91.498.011,,
Lisbon,Welcome Hostel,guest_house,387.153.593,-91.380.031,,
Lisbon,,hostel,387.108.654,-914.357,,Passport
Lisbon,Metro Hostel,hostel,387.344.756,-91.430.054,,
Lisbon,Royal Prince Hostel,hostel,387.148.924,-91.492.424,,
Lisbon,Seven Hills Hostel,hostel,387.272.636,-91.346.503,,
Lisbon,Casa de Hóspedes Modelo,hostel,387.153.691,-91.396.287,,
Lisbon,petit LuSa,guest_house,387.114.237,-91.279.995,,
Lisbon,Hotel Exe Saldanha,hotel,387.332.396,-91.431.318,,
Lisbon,Artbeat Rooms,guest_house,387.104.976,-91.364.553,,
Lisbon,Exe Liberdade,hotel,38.725.956,-9.148.213,,
Lisbon,Palace Chiado,hotel,387.099.309,-91.401.028,,
Lisbon,Madalena by The Beautique Hotels,hotel,387.131.995,-91.365.343,,
Lisbon,Feels Like Home,hostel,387.085.201,-91.399.313,,
Lisbon,Lost Lisbon,guest_house,387.103.634,-9.140.233,,
Lisbon,Lisboa Pessoa Hotel,hotel,387.125.586,-91.414.788,,
Lisbon,Cheese & Wine,guest_house,387.082.467,-9.153.564,,
Lisbon,The Saints Suites,guest_house,387.081.599,-91.538.622,,
Lisbon,Hapimag,hotel,387.187.861,-91.427.729,,
Lisbon,Chalet d'Ávila Guest House,guest_house,387.350.714,-9.143.147,,
Lisbon,Airbnb,guest_house,387.198.736,-91.437.228,,
Lisbon,Pousada de Juventude do Parque das Nações (HI),hostel,387.780.717,-9.098.529,,
Lisbon,The ICONS,hotel,387.414.083,-91.584.866,0.5,trius hotels
Lisbon,Chez Alex,hotel,387.285.328,-91.325.439,,
Lisbon,Rossio Plaza Hotel,hotel,387.124.017,-91.391.514,,
Lisbon,The 8,hotel,387.113.582,-91.364.141,,
Lisbon,Lisbon Serviced Apartments,hotel,387.335.278,-91.509.601,,
Lisbon,LX History Rooms - Hotel,guest_house,387.249.537,-91.346.907,,
Lisbon,Istanbul Hostel,guest_house,387.249.797,-9.134.824,,
Lisbon,Silk Lisbon,hotel,387.318.077,-91.491.594,,
Lisbon,Casa das Janelas,guest_house,387.136.484,-91.468.235,,
Lisbon,The independente,hotel,387.149.956,-91.447.075,,
Lisbon,Tagus Marina House Boat,hotel,387.583.251,-90.923.774,,
Lisbon,B&B Hotel Lisboa Aeroporto,hotel,387.864.828,-91.170.255,,
Lisbon,New Aljubarrota Guesthouse,guest_house,387.116.948,-91.377.119,,
Lisbon,Norte Guest House,hotel,387.128.333,-91.373,0.25,
Lisbon,The Editory Riverside Hotel,hotel,387.135.577,-91.229.311,,
Lisbon,The Homeboat Company,hotel,387.562.253,-90.921.748,,
Lisbon,Boho Guesthouse,hostel,387.077.748,-91.437.837,,
Lisbon,Flores Guesthouse,guest_house,387.143.508,-91.510.381,,
Lisbon,Patrocinio Tours,hostel,386.338.944,-91.528.918,,Patrocinio Tours
Lisbon,Zurin Charm Hotel,hotel,387.272.604,-91.638.098,,
Lisbon,Turim Av Liberdade Hotel,hotel,387.235.787,-91.498.401,,
Lisbon,Tagus Palace,hotel,387.241.181,-91.471.737,,
Lisbon,Hotel Pestana Lisboa-vintage,hotel,387.231.835,-91.510.342,,
Lisbon,Cheese & Wine Lapa,guest_house,387.057.251,-91.665.474,,
Lisbon,Lisbon Studios,hotel,387.115.376,-91.361.869,,
Lisbon,NOW Bastidor Jovial,hostel,387.094.573,-91.330.642,,
Lisbon,Hostel 15,hostel,387.216.473,-91.355.653,,
Lisbon,We Hate F Tourists,hostel,387.222.238,-91.365.896,,
Lisbon,arsenal suit hôtel,hotel,387.076.753,-9.139.885,,
Lisbon,Selina Secret Garden Lisbon,hotel,38.709.862,-91.506.524,,
Lisbon,Be Lisbon,hostel,387.214.416,-91.352.454,,
Lisbon,4U Lisbon II Guest House,guest_house,387.594.601,-91.364.657,,
Lisbon,Comtesse Lisbonne Guest House,guest_house,387.478.627,-91.672.523,,
Lisbon,Moxy Lisbon City,hotel,387.291.658,-91.441.198,,
Lisbon,Epic Sana Marquês Hotel,hotel,387.273.272,-91.483.893,1.0,Sana Hotels
Lisbon,Baixa Guest house,guest_house,387.148.667,-91.372.429,,
Lisbon,The Central House Lisbon Baixa,hostel,387.131.269,-91.368.224,,
Lisbon,Martim Moniz 28 Guest House,guest_house,387.165.675,-91.348.938,,
Lisbon,,hotel,387.356.583,-91.436.754,,
Lisbon,,hotel,387.332.624,-91.435.735,,
Lisbon,Intendente 1865,guest_house,387.213.584,-91.342.724,,
Lisbon,Independente Hotels & Hostels,hostel,38.708.411,-91.469.836,,
Lisbon,Estrela dos Anjos,hotel,38.724.763,-91.360.083,,
Lisbon,Be Poet Baixa Hotel,hotel,387.119.279,-9.138.058,0.5,
Lisbon,Hotel da Baixa,hotel,387.121.194,-91.374.841,,
Lisbon,My Suite Lisbon,hotel,387.138.389,-91.461.338,,
Lisbon,,hotel,387.256.202,-91.456.557,,
Lisbon,Pensão Rossio,guest_house,387.119.452,-91.386.913,,
Lisbon,Ikonik Lisboa,hotel,387.632.017,-90.990.942,,
Lisbon,Friendly Hills Bairro Alto,hostel,387.110.683,-91.444.491,,
Lisbon,Varandas do chiado - Lisboa,hostel,387.094.336,-91.454.035,,
Lisbon,LX Hostel,hostel,387.030.981,-91.786.972,,
Lisbon,,hotel,387.193.817,-91.351.137,,
Lisbon,Jardim da Lapa,hotel,387.076.128,-9.164.462,,
Lisbon,"THE PESSOA, our guest since 1908",hotel,38.711.986,-91.413.598,,
Lisbon,Rossio Plaza Hotel,hotel,387.127.729,-91.392.923,,
Lisbon,Madalena,hotel,387.131.975,-91.364.615,,
Lisbon,sri-indo guest house,guest_house,387.302.875,-91.359.822,,
Lisbon,7 Luz,hostel,387.524.192,-92.008.582,,
Lisbon,GS Chiado Boutique Studios & Suites,hotel,387.104.678,-91.402.743,,
Lisbon,Lost Lisbon :: Chiado House,hotel,387.104.852,-91.402.789,,
Lisbon,Amma Lisboa Hotel,hotel,387.317.117,-91.398.042,,
Lisbon,WLFT,hostel,387.130.812,-91.369.714,,
Lisbon,The Central House,guest_house,387.131.602,-91.368.188,,
Lisbon,DuMont Lisbon Guesthouse,hotel,387.213.785,-91.315.538,,
Lisbon,Ver Belém Suites,hotel,386.970.434,-9.203.167,,
Lisbon,Gaspar House,hotel,387.424.149,-91.339.645,0.5,
Lisbon,Le premier Lisbon Suites,hotel,387.369.325,-91.488.503,,
Lisbon,MASA hotel,hotel,387.374.127,-91.480.711,,
Lisbon,Casa do Jasmim,guest_house,387.109.142,-92.010.401,,
Lisbon,,guest_house,387.552.591,-91.394.567,,
Lisbon,,guest_house,387.551.894,-9.139.415,,
Lisbon,,guest_house,387.551.457,-91.393.861,,
Lisbon,,guest_house,387.550.921,-91.393.561,,
Lisbon,,guest_house,387.553.335,-91.381.128,,
Lisbon,,guest_house,387.553.191,-91.384.285,,
Lisbon,,guest_house,387.552.435,-91.386.635,,
Lisbon,,guest_house,387.553.693,-91.391.277,,
Lisbon,,guest_house,387.556.749,-91.392.051,,
Lisbon,,guest_house,387.567.714,-91.396.068,,
Lisbon,,guest_house,38.756.798,-91.395.178,,
Lisbon,,guest_house,387.568.599,-91.393.478,,
Lisbon,,guest_house,387.567.803,-91.391.288,,
Lisbon,,guest_house,387.566.323,-91.390.523,,
Lisbon,,guest_house,387.564.888,-91.389.745,,
Lisbon,,guest_house,387.563.387,-91.388.966,,
Lisbon,,guest_house,387.562.029,-91.388.145,,
Lisbon,,guest_house,387.560.285,-91.388.371,,
Lisbon,,guest_house,387.559.004,-91.387.763,,
Lisbon,,guest_house,387.558.055,-91.385.582,,
Lisbon,,guest_house,387.558.673,-91.383.898,,
Lisbon,,guest_house,38.756.013,-91.382.666,,
Lisbon,,guest_house,387.568.612,-91.388.645,,
Lisbon,,guest_house,38.756.728,-91.387.962,,
Lisbon,,guest_house,387.565.898,-91.387.149,,
Lisbon,,guest_house,387.564.085,-9.138.658,,
Lisbon,Appartement lisbonne,guest_house,387.258.507,-91.649.994,,
Lisbon,Liberty hostel,hostel,387.223.926,-91.519.986,,
Lisbon,Mama Shelter Lisboa,hotel,387.209.863,-91.524.216,,
Lisbon,Lapa Boutique Bed & Breakfast,guest_house,387.088.639,-91.617.776,,
Lisbon,V Dinastia,guest_house,387.202.868,-91.573.431,,
Lisbon,Casual Belle Époque,hotel,387.109.856,-91.355.927,,
Lisbon,Memória,hotel,387.116.936,-91.358.869,,
Lisbon,Lisboa Prata,hotel,387.105.558,-91.366.739,,
Lisbon,Lost Lisbon :: Cais House,hotel,387.066.208,-91.430.774,,
Lisbon,,hotel,387.065.202,-91.590.309,,
Lisbon,room00 Lisboa Hostel,hotel,387.208.343,-91.445.938,,
Lisbon,Room Select Liberdade,hotel,387.175.491,-91.442.344,,
Lisbon,Brasilia,hotel,387.223.466,-91.497.704,,
Lisbon,The Ivens,hotel,387.095.944,-91.403.918,,
Lisbon,Pestana Rua Augusta,hotel,387.088.198,-91.365.748,0.75,
Lisbon,Hotel Portugal,hotel,387.144.573,-91.368.468,,
Lisbon,Moon & Sun Lisboa,hotel,387.113.466,-91.387.193,,
Lisbon,Casa dell'Arte Lisbon,hotel,387.155.748,-91.260.955,,
Lisbon,Luzeiros Suites,hotel,387.414.489,-91.471.195,,
Lisbon,Lisbon Terminal 3 Hostel,hostel,387.717.061,-91.139.371,,
Lisbon,Shangi-la Hostel,guest_house,387.275.658,-91.366.975,,
Lisbon,,hotel,38.711.906,-91.430.625,,
Lisbon,Luxury Lisbon Palace - Fine Homes,hotel,387.152.016,-91.543.685,,
Lisbon,Chiado Terrace,hotel,38.707.917,-91.434.377,,
Lisbon,Alecrim ao Chiado,hotel,387.090.059,-91.432.981,,
Lisbon,B:Mar Hostel and Suites,hotel,387.409.098,-91.025.585,,
Lisbon,Hostel África do Sul,hostel,387.284.422,-91.438.424,,
Lisbon,Citi Flat,hotel,387.279.603,-91.437.461,,
Lisbon,Shelter 10,hostel,387.271.474,-91.426.877,,
Lisbon,Lisbon Flower 360º,hotel,387.649.263,-91.535.494,,
Lisbon,Metropolitan Living Lisbon Campolide,hostel,38.734.328,-91.644.165,,
Lisbon,Finestay 8 Building Apartments,hotel,38.707.646,-91.467.738,,
Lisbon,,guest_house,387.245.897,-91.164.871,,
Lisbon,,guest_house,387.245.795,-91.165.541,,
Lisbon,,guest_house,387.245.799,-91.166.142,,
Lisbon,,guest_house,387.245.738,-91.167.248,,
Lisbon,,guest_house,387.245.646,-91.168.817,,
Lisbon,,guest_house,387.245.674,-91.169.619,,
Lisbon,,guest_house,387.245.528,-9.117.569,,
Lisbon,,guest_house,387.245.182,-91.180.511,,
Lisbon,,guest_house,387.243.098,-91.176.878,,
Lisbon,,guest_house,387.243.638,-91.168.886,,
Lisbon,,guest_house,38.724.392,-91.167.931,,
Lisbon,,guest_house,387.244.117,-91.158.607,,
Lisbon,,guest_house,38.725.089,-9.118.919,,
Lisbon,,guest_house,38.725.265,-91.189.122,,
Lisbon,,guest_house,387.253.039,-91.189.091,,
Lisbon,,guest_house,387.253.948,-91.189.112,,
Lisbon,,guest_house,38.725.447,-91.189.143,,
Lisbon,,guest_house,387.255.087,-91.189.265,,
Lisbon,,guest_house,387.255.433,-91.189.273,,
Lisbon,,guest_house,387.256.218,-91.189.284,,
Lisbon,,guest_house,387.256.939,-91.189.551,,
Lisbon,,guest_house,387.257.828,-91.189.654,,
Lisbon,,guest_house,387.258.765,-91.186.831,,
Lisbon,,guest_house,387.259.621,-91.186.807,,
Lisbon,,guest_house,387.260.127,-91.186.996,,
Lisbon,,guest_house,387.260.772,-91.187.067,,
Lisbon,,guest_house,387.261.397,-9.118.709,,
Lisbon,,guest_house,387.262.585,-91.187.197,,
Lisbon,,guest_house,387.263.656,-91.187.363,,
Lisbon,,guest_house,38.726.429,-91.187.479,,
Lisbon,,guest_house,387.265.391,-91.187.498,,
Lisbon,Dare Lisbon River,hotel,387.076.254,-91.453.752,,
Lisbon,Feeling Eduardo VII,hotel,387.342.797,-91.546.373,,
Lisbon,Edison Flat,hotel,387.345.307,-91.555.443,,
Lisbon,On The Move Apartments,hotel,387.348.865,-91.570.906,,
Lisbon,THEORYNOMAD AL CORTE INGLES,hotel,387.353.376,-9.155.918,,
Lisbon,Seven Dreams Suites,hotel,387.330.238,-91.525.175,,
Lisbon,Hotel MUaparque,hotel,387.289.417,-91.501.599,,
Lisbon,Ibis Styles Lisboa Centro Marquês de Pombal,hotel,387.279.613,-91.487.945,,
Lisbon,Pestana - hotel group,hotel,387.035.524,-9.183.417,,
Lisbon,GoodTime marquês do Pombal,hotel,387.247.925,-91.536.362,,
Lisbon,Eurostar das Letras,hotel,387.200.191,-91.488.766,1.0,
Lisbon,Hotel Nacional,hotel,387.224.674,-91.510.413,1.0,
Lisbon,Altis Grand Hotel,hotel,387.209.368,-91.501.268,1.0,
Lisbon,Eurostar das Letras,hotel,387.201.399,-91.489.829,1.0,
Lisbon,Iberostar Selection Lisboa,hotel,38.724.032,-91.524.021,925,
Lisbon,Iberostar Selection Lisboa,hotel,387.239.659,-91.523.474,925,
Lisbon,Iberostar Selection Lisboa,hotel,387.240.957,-91.524.645,925,
Lisbon,Iberostar Selection Lisboa,hotel,387.241.432,-91.525.061,925,
Lisbon,hotel encerrado,hotel,387.244.318,-91.527.522,,
Lisbon,hotel encerrado,hotel,38.724.484,-91.527.971,,
Lisbon,54 São Paulo,hotel,387.087.733,-91.491.447,,
Lisbon,Lisbon Serviced Apartments - Campos,hotel,387.450.901,-91.587.378,,
Lisbon,Eurostars Universal Lisboa,hotel,387.631.418,-90.987.716,,
Lisbon,Alojamento Local Private Accommodation,guest_house,387.235.428,-91.330.758,,
Lisbon,Pensão Beira Minho,hotel,387.142.275,-91.380.273,,
Porto,Casa Rural São Miguel,guest_house,411.351.939,-85.471.622,,
Porto,Estalagem da Via Norte,hotel,412.180.577,-86.264.653,,
Porto,Hotel Grande Rio,hotel,411.583.337,-86.067.738,,
Porto,OPO Hotel,hotel,412.348.549,-8.666.412,0.5,
Porto,Amadeos,hotel,411.809.465,-86.818.982,,
Porto,Residencial Portucalense,guest_house,41.168.407,-8.591.617,,
Porto,Residencial Brasília,hotel,411.548.136,-86.162.743,,
Porto,Yellow House,guest_house,411.552.668,-86.088.276,,
Porto,Porto Antas Hotel,hotel,411.631.124,-85.894.407,,
Porto,Porto-Mar ***,hotel,411.857.614,-86.932.077,,
Porto,Hotel Black Tulip,hotel,41.120.732,-86.064.246,,
Porto,ClipHotel,hotel,411.247.925,-86.056.141,0.5,
Porto,Davilina,hotel,411.246.951,-86.056.143,,
Porto,Hotel Beta Porto,hotel,411.780.075,-86.143.361,,
Porto,Pransor Águas Santas,hotel,412.004.633,-85.692.256,,
Porto,Pensão Residencial Abê,hotel,412.177.877,-85.533.835,,
Porto,Hotel Premium,hotel,412.353.146,-8.625.606,0.75,
Porto,Residencial Veneza,hostel,411.470.998,-85.897.584,,
Porto,Pensão Douro,guest_house,411.450.531,-86.103.307,,
Porto,Hospedaria das Taipas,guest_house,411.440.558,-86.172.129,,
Porto,Alma Porto Hostel,hostel,411.504.805,-85.949.941,,
Porto,Ribeira do Porto Hotel,hotel,411.406.485,-86.131.638,,Tomaz do Douro Empreendimentos Turísticos Lda.
Porto,Residencial Caldeira,hostel,411.446.197,-86.168.595,,
Porto,Surfivor - Porto Surf Hostel,hostel,41.158.978,-86.832.737,,Surfivor Surf Camps
Porto,Three House,guest_house,411.542.351,-8.626.185,,
Porto,Stayin Oporto Música Guest Appartment,guest_house,411.514.379,-86.061.187,,
Porto,Jualis Guest House,guest_house,411.471.827,-85.966.969,,
Porto,Tattva Design Hostel,hostel,411.441.987,-86.090.035,,
Porto,Porto Alive,hostel,411.442.168,-86.129.922,,
Porto,Casa 45,guest_house,411.504.305,-86.135.634,,
Porto,Hostal PurpleHouse,hostel,411.610.464,-86.071.372,,
Porto,Porto Spot Hostel,hostel,411.536.597,-86.053.013,,
Porto,Hotel Santiago,hotel,41.118.961,-8.542.994,,
Porto,Hostel Alegria,hostel,41.159.696,-86.010.271,,
Porto,Hotel Vice Rei,hotel,411.554.701,-862.765,,
Porto,A Brasileira - Pestana Hotel,hotel,411.469.227,-86.093.321,1.0,
Porto,Pedra Iberica,hostel,411.552.049,-86.024.781,,
Porto,Albergue de peregrinos Nossa Senhora do Rosário de Vilar,hostel,411.497.784,-86.286.336,,Casa Diocesana de Vilar
Porto,Casa Paraíso,guest_house,411.575.414,-86.087.399,,
Porto,Bonjardim 466 - Historical Townhouse,guest_house,411.503.005,-86.091.086,,
Porto,Miradouro Vintage Hotel,hotel,411.557.638,-8.602.316,,
Porto,Breyner House,hostel,411.515.146,-86.180.778,,
Porto,Hospedaria Porto,hostel,411.494.451,-8.586.439,,
Porto,Ibis Hotel São João,hotel,411.804.758,-86.044.345,,
Porto,Duas Nações Guest House;Duas Nações,guest_house,411.478.462,-86.150.349,,
Porto,Porto Suites de Marquês,hotel,411.600.984,-86.056.185,,
Porto,Rachel,guest_house,411.527.495,-86.103.871,,
Porto,,guest_house,41.143.133,-86.167.368,,
Porto,O2 Hostel,hostel,411.470.469,-85.965.274,,
Porto,Albergue de Peregrinos do Porto,hostel,41.159.781,-86.207.432,,Misericórdia do Porto
Porto,World Music Hostel,hostel,411.413.548,-86.141.675,,
Porto,Gran Cruz House,guest_house,411.406.211,-86.126.964,,
Porto,Casa do Sol,guest_house,411.427.944,-86.053.917,,
Porto,Antas Ville,hostel,41.166.388,-85.902.203,,
Porto,Being Porto,hostel,411.426.924,-86.157.557,,
Porto,Casa dos Lóios by Shiadu,guest_house,411.448.884,-86.118.711,,Shiadu
Porto,República Prime,guest_house,411.536.449,-86.135.205,,
Porto,Feels Like Home,hostel,411.466.983,-86.071.069,,
Porto,Sport Hostel Lissabon,hostel,411.489.725,-86.062.003,,
Porto,Send Me 2 Portugal,guest_house,411.449.196,-86.098.223,,
Porto,Bonfim 234 Townhouse,guest_house,411.496.156,-85.962.321,,
Porto,Cats Hostel Porto,hostel,41.144.468,-86.095.555,,Cats Hostel
Porto,Albergue de Peregrinos Srª da Hora,hostel,411.883.459,-8.649.721,,
Porto,Urban Garden Porto Central Hostel,hostel,411.510.134,-86.043.419,,
Porto,Hotel Poveira,hotel,411.483.991,-85.862.898,0.0,
Porto,Lis,guest_house,411.640.169,-86.112.302,,
Porto,Singular,hotel,412.386.307,-86.671.377,,
Porto,Residencial Monte Carlo,guest_house,411.509.322,-85.978.912,,
Porto,Boavista Guest House,guest_house,411.564.656,-86.212.144,,
Porto,The Passenger - Hostel,hostel,41.145.798,-86.101.913,,
Porto,Hotel Mercure Gaia,hotel,411.425.617,-86.377.532,,
Porto,Hotel Porto Rico,hotel,411.486.992,-86.122.074,,
Porto,Hotel Vila Galé Ribeira Porto,hotel,411.456.647,-86.299.658,,
Porto,Hotel Aeroporto,hotel,412.396.237,-86.663.301,,
Porto,Hotel Residencial Dona Teresa,hotel,412.305.769,-85.726.216,0.5,
Porto,Travel & Live Porto Hostel,hostel,411.504.182,-86.054.356,,
Porto,Gardenia Porto Guest House,guest_house,411.823.639,-8.582.775,,
Porto,Santa Catarina,guest_house,41.157.204,-86.044.966,,
Porto,Green´s apartment,guest_house,411.572.026,-86.047.018,,
Porto,Albergue Noturno,guest_house,411.486.216,-85.872.713,,
Porto,MyStay Batalha,hotel,411.456.803,-86.079.165,,
Porto,Tryp Porto Centro,hotel,411.571.061,-86.021.568,0.5,
Porto,Legendary,hotel,411.456.862,-86.074.529,,
Porto,Residencial Faria Guimarães,guest_house,411.589.799,-86.086.015,,
Porto,Ibis Porto Centro São Bento,hotel,411.470.066,-86.040.617,,Accor
Porto,Hotel Universal,hotel,411.472.091,-86.108.843,,
Porto,,hotel,411.567.666,-85.976.086,,
Porto,LovelyAgu,guest_house,411.565.219,-85.996.021,,
Porto,Descobertas,hotel,411.406.411,-86.134.118,0.75,
Porto,Messe,hotel,411.444.714,-86.067.203,,
Porto,Rua Touristic Apartements,guest_house,411.438.697,-86.124.741,,
Porto,Alojamento Local,guest_house,411.444.831,-86.116.632,,
Porto,,guest_house,4.114.518,-86.112.969,,
Porto,,guest_house,411.453.001,-86.112.304,,
Porto,,guest_house,411.455.662,-86.110.889,,
Porto,,guest_house,411.454.523,-86.111.472,,
Porto,Galerias Fashion Flats,guest_house,411.474.948,-86.140.219,,"Feel Porto - Alojamento Local e Serviços Turísticos, Lda."
Porto,Alojamento Local - Graça,guest_house,411.475.572,-86.097.917,,
Porto,Porto Gaia Guest House,hostel,411.168.865,-86.047.941,,
Porto,Maison do Joãozinho,guest_house,411.408.475,-86.115.656,,
Porto,,guest_house,411.406.705,-86.115.294,,
Porto,Porto River,hotel,411.406.167,-86.126.145,0.75,
Porto,Hospedaria 31 de Janeiro,guest_house,411.462.781,-86.078.184,,
Porto,Hotel Privatti,hotel,411.460.848,-86.072.711,0.5,
Porto,Secret Hostel,hostel,411.460.474,-86.099.134,,
Porto,S. Bento Apartment's,hostel,411.460.368,-86.091.832,,
Porto,Loft by Gio Rodrigues,hostel,411.460.603,-86.090.437,,
Porto,Porto Sé House,guest_house,411.433.384,-86.114.404,,
Porto,Cathedral Deisgn Apartments,hostel,411.428.057,-86.124.154,,
Porto,,hostel,411.444.091,-86.095.644,,
Porto,ORM Chã Apartments,hostel,411.441.162,-86.098.799,,
Porto,Cats Hostels,hostel,411.440.531,-8.609.923,,
Porto,AL Batalha,hostel,411.448.184,-86.077.636,,
Porto,Rosalma Hostel,hostel,411.506.183,-86.056.566,,
Porto,The Bloom House,hostel,411.506.499,-86.053.858,,
Porto,My Story Apartments Santa Catarina,guest_house,41.147.886,-86.062.978,,
Porto,Porto Cynema Apartments,guest_house,411.462.746,-86.069.881,,
Porto,,hostel,411.448.274,-8.608.287,,
Porto,Nations Porto,hostel,411.447.684,-86.083.624,,
Porto,Oportoliving,hostel,411.447.348,-86.084.509,,
Porto,Selina Porto,hostel,41.149.663,-8.614.911,,
Porto,Pensão Douro,guest_house,41.146.812,-8.616.538,,
Porto,Residencial Triunfo,guest_house,411.443.899,-86.086.682,,
Porto,Porto Trindade Hotel,hotel,411.530.569,-86.103.268,,
Porto,Design Palacio Flats,hotel,411.432.976,-86.088.473,,
Porto,Eurostars Aliados,hotel,411.488.829,-86.114.525,,
Porto,Laurear,guest_house,411.473.916,-86.125.659,,
Porto,Eurostars Matosinhos,hotel,411.811.936,-8.693.448,,
Porto,Casa do Tio,hotel,411.808.136,-86.856.062,,
Porto,oporto airport & business hotel,hotel,412.404.496,-86.596.304,0.75,
Porto,3K Hotel,hotel,41.239.496,-86.591.215,0.5,
Porto,BO Fernandes Tomás,hostel,411.500.827,-86.074.386,,
Porto,Flowers Downtown,guest_house,411.455.161,-8.620.319,,
Porto,Porto City House ****,hotel,411.631.914,-86.497.373,,
Porto,Happy Porto Hostel & Apartments,hostel,411.443.829,-86.234.043,,Happy Porto Sociedade Unipessoal Lda
Porto,ABC Hotel - Porto Boavista,hotel,411.604.246,-86.281.647,,
Porto,Oporto Music Hostel,hostel,411.603.196,-8.628.154,,
Porto,Job 1,hostel,411.547.286,-86.031.246,,
Porto,Wine,hostel,411.466.948,-86.170.979,,
Porto,Cordoaria,guest_house,411.467.539,-8.617.243,,
Porto,CoolHostel,hostel,411.479.827,-86.056.373,,
Porto,S. Francisco,guest_house,411.798.782,-86.893.028,,
Porto,Naya Porto,guest_house,411.627.975,-86.125.324,,
Porto,Porto Music Guest House,guest_house,411.580.464,-8.630.825,,
Porto,Boavista Class Inn,guest_house,411.580.969,-86.311.137,,
Porto,Hospedaria Boavista,guest_house,411.588.755,-86.340.128,,
Porto,Hilton Porto Gaia,hotel,411.356.504,-86.184.619,1.0,Hilton
Porto,The House,hotel,4.114.135,-86.140.394,,
Porto,Portobay Flores,hotel,411.437.327,-86.141.756,,
Porto,Porto A.S. 1829 Hotel,hotel,411.429.926,-86.149.134,,
Porto,One Shot Aliados Goldsmith 12,hotel,411.461.545,-86.120.622,0.75,
Porto,Hotel da Musica ****,hotel,411.563.083,-86.290.865,,
Porto,Residencial Vale Formoso,hotel,411.658.947,-86.121.707,,
Porto,Predicados do Douro Palace,guest_house,41.148.498,-8.624.637,,
Porto,Pur Oporto Boutique Hotel,hotel,411.544.716,-8.604.613,,
Porto,Hotel Vitória Village,hotel,411.449.133,-86.137.148,,
Porto,S. Bento Residences,hotel,411.450.838,-86.105.804,,
Porto,Hotel Porto Castelo Santa Catarina,hotel,411.582.071,-8.604.806,,
Porto,Girassol,hotel,411.472.586,-86.088.846,,
Porto,Eurostarts Porto Centro,hotel,411.468.062,-86.098.342,0.75,
Porto,Hotel Peninsular,hotel,411.464.432,-86.102.477,0.25,
Porto,Hotel Senhor de Matosinhos,guest_house,411.833.513,-86.873.424,,
Porto,,hostel,411.499.273,-86.002.605,,
Porto,Casa das Laranjas,guest_house,411.494.012,-86.696.844,,
Porto,ML Formosa Deluxe Rooms,guest_house,411.473.154,-86.024.699,,
Porto,Homey,guest_house,41.140.415,-86.139.736,,
Porto,InPátio,guest_house,41.141.945,-86.143.176,,
Porto,Riverside Apartments,hostel,411.402.806,-86.151.719,,
Porto,Guesthouse Douro,guest_house,411.403.173,-86.142.911,,
Porto,Bridge It - Suites & Views,hostel,411.393.956,-86.074.684,,
Porto,,guest_house,411.633.377,-86.142.089,,
Porto,Best Guest Hostel,hostel,41.144.421,-86.121.559,,
Porto,GRANDE HOTEL PARIS,hotel,411.473.086,-86.127.571,,
Porto,Hotel América,hotel,411.551.452,-86.045.745,0.5,
Porto,STAY HOTEL PORTO CENTRO TRINDADE,hotel,411.532.815,-86.069.054,,
Porto,Santa Catarina Appartments,guest_house,411.525.302,-86.046.319,,
Porto,Holiday Inn Express,hotel,41.151.937,-86.051.168,,
Porto,Íbis,hotel,411.512.331,-86.067.315,,
Porto,Guest House in Trindade,guest_house,411.561.002,-86.093.779,,
Porto,,hostel,411.498.467,-86.002.953,,
Porto,So Cool,hostel,411.567.155,-86.225.459,,
Porto,Moov Hotel,hotel,411.456.985,-86.067.444,,
Porto,Yotel,hotel,411.537.054,-86.090.374,,
Porto,Selina,hotel,411.496.894,-86.142.698,,
Porto,Fontinha,hotel,411.565.157,-86.048.643,,
Porto,Porto Riad,guest_house,411.554.212,-86.025.029,,
Porto,Residencial Sol da Nave,hotel,411.642.698,-86.111.269,,
Porto,BJ,guest_house,411.551.624,-86.075.585,,
Porto,Almada 643 Apartments,guest_house,411.531.446,-8.612.199,,
Porto,Hotel Infante de Sagres,hotel,411.479.166,-86.129.294,,
Porto,bnapartments Carregal *,hotel,411.493.384,-86.178.038,,
Porto,,hotel,411.484.397,-86.042.978,,
Porto,Oh! Porto,hotel,411.384.064,-86.093.061,,
Porto,Solar Transmontano - Alojamento Local,guest_house,411.473.955,-85.868.157,,
Porto,Métier Boutique Hotel,hotel,411.596.166,-86.013.771,,
Porto,Village By Boa,hostel,411.521.315,-86.083.103,,
Porto,M2Students Hostel,hostel,411.532.495,-86.079.627,,
Porto,Villa Teresa Apartamentos,hotel,411.361.514,-8.615.224,,
Porto,Portofino,hotel,411.888.835,-86.250.955,,
Porto,Invicta Porto,guest_house,411.556.718,-86.053.138,,
Porto,Casa Albino Batista,hostel,411.560.795,-86.218.199,,
Porto,PortoBay Hotel Teatro,hotel,411.465.953,-86.092.573,0.75,
Porto,B the Guest,hotel,41.148.611,-860.756,0.0,
Porto,Bolhão Residences,guest_house,41.148.205,-86.071.889,,
Porto,Mercure,hotel,411.472.244,-86.096.013,0.75,
Porto,Nice Way Hostel,hostel,411.467.697,-86.105.773,,
Porto,"Arts Hotel Porto, Tapestry Collection by Hilton",hotel,411.454.709,-86.046.095,,
Porto,Menina Colina,hotel,411.463.909,-86.203.573,,
Porto,Porto Coliseum Hotel,hotel,411.468.796,-86.057.993,0.5,
Porto,Ndussole Guesthouse,hostel,411.494.492,-8.588.164,,
Porto,Cafe hotel linha 22,hotel,411.458.676,-86.127.872,,
Porto,,guest_house,411.526.162,-86.222.196,,
Porto,Hotel Borsalino,hotel,411.608.494,-8.597.344,,
Porto,Hotel Portinari,hotel,411.828.351,-85.968.374,,
Porto,,hostel,411.498.292,-86.149.837,,
Porto,Hospedaria Londres,hotel,411.478.253,-8.586.459,,
Porto,,hostel,411.433.399,-86.115.728,,
Porto,Destilaria Residence,hotel,411.427.272,-862.995,,
Porto,The Rebello - Hotel & Spa,hotel,411.382.536,-86.210.167,,
Porto,Leão de Ouro,guest_house,411.854.066,-86.945.497,,
Porto,Del Rei,hotel,411.806.137,-86.894.693,,
Porto,MyTrip Porto,hotel,411.805.889,-86.885.132,,
Porto,Pensão França,guest_house,411.474.809,-86.157.506,,
Porto,Porto Downtown,hostel,411.476.314,-86.143.587,,
Porto,Porto Clerigus,guest_house,411.470.974,-86.142.645,,
Porto,TMJ BeB,guest_house,41.147.083,-86.134.742,,
Porto,Yes! Porto,hostel,41.145.695,-86.135.958,,
Porto,Hotel Internacional,hotel,411.473.541,-86.123.263,0.5,
Porto,Oporto Lood Studios,guest_house,411.477.016,-8.612.094,,
Porto,Hotel Aliados,hotel,411.478.198,-86.117.052,,
Porto,Hotel Pão de Açúcar,hotel,411.486.945,-86.120.389,,
Porto,Hotel Vera Cruz,hotel,411.492.959,-86.116.422,,
Porto,PortoSense - Almada,hostel,411.492.595,-86.121.979,,
Porto,Porto Lounge Hostel,hostel,411.495.717,-86.121.867,,
Porto,Exe Almada Porto,hotel,411.501.582,-86.122.509,,
Porto,Almada Guesthouse,guest_house,411.500.598,-86.121.884,,
Porto,I Loft Porto,guest_house,411.488.574,-8.612.819,,
Porto,Wine & Books Porto Hotel,hotel,411.482.983,-86.148.369,,
Porto,Hotel S. Marino,hotel,411.489.778,-86.159.168,,
Porto,chic&basic Gravity Hotel,hotel,411.491.273,-86.148.186,0.75,chic&basic hotels
Porto,Oporto Invictus,hostel,411.497.197,-86.149.129,,
Porto,Host Wise Office,guest_house,411.521.044,-86.138.632,,
Porto,WOT,hotel,411.500.104,-8.614.245,,
Porto,Hotel Malaposta,hotel,411.500.647,-8.614.458,,
Porto,PILOT Design Hostel & Bar,hostel,411.501.098,-86.148.865,,
Porto,A Portuguesa Guest House,guest_house,411.508.616,-86.143.905,,
Porto,MyStay Porto Centro,guest_house,411.516.124,-86.146.355,,
Porto,Pensão Nobreza,guest_house,411.515.653,-86.178.907,,
Porto,Douro Dreams Guest House,guest_house,411.514.411,-86.218.388,,
Porto,Casas do Palácio,guest_house,411.483.276,-86.241.748,,
Porto,Oporto Loft,guest_house,411.481.043,-86.235.535,,
Porto,,guest_house,411.480.389,-86.232.587,,
Porto,Oporto Serviced Apartments,guest_house,411.552.662,-8.618.649,,
Porto,BNApartments,guest_house,411.496.989,-86.241.733,,
Porto,Portfolio Guest House,guest_house,411.491.756,-86.208.756,,
Porto,Eurostars Das Artes,hotel,411.500.724,-86.208.706,0.75,Eurostars
Porto,Lusitana Hotel,hotel,411.505.362,-86.211.747,,
Porto,,guest_house,411.486.944,-86.179.548,,
Porto,Home17,guest_house,411.487.887,-86.179.248,,
Porto,C.Hóspedes Miguel Bombarda,guest_house,411.501.445,-86.176.388,,
Porto,Gallery Hostel,hostel,411.498.825,-86.195.661,,
Porto,Pensão Favorita,hostel,41.149.688,-86.201.037,,
Porto,Casa Antiga,guest_house,411.496.329,-8.621.508,,
Porto,Ayres Gouvea House,guest_house,411.468.689,-86.205.312,,
Porto,Eurostars Heroismo,hotel,411.462.145,-85.934.709,0.75,
Porto,EXE Essencia Oporto Hotel,hotel,411.529.209,-86.228.092,,
Porto,Hotel das Virtudes,hotel,41.143.749,-86.196.641,,
Porto,Charm Garden Almada,guest_house,411.509.512,-86.118.614,,
Porto,Almada Apartments,guest_house,411.512.244,-86.119.028,,
Porto,Hotel Porto Interface Trindade,hotel,411.523.057,-86.102.626,,
Porto,,guest_house,411.521.467,-86.108.832,,
Porto,,guest_house,411.523.776,-86.108.506,,
Porto,Hospedaria Luar,guest_house,411.522.874,-86.110.224,,
Porto,Fábrica de Histórias,guest_house,411.505.005,-86.121.839,,
Porto,Porto Vintage,guest_house,411.524.634,-86.119.382,,
Porto,,guest_house,411.525.091,-86.119.351,,
Porto,Hospedaria São Roque,guest_house,411.865.421,-86.910.252,,
Porto,Casa Amarela,guest_house,411.849.864,-86.903.598,,
Porto,Decanting Porto House,hostel,411.488.194,-86.041.293,,
Porto,Oporto Cosy,hostel,411.551.089,-86.029.338,,
Porto,Casas do Teatro,guest_house,411.438.637,-86.083.497,,
Porto,AMRO Porto,hostel,411.740.643,-86.070.864,,
Porto,Hotel São José,hotel,411.495.249,-86.039.818,,"Sociedade Hoteleira S. Jóse, Lda"
Porto,,guest_house,411.483.832,-86.039.159,,
Porto,Porto Downtown Living - Picaria Apartments,guest_house,411.490.039,-86.128.945,,
Porto,Solar Antigo Porto Aeroporto,hotel,412.387.278,-86.677.965,0.75,
Porto,Perafita Yellow House - EcoHost,guest_house,412.275.323,-86.901.065,,
Porto,Residencial São Gabriel,guest_house,411.482.955,-86.039.078,,
Porto,OceanBreeze Matosinhos - EcoHost,guest_house,411.787.688,-8.690.149,,Ecohost
Porto,Room Select Porto Suites,hotel,411.537.029,-86.111.897,,
Porto,room Select Porto,hotel,411.535.097,-86.127.863,,
Porto,Casa da Companhia,hotel,411.439.867,-86.136.965,,
Porto,Clube Porto Rugby Charming Apartments,guest_house,411.460.539,-86.083.325,,
Porto,aDuquesa GuestHouse,guest_house,411.463.936,-85.973.993,,
Porto,,guest_house,411.753.777,-86.429.015,,
Porto,Stay Hotel Porto Aeroporto,hotel,412.359.688,-86.648.711,,
Porto,Cale,guest_house,411.428.908,-86.154.053,,
Porto,Mo House,hotel,411.424.381,-8.616.879,,
Porto,Porto Brasil Hostel Excellent Location,hostel,411.486.734,-85.979.687,,
Porto,Samba,hostel,411.493.194,-86.119.854,,
Porto,Porto Nobre,hotel,411.799.741,-86.136.034,,
Porto,Maison Azgaw,guest_house,411.742.983,-85.806.278,,
Porto,Manor House Porto,hostel,411.419.748,-86.108.017,,
Porto,Pensão Mondariz,hostel,41.145.185,-86.079.595,,
Porto,Tattva Design Apartments,guest_house,411.433.042,-86.068.851,,
Porto,Pensão Provinciana,guest_house,41.143.271,-86.067.263,,
Porto,Pensão Avis,guest_house,411.455.011,-86.051.599,,
Porto,Alexandre Herculano Apartments,guest_house,411.431.945,-86.028.482,,
Porto,Residencial Porto Madrid,guest_house,411.431.529,-86.026.993,,
Porto,Residencial Porto Novo,guest_house,411.435.986,-86.040.141,,
Porto,Gold River Apartments,guest_house,411.443.943,-86.028.963,,
Porto,Design Oporto Flats,guest_house,411.442.669,-86.027.952,,
Porto,Centenary Fontainhas Apartments,guest_house,411.445.866,-86.029.417,,
Porto,Magnolia Porto Hostel,hostel,411.453.292,-86.036.302,,
Porto,Residencial Lunar,guest_house,411.444.797,-86.046.001,,
Porto,Residencial Henrique VIII,guest_house,411.443.624,-86.046.552,,
Porto,12 Short Term,guest_house,41.144.422,-8.604.913,,
Porto,6 Only,guest_house,411.445.199,-86.048.623,,
Porto,Easy Hotel,hotel,411.442.349,-86.051.177,,
Porto,Oporto Trendy Appartments,guest_house,411.484.351,-86.028.602,,
Porto,Hospedaria Formosa,guest_house,411.480.005,-86.047.085,,
Porto,Escondidinho B&B Porto,guest_house,411.467.533,-86.062.889,,
Porto,By Bolhão,hostel,411.492.309,-86.066.286,,
Porto,Villa Bolhão,hostel,411.491.439,-86.066.757,,
Porto,In Porto Gallery,guest_house,411.494.179,-86.094.176,,
Porto,The White Box House,guest_house,411.511.872,-86.053.915,,
Porto,Residencial Santa Clara,guest_house,411.514.482,-86.043.703,,
Porto,Bolhão Appartments,guest_house,411.496.188,-8.606.419,,
Porto,Hotel do Norte,hotel,411.496.282,-86.054.973,0.25,
Porto,Blue Tiles,hostel,411.505.008,-86.041.322,,
Porto,Oporto Tourist Apartments,hostel,41.142.998,-86.145.791,,
Porto,Porto Automatic,hostel,411.472.848,-86.094.285,,
Sintra,Pestana Sintra Golf,hotel,387.627.834,-93.673.289,,
Sintra,Estoril 7,hotel,387.402.938,-93.996.301,,
Sintra,Apartamentos Turísticos Quinta da Vigia,hotel,38.821.126,-94.718.401,,
Sintra,Hotel Arribas,hotel,388.171.805,-94.756.568,,
Sintra,Quinta das Murtas,guest_house,387.947.312,-93.842.913,,
Sintra,,guest_house,387.983.978,-93.902.673,,
Sintra,,guest_house,387.960.029,-93.901.015,,
Sintra,Pielas,guest_house,388.026.029,-93.809.752,,
Sintra,Sintra Sol,hotel,388.241.539,-94.675.703,,
Sintra,,guest_house,388.265.524,-94.695.665,,
Sintra,Nova Sintra,hotel,38.801.533,-9.383.221,,
Sintra,,guest_house,387.692.046,-93.844.888,,
Sintra,The Lodge,guest_house,388.136.279,-94.702.999,,
Sintra,Azenhas do Mar Village,hostel,388.398.739,-94.610.724,,
Sintra,Pensão Gare,guest_house,387.974.821,-93.411.857,,
Sintra,Chalet Saudade,hotel,387.993.804,-93.867.173,,
Sintra,Vivenda André,guest_house,38.850.193,-93.329.354,,
Sintra,alvor,hotel,387.920.242,-93.499.965,,
Sintra,Portuguese Hostel,hostel,388.015.129,-93.827.797,,
Sintra,Cabra Figa,hostel,388.891.038,-93.541.118,,
Sintra,Casa Azul,hostel,388.029.766,-93.814.124,,
Sintra,,hotel,387.706.336,-94.790.494,,
Sintra,Guincho Surf Village,hostel,387.528.829,-9.448.854,,
Sintra,Moby Dick Lounge,hostel,387.528.654,-94.506.752,,
Sintra,Azen Cool House,hotel,388.461.194,-94.530.518,,
Sintra,,guest_house,388.141.063,-9.468.679,,
Sintra,,guest_house,388.278.203,-9.459.684,,
Sintra,Casa da Ursa,guest_house,387.867.432,-94.767.647,,
Sintra,Casa da Pendoa,guest_house,387.971.686,-93.916.948,,
Sintra,São Pedro Guest House,guest_house,387.912.042,-93.803.269,,São Pedro Guest House
Sintra,Dream Guincho,hotel,387.550.287,-94.545.051,,
Sintra,Rosegarden House,guest_house,387.918.735,-9.380.917,,
Sintra,Comfy Sintra,guest_house,387.891.962,-93.774.321,,
Sintra,Hotel Sintra Jardim,hotel,387.945.204,-9.382.189,,
Sintra,Charm Nature,hotel,387.751.251,-94.759.347,,
Sintra,casa Mathilde Sintra,guest_house,38.803.927,-93.804.896,,
Sintra,Quinto do Cabo Guesthose,guest_house,38.770.487,-94.859.125,,
Sintra,Lugar Saloio Sintra,guest_house,388.065.207,-93.369.152,,
Sintra,Hooked Surf House,hostel,387.349.434,-94.556.341,,
Sintra,Lanui,guest_house,388.015.918,-93.840.189,,
Sintra,The Five House,guest_house,388.019.225,-93.869.772,,
Sintra,Moon Hill,hostel,387.985.937,-93.885.761,,
Sintra,Casinha Amarela,guest_house,387.894.444,-93.788.006,,
Sintra,,hostel,388.190.723,-94.646.451,,
Sintra,Sintra Small Hostel,hostel,387.901.944,-93.785.014,,
Sintra,Pousada de Jovens de Sintra,hostel,387.988.289,-93.866.518,,
Sintra,Villa das Rosas,hotel,388.051.457,-93.798.422,,
Sintra,Moby Dick Lodge Molares,guest_house,388.068.238,-94.480.388,,
Funchal,Quinta da Fonte,hotel,326.645.685,-169.163.994,,
Funchal,Hotel Eira Do Serrado,hotel,32.710.232,-16.962.948,,
Funchal,Residencial Funchal,hostel,326.490.613,-169.036.373,,
Funchal,Galomar,hotel,326.416.489,-168.328.798,0.5,
Funchal,Inn & Art,hotel,326.416.106,-168.346.674,,
Funchal,Royal Orchid,hotel,326.428.011,-168.294.526,,
Funchal,Rocamar,hotel,326.422.326,-168.300.388,,
Funchal,Vila Vicencia,hotel,32.638.567,-169.302.784,,
Funchal,Hotel Cais de Oliveira,hotel,326.422.734,-16.830.704,,
Funchal,Vila Ventura,guest_house,326.425.373,-168.306.791,,
Funchal,Madeira Panorâmico Hotel,hotel,326.431.675,-169.321.457,0.75,
Funchal,Pestana Village,hotel,326.408.336,-169.251.062,,
Funchal,Pestana Miramar,hotel,326.416.817,-169.248.635,,
Funchal,Estrelícia,hotel,326.401.786,-169.302.903,,
Funchal,Dom Pedro,hotel,326.431.386,-168.518.121,,
Funchal,Vila Lusitânia,hotel,326.417.513,-169.302.406,,
Funchal,Golden Residence,hotel,326.367.957,-169.462.819,,
Funchal,Quinta Mae dos Homens,hotel,326.557.233,-168.973.126,,
Funchal,Vila Camacho,hotel,326.439.586,-169.299.941,,
Funchal,Sirius,hotel,326.507.171,-169.060.731,0.25,
Funchal,Hotel Alto Lido,hotel,326.383.436,-16.936.137,0.75,
Funchal,The Vine Hotel,hotel,326.476.752,-169.134.195,1.0,
Funchal,Avenue Park,hotel,326.454.351,-169.167.318,,
Funchal,NEXT Savoy Signature,hotel,32.642.591,-169.195.539,,
Funchal,Aparthotel Imperatriz,hotel,326.440.568,-169.182.948,,
Funchal,Quinta da Penha de França,hotel,32.643.059,-16.918.473,,
Funchal,Girassol,hotel,326.387.025,-169.292.471,,
Funchal,Residencial Americana,hotel,32.649.038,-169.075.728,,
Funchal,Residencial Chafariz,hotel,326.489.325,-169.079.787,,
Funchal,Baía Azul,hotel,32.636.363,-169.397.552,0.75,
Funchal,Duas Torres,hotel,326.348.824,-169.422.289,0.5,
Funchal,Tiles,hotel,326.377.814,-169.305.801,0.5,
Funchal,Porto Mare,hotel,32.637.669,-169.326.246,0.75,
Funchal,Suite Hotel Eden Mar Madeira,hotel,326.375.698,-169.316.156,,
Funchal,The Residence,hotel,326.368.643,-169.329.845,,
Funchal,Casa do Papagaio Verde,guest_house,326.465.797,-169.501.351,,
Funchal,Quintinha São João Hotel & Spa,hotel,326.482.644,-169.200.882,1.0,
Funchal,Madeira Bright Star,hotel,326.431.199,-169.181.247,,
Funchal,hotel madeira,hotel,326.480.419,-169.123.554,,
Funchal,,hotel,326.410.264,-169.241.466,,
Funchal,Quinta da Casa Branca,hotel,326.419.421,-169.270.683,,
Funchal,TUI BLUE Madeira Gardens,hotel,32.641.835,-169.289.079,,
Funchal,Residencial Pina,hotel,326.553.853,-169.078.995,,
Funchal,arts in,hotel,326.512.636,-16.897.627,,
Funchal,Ribeiro Frio Cottage,guest_house,32.730.432,-16.889.953,,
Funchal,Regency Cliff,hotel,326.352.432,-1.694.075,0.75,
Funchal,Penha França Mar,hotel,326.418.158,-169.183.167,,
Funchal,Molhe Apartments-Pina,hotel,326.549.022,-169.055.694,,
Funchal,Vila Marta - Apartamentos Turísticos,hotel,326.469.282,-169.448.208,,
Funchal,Mirasol Pensão Residencial,hotel,326.484.144,-168.989.016,,
Funchal,Santa Maria,hostel,326.479.831,-169.011.294,,
Funchal,Apartamentos da Carreira,guest_house,326.487.016,-169.119.871,,
Funchal,Castanheiro Boutique Hotel,hotel,326.498.041,-169.102.385,,
Funchal,Pensão Astoria,hotel,326.485.227,-169.076.574,,
Funchal,Hotel Orquídea,hotel,326.515.498,-169.096.058,,
Funchal,Cantinho das Bananas,guest_house,326.559.965,-169.313.528,,
Funchal,Residencial Queimada de Baixo,hotel,326.488.821,-169.081.234,,
Funchal,Alpino Atlântico,hotel,3.264.203,-168.366.983,0.75,
Funchal,The Views Oásis,hotel,326.462.392,-168.255.647,,
Funchal,Hotel Riu Madeira,hotel,326.460.287,-168.269.974,0.75,RIU Hotels & Resorts
Funchal,Villa Opuntia,hotel,326.419.669,-168.385.168,,
Funchal,Hotel Windsor,hotel,326.506.517,-16.905.848,,
Funchal,Caju Le Petit Hotel,hotel,32.648.894,-169.118.049,0.75,
Funchal,Turim Santa Maria Hotel,hotel,326.510.626,-169.034.758,,
Funchal,Monte Verde,hotel,326.410.902,-169.283.468,,
Funchal,Vila Afonso,hotel,326.640.591,-169.796.839,,
Funchal,Funchal Design Hotel,hotel,326.489.216,-169.149.251,0.75,
Funchal,Sé Boutique Hotel,hotel,326.484.863,-169.072.858,,
Funchal,Hotel do Carmo,hotel,326.508.873,-169.044.931,,
Funchal,Casa Velha do Palheiro,hotel,326.580.699,-168.673.664,1.0,
Funchal,A Casa do Lado,hotel,326.481.416,-169.029.476,,
Funchal,,guest_house,326.481.343,-169.028.269,,
Funchal,Pestana Churchill Bay - Reception,hotel,326.480.912,-169.754.876,,
Funchal,Madeira Hostel 29,hostel,326.509.598,-169.103.219,,
Funchal,Savoy Palace,hotel,326.436.494,-169.204.986,1.0,
Funchal,Three House Hotel,hotel,326.497.833,-169.034.576,,
Funchal,Stay inn Funchal,hostel,326.505.842,-169.045.683,,
Funchal,Bio Hotel Quinta da Serra,hotel,326.939.717,-169.950.348,1.0,
Funchal,Jaca Hostel Funchal,hostel,326.506.378,-169.095.997,,
Funchal,Pestana Fisherman Village,hotel,326.486.013,-169.756.555,,
Funchal,Buganvilia Studio,hotel,326.397.851,-169.300.947,,
Funchal,Villa São Tiago,guest_house,326.475.689,-168.967.228,,
Funchal,,hotel,32.644.207,-169.290.479,,
Funchal,Villa Camélia Boutique House,hotel,326.772.465,-168.494.941,,
Funchal,Hospedaria Pôr do Sol – Bed & Breakfast,hostel,326.479.407,-169.181.341,,
Funchal,Casa Velha Do Palheiro - Relais & Châteaux,hotel,326.582.136,-168.671.904,,
Funchal,Residencial do Vale,guest_house,32.655.396,-169.070.032,,
Funchal,Residencial da Mariazinha,hotel,326.479.691,-169.009.843,0.25,
Funchal,Quinta de Santa Luzia,hotel,326.580.247,-169.074.059,,
Funchal,7m Boutique Hotel,hotel,326.374.833,-169.426.064,,
Funchal,Villa Helena Crystal Apt,hotel,326.439.536,-168.316.047,,
Coimbra,Residencial Botânico,hotel,402.029.119,-84.190.872,,
Coimbra,Casa Pombal,guest_house,40.210.231,-84.261.855,,
Coimbra,Tivoli Coimbra: City Center Hotel,hotel,402.142.791,-84.334.191,,
Coimbra,Alojamento Local Duarte's,guest_house,402.073.125,-84.204.525,,
Coimbra,Hotel Avenida,hotel,402.066.454,-84.286.035,,
Coimbra,Pharmacia Guesthouse,guest_house,402.082.312,-84.290.724,,
Coimbra,Residencial Aviz,hostel,402.099.141,-84.315.629,,
Coimbra,Residência Lusa Atenas,hotel,402.100.022,-84.316.112,,
Coimbra,Residência International,hotel,402.085.536,-84.315.682,,
Coimbra,RiverSuites,hotel,402.038.133,-84.334.379,,
Coimbra,Residencial Gouveia,hotel,402.129.135,-84.314.006,,
Coimbra,NS Hostel & Suites,hostel,402.100.481,-84.189.093,,
Coimbra,Casa Morais,guest_house,402.658.384,-84.443.143,,
Coimbra,Casa da Alta,hotel,402.129.474,-84.214.302,,
Coimbra,Quebra Luz,guest_house,402.088.294,-84.280.799,,
Coimbra,Pensão Residencial Antunes,hotel,402.074.277,-84.205.567,,
Coimbra,Coimbra Portagem Hostel,hostel,402.070.759,-84.290.298,,
Coimbra,Guest House Santa Clara,guest_house,402.032.844,-84.337.286,,
Coimbra,Albergue de Peregrinos Cernache,hostel,401.377.478,-84.698.139,,
Coimbra,Jantesta Guest House,guest_house,401.682.571,-84.549.612,,
Coimbra,Pensão Santa Cruz,guest_house,402.108.885,-84.294.009,,
Coimbra,Residência Paris,guest_house,402.082.911,-84.308.408,,
Coimbra,Change the World Hostel,hostel,40.208.621,-84.285.269,,
Coimbra,Solar Antigo,guest_house,402.105.389,-8.426.023,,
Coimbra,Solar Antigo,guest_house,40.210.626,-84.260.168,,
Coimbra,Hotel Larbelo,guest_house,40.207.388,-84.291.343,,
Coimbra,Residencial Moeda,guest_house,402.105.637,-84.307.179,,
Coimbra,Top,hotel,402.103.637,-84.207.208,,
Coimbra,Residência Ideal,guest_house,402.104.983,-84.308.424,,
Coimbra,Pensão Residencial Alentejana,guest_house,40.211.447,-84.140.672,,
Coimbra,Hotel Domus,hotel,402.092.888,-84.308.863,0.0,
Coimbra,República Guest House,guest_house,402.097.653,-84.214.568,,
Coimbra,Vinum Apartamentos,guest_house,40.210.731,-84.285.468,,