city,name,type,latitude,longitude,elevation
Lisbon,Infância,park,387.517.725,-9.150.287,
Lisbon,Monsanto,peak,38.733.973,-91.896.387,220
Lisbon,,peak,387.403,-92.383,212
Lisbon,Telheiras,peak,387.655.968,-91.702.259,133
Lisbon,Raposo,peak,386.730.759,-91.894.947,125
Lisbon,Fetais,peak,38.796.478,-9.146.129,166
Lisbon,Parque Infantil,park,38.631.143,-91.228.344,
Lisbon,Zona Coberta com Mesa,park,386.717.385,-9.178.177,
Lisbon,Jardim da Praça dos Mártires da Liberdade,park,386.444.122,-91.036.222,
Lisbon,Largo das Garridas,park,387.477.605,-92.015.788,
Lisbon,,park,387.639.789,-92.306.276,
Lisbon,Parque canino,park,387.067.872,-92.062.111,
Lisbon,Jardim Irmã Lúcia,park,387.411.422,-91.383.615,
Porto,Santo Ovídio,peak,411.079.272,-85.872.272,236
Porto,,peak,410.767.922,-85.822.318,244
Porto,,peak,411.871.979,-86.369.533,134
Porto,Corim,peak,412.020.065,-85.769.142,165
Porto,Monte Crasto,peak,411.418.411,-85.365.661,192
Porto,skate park,park,410.756.762,-86.362.613,
Porto,Seca do Bacalhau,park,411.355.091,-86.680.044,
Porto,Parque Oriental (entrada norte),park,411.599.258,-85.651.222,
Porto,,park,412.371.826,-86.675.623,
Porto,Parque de São Caetano,park,410.951.477,-8.612.352,
Porto,Monte Calvário,peak,412.359.928,-85.858.771,
Sintra,Manique,peak,387.482.462,-93.614.093,197
Sintra,Cotão,peak,387.588.657,-93.029.478,222
Sintra,Cortegaça,peak,388.276.571,-93.162.219,230
Sintra,,peak,388.372.386,-93.970.569,207
Sintra,Suimo,peak,387.908.697,-928.555,291
Sintra,Cruz Alta,peak,387.820.488,-93.913.342,528
Sintra,Condado,peak,388.498.719,-93.041.275,234
Sintra,Monge,peak,387.743.201,-94.414.683,490
Sintra,Castelo dos Mouros,peak,387.919.889,-93.895.393,466
Sintra,Pedra Branca,peak,387.685.292,-94.040.828,359
Sintra,Peninha,peak,387.685.302,-9.460.692,487
Sintra,,peak,387.878.003,-94.949.953,73
Sintra,,peak,387.734.189,-94.498.061,497
Sintra,,peak,387.753.372,-94.122.682,448
Sintra,Pena,peak,387.878.673,-93.903.914,500
Sintra,,peak,387.633.115,-92.832.217,228
Sintra,Pedras da Granja,peak,388.377.242,-94.004.688,207
Sintra,Pedra Amarela,peak,387.639.317,-94.367.531,408
Sintra,Faião,peak,388.799.795,-93.497.502,206
Sintra,,peak,387.762.102,-94.084.374,456
Sintra,Monte Rodel,peak,387.842.111,-94.207.259,392
Sintra,,peak,387.607.342,-94.240.233,255
Sintra,Quantum Park,park,387.624.673,-93.087.824,
Sintra,,park,38.786.362,-93.328.302,
Sintra,Abel dos Santos,park,387.742.601,-9.302.067,
Funchal,Chão dos Terreiros,peak,327.153.513,-170.035.571,1436
Funchal,Alto,peak,326.928.585,-169.027.755,1129
Funchal,Grande,peak,327.371.726,-169.878.763,1654
Funchal,Torres,peak,327.488.694,-169.353.707,1851
Funchal,Curral Martinho,peak,327.295.046,-169.360.184,1785
Funchal,Pico do Areeiro,peak,327.355.733,-169.286.501,1818
Funchal,Pico dos Barcelos,peak,326.587.886,-169.394.001,355
Funchal,Cruz,peak,326.424.749,-169.391.415,260
Funchal,Buxo,peak,326.516.675,-169.385.811,
Funchal,Cavalo,peak,327.222.026,-169.923.913,1349
Funchal,Cidrão,peak,327.402.468,-169.419.623,
Funchal,Funcho,peak,326.521.756,-169.488.342,
Funchal,Furão,peak,327.509.556,-169.597.781,
Funchal,Gato,peak,327.429.664,-169.396.431,
Funchal,Infante,peak,326.774.949,-16.874.404,944
Funchal,Serradinho,peak,327.240.385,-169.830.114,1443
Funchal,Bardo,peak,326.961.962,-169.282.385,
Funchal,Adaga,peak,32.741.572,-169.500.364,
Funchal,Geada,peak,32.736.552,-169.598.589,
Funchal,Ginda,peak,327.418.729,-169.548.383,
Funchal,Galinheiros,peak,327.392.913,-169.511.767,
Funchal,Torre,peak,326.521.093,-169.736.785,
Funchal,Parque Florestal do Ribeiro Frio,nature_reserve,327.400.269,-168.859.254,
Funchal,Volta da Malhada,peak,32.684.244,-169.506.136,667
Funchal,Nogueira,peak,327.402.765,-169.136.165,1155
Funchal,Pedras,peak,326.963.466,-169.247.356,
Funchal,Cedro,peak,327.280.311,-169.433.027,1759
Funchal,Escalvado,peak,327.244.457,-169.326.897,1700
Funchal,Juncal,peak,327.352.344,-169.248.409,1718
Funchal,Prado,peak,327.019.941,-169.389.761,1280
Funchal,Mesa,peak,327.429.017,-16.883.121,959
Funchal,Arrudas,peak,326.487.878,-16.944.412,
Funchal,Romeiras,peak,326.637.295,-169.466.667,
Funchal,arvore1,park,326.600.992,-168.442.158,
Funchal,Cardo,peak,326.663.768,-169.519.849,430
Funchal,,peak,327.320.178,-16.983.083,
Funchal,Meio,peak,327.257.061,-169.714.098,
Funchal,,peak,326.984.414,-169.391.156,1124
Funchal,Serrado,peak,327.104.305,-169.651.866,
Funchal,Meires,peak,327.282.932,-169.263.063,
Funchal,Lagoa,peak,327.185.767,-169.205.019,
Funchal,Arrebentão,peak,327.114.274,-169.134.209,
Funchal,Poiso,peak,327.113.357,-168.923.969,
Funchal,Poço da Neve,peak,327.265.204,-169.222.801,
Coimbra,,peak,40.188.103,-84.051.637,132
Coimbra,,peak,401.880.781,-84.156.273,120
Coimbra,Volta do Monte,peak,40.119.835,-84.089.061,319
Coimbra,Coicão,peak,401.876.219,-83.702.655,300
Coimbra,Chãs,peak,401.662.847,-83.493.099,413
Coimbra,,peak,401.820.453,-85.142.055,93
Coimbra,Cômoros,peak,402.243.014,-83.083.465,458
Coimbra,Sobreiro,peak,402.281.574,-83.518.287,410
Coimbra,Serra da Aveleira,peak,402.581.755,-83.497.968,535
Coimbra,Brasfemes,peak,402.747.398,-84.129.527,148
Coimbra,,peak,402.928.869,-84.094.236,143
Coimbra,,peak,402.616.249,-84.709.491,125
Coimbra,Logo de Deus,peak,402.633,-84.294,146
Coimbra,,peak,402.677.574,-84.588.026,139
Coimbra,Cruz de Morouços,peak,401.805.745,-84.511.858,210
Coimbra,Coimbra,peak,402.077.618,-84.265.149,131
Coimbra,,peak,401.988.704,-83.576.383,288
Coimbra,,peak,401.983.072,-83.541.004,287
Coimbra,,peak,401.844.008,-84.450.679,195
Coimbra,,peak,401.950.796,-83.507.962,337
Coimbra,,peak,402.148.952,-8.397.934,175
Coimbra,,peak,401.831.895,-85.245.137,100
Coimbra,,peak,401.317.686,-83.765.879,216
Coimbra,Bio-Reserva Senhora da Alegria,nature_reserve,401.216.086,-83.891.723,