city,name,type,latitude,longitude,elevation
Madrid,La Atalaya,peak,40.377.684,-36.865.826,
Madrid,Montaña de los gatos,peak,40.421.101,-36.805.487,
Madrid,Cerro de Morán,peak,404.344.813,-37.483.318,654
Madrid,Cerro Almodóvar,peak,40.386.166,-35.980.546,
Madrid,Cerro de Garabitas,peak,404.344.943,-37.564.977,675
Madrid,Parque de la Arganzuela,park,403.975.231,-3.709.052,
Madrid,Cerro de los Locos o de las Balas,peak,40.454.343,-37.240.689,
Madrid,Alto del Mojón,peak,404.563.413,-37.189.696,
Madrid,Mirador del Parque Lineal del Manzanares,peak,403.729.749,-36.853.678,
Madrid,Cerro de la Sartén,peak,404.226.827,-3.735.278,621
Madrid,Cerro de las Figuras,peak,404.237.695,-37.428.369,633
Madrid,Cerro de las Ánimas,peak,404.240.844,-37.550.823,660
Madrid,,peak,404.182.038,-37.460.761,608
Madrid,,peak,404.197.898,-37.434.219,634.6
Madrid,,peak,404.196.524,-37.455.817,640
Madrid,,peak,404.208.273,-37.492.374,650
Madrid,,peak,404.216.031,-37.415.823,638
Madrid,,peak,404.216.077,-3.733.312,610
Madrid,,peak,404.239.689,-37.385.263,626
Madrid,,peak,404.243.827,-37.477.919,645
Madrid,,peak,404.248.554,-37.369.937,615
Madrid,,peak,40.425.592,-37.510.998,658
Madrid,,peak,40.425.807,-37.333.891,590
Madrid,,peak,404.260.286,-37.375.759,590
Madrid,,peak,40.427.588,-37.401.826,617
Madrid,Cerro de las Canteras,peak,404.290.134,-37.434.984,643
Madrid,,peak,404.296.364,-37.400.117,621
Madrid,,peak,404.218.574,-37.802.095,690
Madrid,,peak,404.287.833,-37.712.141,665
Madrid,,peak,4.044.404,-37.705.202,651
Madrid,Parque Estafeta,park,403.745.717,-36.942.495,
Madrid,Cerro de San Isidro,peak,404.007.093,-37.246.482,
Madrid,Microjardín Huerta del Bayo,park,404.080.349,-37.053.287,
Madrid,00 Calle Doctor Fourquet Campana,park,404.073.709,-36.980.903,
Madrid,La Sanchita,park,403.901.416,-36.963.721,
Madrid,,park,404.671.495,-36.498.363,
Madrid,Zona para Cometas,park,403.758.923,-37.280.309,
Madrid,Cerro de la Mica,peak,403.993.267,-37.411.123,651
Madrid,,park,403.561.959,-36.805.887,
Madrid,,peak,404.123.744,-3.777.109,673
Madrid,,peak,404.174.442,-37.748.536,656
Madrid,Cerro del Espinillo,peak,404.067.531,-37.711.323,669
Madrid,,peak,404.061.061,-37.737.003,661
Madrid,,peak,404.053.547,-37.758.552,663
Madrid,Plaza del Picadero,park,404.216.012,-37.420.099,
Madrid,,peak,404.386.884,-37.464.069,609
Madrid,,peak,404.338.323,-37.509.126,639
Madrid,,peak,404.422.183,-3.754.456,608
Madrid,,peak,40.448.381,-37.620.049,628
Madrid,,peak,404.363.588,-37.658.871,641
Madrid,,peak,404.249.307,-37.706.588,661
Madrid,,peak,404.257.989,-37.726.886,658
Madrid,,peak,404.005.914,-37.643.652,653
Madrid,,peak,404.092.508,-37.594.286,629
Madrid,,peak,404.177.728,-37.491.468,630
Madrid,,peak,404.358.719,-37.412.667,689
Madrid,,peak,404.200.945,-37.334.085,601
Madrid,,peak,404.176.585,-3.742.731,605
Madrid,,peak,404.165.966,-37.473.766,613
Madrid,,peak,404.160.352,-37.459.998,611
Madrid,,peak,404.157.998,-37.531.229,616
Madrid,,peak,40.416.087,-37.561.744,632
Madrid,,peak,404.167.676,-37.601.686,642
Madrid,,peak,404.160.611,-37.655.202,635
Madrid,,peak,404.163.397,-37.805.552,675
Madrid,,peak,404.085.296,-37.615.318,626
Madrid,,peak,404.088.564,-37.603.517,629
Madrid,,peak,403.834.725,-35.998.688,724
Madrid,Parque Infantil Blas de Otero,park,404.652.014,-37.183.771,
Barcelona,Turó de Collserola,peak,414.219.439,21.350.955,287.39
Barcelona,Turó de Miralluna,peak,414.274.271,21.154.153,476.2
Barcelona,Turó del Puig,peak,414.283.167,21.095.598,475
Barcelona,Turó del Penitent,peak,414.301.634,20.991.977,412.84
Barcelona,Turó dels Mussols,peak,414.233.982,21.068.238,379
Barcelona,Turó d'en Ferrer,peak,414.211.089,21.063.287,354.19
Barcelona,Turó de Sant Cebrià,peak,414.360.793,2.128.869,438.8
Barcelona,Turó de Santa Maria,peak,414.338.771,21.280.736,445.8
Barcelona,Turó del Maltall de Magarola,peak,41.442.154,21.296.882,430.3
Barcelona,Turó de Valldaura,peak,41.444.688,21.328.071,422.4
Barcelona,Turó del Trac,peak,414.428.138,21.363.628,368.2
Barcelona,Sant Pere Màrtir,peak,413.934.503,20.981.102,389
Barcelona,Turó de Mont,peak,41.417.537,21.128.509,440
Barcelona,Turó de la Peira,peak,414.327.916,21.655.021,138
Barcelona,Turó d'en Corts,peak,414.051.603,21.018.001,390
Barcelona,Turó de la Rovira,peak,414.192.618,21.615.417,262
Barcelona,el Tibidabo,peak,414.223.678,2.118.914,512
Barcelona,Penya del Moro,peak,413.969.129,20.687.697,274.7
Barcelona,,peak,414.163.167,21.528.356,210.5
Barcelona,Mont Tàber,peak,413.833.619,21.771.643,16.9
Barcelona,Turó de Can Cerdà,peak,414.594.835,21.351.412,295.3
Barcelona,Turó de Monterols,peak,414.021.629,21.407.851,127
Barcelona,Turó de Roquetes,peak,414.513.105,21.702.851,304.1
Barcelona,Turó de la Coscollera,peak,414.029.224,20.778.934,360
Barcelona,Turó de Quatre Pins,peak,414.736.259,21.705.415,179
Barcelona,Turó de l'Espiral,peak,414.641.125,22.217.607,128.4
Barcelona,Turó de Sant Adjutori,peak,414.563.757,21.182.134,264.9
Barcelona,Turó Rodó,peak,414.029.961,2.074.841,353
Barcelona,Muntanya Pelada,peak,414.017.069,2.103.176,358
Barcelona,Coll del Portell,peak,413.974.818,21.001.918,337
Barcelona,Turó d'en Gras,peak,414.498.159,21.552.856,286.0
Barcelona,Turó Sul,peak,414.503.244,2.161.047,280.3
Barcelona,Turó Blau,peak,414.515.626,21.655.216,309.9
Barcelona,Turó d'en Segarra,peak,414.498.204,21.642.029,326.1
Barcelona,Turó del Mallol,peak,414.401.546,20.991.112,352.0
Barcelona,Turó de Sant Medir,peak,41.446.468,21.248.433,353.8
Barcelona,Turó de l'Alzinar,peak,414.233.118,20.801.715,398.7
Barcelona,Turó d'en Balasc,peak,414.321.303,20.721.149,293.7
Barcelona,Turó del Fumet,peak,414.386.339,2.087.332,357.4
Barcelona,Turó d'en Serra,peak,414.183.126,20.628.277,396.0
Barcelona,Turó de Can Mallol,peak,4.141.889,20.707.191,408.8
Barcelona,Turó de la Peça,peak,414.164.992,2.074.788,432.6
Barcelona,Turó de Castellví,peak,414.181.519,20.865.578,461.0
Barcelona,,peak,414.328.657,21.309.591,436.4
Barcelona,Puig Castellar,peak,414.702.938,22.065.591,303.0
Barcelona,Turó del Temple,peak,413.892.605,20.895.305,262
Barcelona,Turó d'en Ramoneda,peak,413.859.993,20.837.438,197
Barcelona,Turó del Carmel,peak,414.183.478,21.532.733,266
Barcelona,Turó de la Creueta del Coll,peak,414.198.731,21.468.881,246
Barcelona,Turó de les Tres Creus,peak,414.124.084,21.511.434,185
Barcelona,Turó del Putxet,peak,414.088.341,21.418.596,183
Barcelona,Turó de Modolell,peak,413.998.685,21.390.857,108
Barcelona,Turó alt d'en Solanes,peak,41.399.581,20.757.414,257.62
Barcelona,Turó de la Tina,peak,413.974.581,20.906.556,251.6
Barcelona,Turó d'en Merlès,peak,414.093.904,20.840.672,416.7
Barcelona,Turó de la Qüestió,peak,41.410.774,20.766.277,364.06
Barcelona,Turó de la Font Groga,peak,414.329.593,21.282.941,448.41
Barcelona,Turó de Llevallol,peak,414.120.201,20.908.078,395.5
Barcelona,Montjuïc,peak,413.631.512,21.656.148,177
Barcelona,Turó d'en Fotja,peak,414.479.564,214.505,349.27
Barcelona,Turó de la Qüestió,peak,414.619.097,21.657.821,192.42
Barcelona,Turó de la Guinardera,peak,414.632.372,21.987.663,195.40
Seville,Cerro Blanco,peak,374.126.564,-60.446.194,126
Seville,Cerro de Santa Brígida,peak,374.115.754,-60.418.965,115
Seville,"Aula de la Naturaleza ""Laguna Fuente del Rey""",park,373.100.847,-59.798.201,
Seville,Cerro de El Carambolo,peak,373.928.192,-60.376.441,87
Seville,,park,374.118.177,-60.735.846,
Seville,,park,373.733.844,-60.475.124,
Seville,,park,374.028.973,-59.273.227,
Seville,,park,374.030.439,-59.269.095,
Seville,Plaza Doctor Andreu Urra,park,373.845.854,-59.556.492,
Seville,,park,373.693.029,-59.602.348,
Seville,Plaza Ingeniero Manuel Ríos,park,373.871.639,-60.021.687,
Seville,Parque Juan Castellano Martín,park,373.836.009,-58.999.503,
Seville,Plaza del Señor de la Resurrección,park,373.989.302,-5.988.106,
Seville,Glorieta Doña María García Montero,park,373.511.936,-59.805.964,
Seville,Plaza Francisca de Chaves,park,373.923.688,-59.220.069,
Seville,Parque María Gómez Lobo,park,373.965.071,-59.675.615,
Seville,Plaza Profesor Hugo Galera,park,373.813.595,-59.996.346,
Seville,Plaza las Constelaciones,park,37.383.214,-59.583.882,
Seville,Parque Fábrica de Contadores,park,373.838.929,-59.532.887,
Seville,Plaza Vicente Gallego,park,374.118.319,-59.864.921,
Seville,Plaza del Retiro,park,373.218.797,-59.656.206,
Seville,Plaza de las Cadenas,park,373.194.517,-59.668.209,
Seville,Jardines Marta del Castillo,park,373.982.607,-59.719.586,
Seville,Plaza Joaquín Morón,park,37.401.027,-59.705.018,
Seville,Plaza Poeta Luis Chamizo,park,373.866.014,-59.841.787,
Seville,Jardín Pepe da Rosa,park,373.747.835,-60.022.658,
Seville,Plaza Antonio Martín Caro,park,37.409.548,-5.978.116,
Seville,Rincón Manuel Molina,park,373.802.883,-60.092.334,
Seville,Plaza de la Virgen Milagrosa,park,373.803.444,-59.995.533,
Seville,Jardines de Felipe II,park,373.704.674,-5.972.096,
Seville,Plaza Las Constelaciones,park,373.832.052,-59.587.142,
Seville,Plaza de los Maldonados,park,373.966.462,-59.906.854,
Seville,Plaza Pedro Zerolo,park,373.968.617,-59.946.381,
Seville,Plaza Antonio Pozuelo Méndez,park,373.747.084,-5.954.454,
Seville,Plaza José Morgado Medina,park,373.771.039,-59.613.214,
Seville,Glorieta Astillero de Sevilla,park,373.512.501,-59.773.848,
Seville,Plaza Presidenta Loli Morales,park,373.755.058,-59.547.912,
Seville,Glorieta Bebés Robados,park,373.551.279,-59.825.366,
Seville,Plaza Eugenia Osuna Ansio,park,373.873.734,-59.209.669,
Seville,Plaza El Olivo,park,374.123.167,-59.773.971,
Seville,Plaza La Autonomía,park,374.052.276,-59.788.482,
Seville,Glorieta de Blas Infante,park,374.065.174,-5.978.882,
Seville,Plaza Manuel Garrido,park,374.053.834,-59.811.224,
Seville,Plaza San Antonio de Padua,park,373.979.335,-59.986.684,
Seville,Parque Luis Manuel Olivencia Brugger,park,373.772.428,-59.795.647,
Seville,Plaza Manolo Caracol,park,374.018.274,-5.986.933,
Seville,Glorieta Elvira y Fabiola Fiances,park,373.758.027,-59.958.716,
Seville,Plazuela del Marqués de la Vega Inclán,park,373.865.912,-59.884.425,
Seville,Plaza Cantores de Hispalis,park,37.398.364,-59.590.684,
Seville,Plazoleta Pepe Moreno,park,373.247.115,-59.693.629,
Seville,Plaza Ramón Ybarra llosent,park,373.885.615,-59.896.466,
Seville,Plaza Nuestro Padre Jesús de la Salud,park,37.388.477,-59.891.991,
Seville,Plaza Esperanza Macarena,park,374.028.488,-59.895.599,
Seville,Parque Chano Lobato,park,373.559.133,-5.987.325,
Seville,Jardín Periodista Valentín García,park,373.868.152,-60.099.911,
Seville,Plaza Organista Padre Ayarra,park,373.837.255,-59.938.758,
Seville,Jardines de Murillo,park,373.845.548,-59.880.279,
Seville,Parque Vecinal Pulmón Verde,park,373.989.458,-59.901.665,
Valencia,Jardins de l´Alqueria Nova,park,394.676.419,-4.160.344,
Valencia,,park,394.297.314,-4.691.623,
Valencia,Jardins del Castell,park,395.442.857,-3.859.194,
Valencia,,park,39.537.888,-3.528.268,
Valencia,Parc de Miguel Ángel Blanco,park,39.491.753,-3.833.533,
Valencia,Punt 1,park,394.776.427,-3.744.341,
Granada,Alto del Cierzo,peak,372.538.491,-36.099.736,828
Granada,La Atalaya,peak,3.725.821,-36.224.749,898
Granada,Monte Jate,peak,37.186.396,-35.603.836,1005
Granada,Majojos,peak,371.405.701,-35.123.565,1359
Granada,Cerro de Don Luis,peak,371.501.857,-35.152.146,
Granada,Cerro del Señorico,peak,372.341.543,-35.460.356,1169
Granada,Cerro de Loma Redonda,peak,371.398.711,-35.314,1122
Granada,Cerro de la Cruz,peak,372.420.262,-3.632.447,771
Granada,Cerro Gordo,peak,372.028.089,-35.471.235,1046
Granada,Cerro Pindorón,peak,372.404.338,-35.989.649,861
Granada,Cerro de la Huelga,peak,371.916.091,-35.376.963,1087
Granada,Cerro de Fuente Fría,peak,372.375.523,-35.195.376,1329
Granada,Cerro Viñaero,peak,370.951.257,-36.439.463,783
Granada,Cerro de la Cruz,peak,372.505.583,-35.418.009,1580
Granada,Peña de los Agujeros,peak,371.818.544,-3.511.409,1059
Granada,Cerro del Pajarillo,peak,371.837.232,-35.514.023,994
Granada,Cerro del Sol,peak,371.706.097,-35.421.484,1035
Granada,Cerro Culebra,peak,371.585.049,-35.654.302,839
Granada,Cerro de las Tres Cruces,peak,372.004.174,-35.024.248,1176
Granada,Cerro del Cura,peak,372.158.018,-35.852.679,847
Granada,Peñón del Grajo,peak,371.362.535,-35.348.136,1052
Granada,Cerro de las Caleras,peak,37.249.181,-36.330.763,801
Granada,Peñón del Chico,peak,372.170.221,-35.099.738,1103
Granada,Cerro del Maúllo,peak,372.369.781,-35.232.336,1303
Granada,Cerro de La Atalaya,peak,3.713.709,-36.844.973,729
Granada,Cerro de los Mártires,peak,372.276.452,-35.969.022,821
Granada,Cerro Zapatera,peak,371.668.536,-35.530.571,
Granada,Cerro Castaños,peak,372.295.761,-35.465.112,1176
Granada,Cruz de Víznar,peak,372.444.631,-35.339,1559
Granada,Cerro de Malpasillo,peak,37.116.787,-36.795.561,812
Granada,El Cerrón,peak,371.979.173,-35.302.771,1046
Granada,Cerro de San Miguel,peak,371.899.769,-35.839.999,972
Granada,Cerro del Gavilán,peak,371.569.079,-35.590.709,890
Granada,Alto de Crucero-Gallo,peak,371.685.036,-34.992.175,1069
Granada,Cerro de los Pinos,peak,37.184.676,-35.385.456,1013
Granada,Alto de las Tres Torres,peak,372.042.955,-35.028.872,1186
Granada,Cerro del Laúd,peak,371.215.161,-35.417.974,1055
Granada,,peak,371.280.192,-3.521.299,949
Granada,Los Calares,peak,372.554.534,-35.472.662,1528
Granada,,peak,371.414.639,-35.355.163,1047
Granada,,peak,371.761.575,-35.803.122,897
Granada,Cerro Terreras,peak,371.454.664,-35.523.473,907
Granada,Cerro de las Peñuelas,peak,371.952.453,-35.912.403,889
Granada,Cerro del Tambor,peak,371.936.251,-35.881.854,938
Granada,,peak,371.948.363,-35.846.617,953
Granada,Cerro del Tío Rojicas,peak,371.927.379,-3.574.446,981
Granada,,peak,371.731.128,-35.314.419,932
Granada,El Castillejo,peak,371.217.278,-3.517.744,1237
Granada,,peak,371.232.729,-35.245.096,1074
Granada,,peak,371.074.336,-35.338.002,1148
Granada,,peak,372.056.538,-35.321.861,1143
Granada,,peak,371.917.585,-35.529.362,943
Granada,,peak,372.098.807,-35.185.067,1055
Granada,,peak,371.486.377,-35.523.653,915
Granada,,peak,371.471.923,-35.509.313,902
Granada,,peak,371.468.725,-35.493.586,896
Granada,,peak,371.429.644,-35.463.525,888
Granada,,peak,371.413.802,-35.084.342,1368
Granada,,peak,372.611.245,-35.668.681,1203
Granada,,peak,372.622.881,-3.565.513,1234
Granada,,peak,372.482.274,-35.388.941,1552
Granada,,peak,371.943.349,-34.892.047,942
Granada,,peak,371.968.439,-34.905.612,1005
Granada,,peak,371.892.007,-34.974.964,1055
Granada,,peak,371.863.468,-35.050.165,1043
Granada,,peak,371.950.981,-35.008.019,1092
Granada,,peak,371.925.819,-34.981.103,1045
Granada,,peak,371.986.401,-35.108.764,1134
Granada,,peak,371.796.047,-35.168.515,1053
Granada,,peak,371.727.562,-35.154.042,973
Granada,,peak,371.687.614,-3.523.227,1005
Granada,,peak,371.715.954,-35.217.211,997
Granada,,peak,371.733.791,-35.212.323,991
Granada,,peak,371.748.081,-35.258.957,984
Granada,,peak,371.759.225,-35.244.451,989
Granada,,peak,371.649.677,-35.345.687,845
Granada,,peak,371.633.812,-35.348.085,834
Granada,,peak,371.501.471,-35.251.351,1023
Granada,,peak,371.466.194,-35.460.428,917
Granada,,peak,371.367.068,-35.397.985,985
Granada,,peak,37.136.714,-35.271.553,1144
Granada,,peak,371.345.115,-35.259.206,1036
Granada,,peak,371.370.345,-35.247.032,1164
Granada,,peak,371.684.435,-35.516.536,872
Granada,,peak,371.674.318,-35.504.921,847
Granada,,peak,371.720.972,-3.575.623,883
Granada,,peak,371.708.947,-35.731.783,882
Granada,,peak,371.870.607,-35.703.175,952
Granada,,peak,371.894.707,-35.706.258,991
Granada,,peak,371.908.665,-35.689.668,991
Granada,,peak,371.934.228,-35.697.311,960
Granada,,peak,371.972.075,-35.724.725,961
Granada,,peak,371.979.191,-35.729.659,942
Granada,,peak,371.973.782,-35.709.702,961
Granada,,peak,371.981.915,-35.697.198,960
Granada,,peak,371.986.846,-35.699.151,951
Granada,,peak,371.971.917,-35.790.544,950
Granada,,peak,371.959.089,-35.767.384,961
Granada,,peak,371.939.359,-3.581.196,952
Granada,,peak,371.848.962,-35.849.719,857
Granada,Cerro Zapatera,peak,371.662.784,-35.616.688,786
Granada,,peak,371.584.237,-35.690.116,812
Granada,,peak,371.568.103,-35.578.987,892
Granada,,peak,371.521.273,-35.524.176,923
Granada,,peak,371.469.698,-3.551.259,902
Granada,,peak,371.450.283,-3.542.761,914
Granada,,peak,371.355.986,-35.457.237,870
Granada,,peak,371.373.337,-35.509.318,803
Granada,,peak,371.377.927,-35.462.796,876
Granada,,peak,371.422.904,-35.542.786,874
Granada,Monte Vélez,peak,371.421.118,-35.574.425,865
Granada,,peak,371.433.475,-35.566.413,861
Granada,,peak,371.592.731,-35.728.659,816
Granada,,peak,37.127.247,-35.401.578,993
Granada,,peak,371.267.568,-35.426.388,
Granada,,peak,371.267.903,-35.426.269,990
Granada,,peak,371.207.226,-35.358.065,1055
Granada,,peak,371.179.487,-35.334.594,1033
Granada,,peak,371.132.639,-3.525.335,1253
Granada,,peak,371.101.316,-35.340.556,1111
Granada,,peak,371.134.092,-35.382.777,1003
Granada,,peak,370.893.005,-35.975.024,904
Granada,,peak,370.895.088,-35.954.469,906
Granada,,peak,37.093.807,-3.588.596,913
Granada,,peak,370.957.856,-35.864.386,898
Granada,,peak,37.092.458,-35.805.324,938
Granada,,peak,370.976.054,-35.862.668,899
Granada,,peak,371.417.731,-34.998.959,1229
Granada,,peak,371.325.972,-3.506.285,1196
Granada,,peak,3.713.191,-35.071.156,1192
Granada,,peak,371.310.569,-35.107.728,1143
Granada,,peak,371.282.108,-35.179.654,1033
Granada,,peak,371.283.886,-35.158.156,1017
Granada,,peak,371.246.255,-35.159.043,1142
Granada,,peak,371.270.447,-35.167.874,1062
Granada,,peak,371.269.374,-35.191.782,1044
Granada,,peak,371.258.195,-35.349.393,974
Granada,,peak,372.082.539,-34.945.841,1152
Granada,,peak,372.061.128,-34.961.384,1188
Granada,,peak,371.875.345,-35.219.641,1035
Granada,,peak,371.831.517,-35.371.614,993
Granada,,peak,371.880.677,-35.454.217,961
Granada,,peak,37.190.313,-35.434.439,1000
Granada,,peak,371.925.735,-35.594.281,931
Granada,,peak,371.906.858,-35.540.856,932
Granada,,peak,371.947.778,-35.614.206,901
Granada,,peak,372.041.465,-35.552.678,1016
Granada,,peak,372.084.568,-35.523.753,1035
Granada,,peak,372.110.352,-35.516.434,1041
Granada,,peak,372.112.986,-35.498.431,1053
Granada,,peak,372.141.146,-35.521.343,1050
Granada,,peak,372.202.305,-35.450.367,1136
Granada,,peak,372.214.307,-35.441.599,1132
Granada,,peak,3.722.075,-35.497.655,1113
Granada,,peak,372.257.742,-35.478.708,1074
Granada,,peak,372.363.388,-35.450.137,1183
Granada,,peak,372.565.361,-35.583.971,1271
Granada,,peak,37.258.531,-35.840.099,1063
Granada,Cerro Castillejo,peak,372.576.452,-35.854.742,1084
Granada,,peak,372.541.364,-35.883.114,1022
Granada,,peak,372.469.974,-35.892.622,965
Granada,,peak,372.437.294,-35.905.687,971
Granada,,peak,372.519.099,-35.999.259,868
Granada,,peak,372.532.811,-35.673.449,1112
Granada,,peak,372.546.663,-35.694.603,1126
Granada,,peak,372.309.805,-35.801.708,913
Granada,,peak,372.317.517,-35.778.908,914
Granada,,peak,372.330.229,-3.567.924,946
Granada,,peak,372.321.956,-35.714.049,930
Granada,,peak,372.334.878,-36.122.364,749
Granada,,peak,37.244.446,-36.174.052,794
Granada,,peak,372.396.761,-36.137.933,784
Granada,,peak,372.384.965,-36.120.116,773
Granada,,peak,372.398.633,-36.094.575,782
Granada,,peak,372.399.635,-36.219.321,756
Granada,,peak,37.244.247,-36.379.507,748
Granada,,peak,372.541.101,-36.416.584,761
Granada,,peak,371.214.836,-35.268.649,
Granada,,peak,37.117.591,-35.649.195,882
Granada,,peak,371.138.201,-36.710.156,735
Granada,,peak,371.349.001,-368.399,720
Granada,,peak,371.560.558,-35.088.003,991
Granada,,peak,371.533.866,-35.008.826,1022
Granada,,peak,371.603.037,-34.895.496,
Granada,,peak,37.160.086,-34.913.863,
Granada,,peak,371.593.411,-34.929.695,
Granada,,peak,371.537.366,-3.545.566,792
Granada,,peak,371.475.543,-35.339.169,894
Granada,,peak,371.671.662,-3.505.164,985
Granada,,peak,372.079.754,-35.204.252,1047
Granada,,peak,372.129.976,-35.329.488,1152
Granada,,peak,372.152.742,-35.364.345,1162
Granada,,peak,37.219.262,-35.341.738,1171
Granada,,peak,372.201.036,-35.354.087,1174
Granada,,peak,37.217.797,-35.376.315,1162
Granada,,peak,372.234.346,-35.408.953,1144
Granada,,peak,372.225.322,-35.388.893,1145
Granada,,peak,372.242.689,-35.383.919,1143
Granada,,peak,372.290.466,-35.260.742,1161
Granada,,peak,372.522.723,-35.384.551,1564
Granada,,peak,372.245.599,-35.264.696,1158
Granada,,peak,372.190.116,-34.991.657,1071
Granada,,peak,372.446.428,-35.606.199,1063
Granada,,peak,372.120.382,-35.823.202,881
Granada,,peak,372.114.645,-35.864.731,852
Granada,,peak,372.106.934,-35.687.336,932
Granada,,peak,372.114.843,-35.632.674,953
Granada,,peak,372.063.617,-35.783.447,891
Granada,,peak,372.067.386,-35.597.355,1005
Granada,,peak,372.096.812,-35.574.597,1022
Granada,,peak,372.195.283,-35.701.184,942
Granada,,peak,372.182.717,-35.708.379,931
Granada,,peak,372.061.906,-35.831.702,862
Granada,,peak,371.402.637,-36.923.878,711
Granada,Cerro de la Atalaya,peak,37.137.272,-36.845.489,729
Granada,,peak,371.348.967,-36.839.612,721
Granada,,peak,371.326.985,-36.812.076,723
Granada,,peak,371.418.816,-3.684.698,702
Granada,,peak,371.466.637,-36.837.193,691
Granada,,peak,371.926.571,-35.764.607,980
Granada,,peak,371.897.018,-35.635.845,846
Granada,,peak,371.958.788,-35.364.166,1054
Granada,,peak,372.083.689,-35.406.063,1072
Granada,,peak,372.267.597,-35.268.997,1140
Granada,,peak,372.296.829,-35.952.457,837
Granada,,peak,372.626.143,-36.264.572,873
Granada,,peak,372.625.365,-3.624.924,871
Granada,,peak,372.549.398,-36.368.525,792
Granada,,peak,372.540.039,-36.383.666,791
Granada,,peak,3.724.949,-36.268.849,814
Granada,,peak,372.634.276,-36.170.527,883
Granada,,peak,372.468.416,-36.057.351,833
Granada,,peak,372.469.936,-360.999,831
Granada,El Cerro,peak,372.304.435,-36.155.072,737