city,name,type,latitude,longitude,stars,operator
Madrid,Exe Pozuelo,hotel,403.984.408,-37.881.758,0.5,
Madrid,Room Mate Mario Hotel,hotel,404.188.562,-37.093.262,0.25,Room Mate
Madrid,"Habitaciones ""Aránzazu""",hostel,404.859.586,-36.901.398,,
Madrid,"Pensión ""Mónica""",hostel,404.855.764,-36.896.661,,
Madrid,NH Nacional,hotel,404.098.332,-36.928.352,,
Madrid,Hotel México,hotel,404.114.334,-36.943.236,,
Madrid,The Westin Palace,hotel,404.154.544,-36.958.024,1.0,Westin
Madrid,Hotel Villa Real 5,hotel,404.157.301,-36.970.821,,
Madrid,Hostal Olga,hotel,404.168.278,-36.969.322,,
Madrid,Hotel Preciados,hotel,404.196.853,-37.074.213,,
Madrid,Palacio San Martín,hotel,404.186.548,-37.066.997,0.75,Intur
Madrid,Petit Palace Preciados,hotel,404.181.423,-37.043.155,0.5,Hoteatelier
Madrid,Hotel Europa,hotel,404.175.269,-37.035.489,0.5,
Madrid,Hotel Liabeny,hotel,404.187.423,-37.039.628,0.75,
Madrid,Petit Palace Plaza del Carmen,hotel,404.189.577,-37.028.511,0.5,Hotelatelier
Madrid,Anaco,hotel,404.192.843,-37.030.373,,
Madrid,Hotel Arosa,hotel,40.419.776,-37.031.275,0.75,
Madrid,Hotel II Castillas,hotel,404.192.335,-37.043.567,,
Madrid,Hotel Atlántico,hotel,40.420.392,-37.045.921,,
Madrid,Hotel VillaMadrid,hotel,404.895.942,-36.881.339,,
Madrid,Apartahotel Avenida de America,hotel,404.370.892,-36.720.933,,
Madrid,Naitly Madrid Chamberí,hotel,404.383.553,-37.007.985,0.5,Naitly
Madrid,NH Zurbano,hotel,40.438.666,-36.930.029,,
Madrid,Caballero Errante,hotel,404.660.938,-36.959.871,,
Madrid,Petit Palace Posada del Peine,hotel,404.156.823,-37.060.457,0.75,Hotelatelier
Madrid,The Cortezo,hotel,404.136.556,-37.034.629,,
Madrid,Rafaelhoteles Atocha,hotel,404.013.807,-36.870.924,,
Madrid,Hotel Adler,hotel,404.253.805,-36.843.535,,
Madrid,Hotel Praga,hotel,403.941.108,-37.077.471,0.75,
Madrid,Hotel Carlton,hotel,404.051.563,-36.936.762,,
Madrid,,hotel,404.126.365,-37.041.269,,
Madrid,Florida Norte,hotel,404.210.869,-37.213.244,,Celuisma
Madrid,NH Atocha,hotel,404.078.147,-36.894.036,,
Madrid,Urban,hotel,404.164.306,-36.986.845,,
Madrid,Hotel Regina,hotel,404.179.496,-36.998.271,,
Madrid,Casón del Tormes,hotel,404.222.346,-37.116.559,0.5,
Madrid,apartahotel Andrómeda,hotel,404.286.482,-36.944.023,,
Madrid,Ok Hostel Madrid,hostel,404.111.834,-37.067.753,,
Madrid,Best Western Los Condes,hotel,404.219.032,-37.065.439,,
Madrid,Residencia Álvaro,guest_house,404.134.019,-37.048.956,,
Madrid,Artiem Madrid,hotel,40.442.793,-36.480.569,0.75,
Madrid,Hostal Lido,guest_house,404.160.426,-36.995.007,,
Madrid,Hostal Génova,guest_house,404.263.262,-36.936.735,0.25,
Madrid,NH Paseo del Prado,hotel,404.147.214,-36.946.717,1.0,NH
Madrid,Casual Madrid del Teatro,hotel,404.163.519,-36.996.012,,
Madrid,Hostal Don Pedro,hotel,403.871.908,-37.450.882,,
Madrid,Hostal Granado Madrid,hotel,403.867.621,-37.449.782,0.25,
Madrid,Hotel Mediodía,hotel,404.085.554,-36.930.056,,
Madrid,Innside Madrid Gran Vía,hotel,404.205.001,-37.039.558,0.75,Meliá Hotels International
Madrid,Hotel Rafael Pirámides,hotel,40.402.552,-3.711.533,,
Madrid,Way Hostel,hostel,404.126.025,-37.032.679,0.25,
Madrid,Hotel Sterling,hotel,404.230.343,-37.076.364,,
Madrid,Hyatt Regency Hesperia Madrid,hotel,404.388.682,-36.915.519,1.0,NH Hoteles
Madrid,Hotel Miguel Angel,hotel,404.375.984,-36.914.542,1.0,
Madrid,Ballesta,guest_house,404.215.446,-37.035.787,,
Madrid,Hotel Quatro Puerta del Sol,hotel,40.417.044,-3.699.962,0.75,
Madrid,Hotel Intercontinental,hotel,404.362.864,-36.901.999,,
Madrid,Sercotel Pozuelo,hotel,404.377.714,-38.178.802,0.75,
Madrid,Hotel Mora,hotel,40.411.278,-3.693.184,,
Madrid,Albergue juvenil Santa Cruz de Marcenado,hostel,404.297.917,-37.132.155,,Comunidad de Madrid
Madrid,Hotel Madrid Gran Vía 25,hotel,404.198.819,-37.021.748,0.5,Meliá Hotels International
Madrid,Hotel Julia,hotel,404.342.064,-36.327.301,,
Madrid,Leonardo Boutique Hotel Madrid,hotel,40.437.309,-37.085.526,0.5,
Madrid,Apartahotel Rosales,hotel,404.296.401,-3.718.735,,
Madrid,Hostal Argentina,hostel,404.062.398,-36.921.657,,
Madrid,Hotel Reyes Católicos,hotel,404.099.286,-37.132.001,,
Madrid,Hostal Cartagena,hostel,40.405.588,-3.694.818,,
Madrid,Hotel Gran Legazpi,hotel,403.919.291,-36.959.205,,
Madrid,Hostal Conchita,guest_house,403.918.369,-36.951.959,,
Madrid,ibis Madrid Centro las Ventas,hotel,404.305.735,-36.642.811,0.25,Accor Hotels
Madrid,Las Musas,hostel,4.041.147,-3.704.066,,
Madrid,Hostal SLEEP'N,hotel,404.091.457,-36.930.506,,
Madrid,Hotel ILUNION Suites Madrid,hotel,404.477.965,-36.689.879,0.75,ILUNION Hotels
Madrid,Hostel Era,hostel,404.248.891,-37.005.726,,
Madrid,Hostal Arco Iris,hotel,404.217.398,-36.769.484,,
Madrid,Hostal Montaloya,guest_house,404.125.859,-37.036.972,,
Madrid,Hostal Sotileza,guest_house,404.174.295,-37.075.162,,
Madrid,Hostal Alicante,guest_house,404.173.284,-37.064.918,,
Madrid,Hotel Sancho,hotel,404.001.257,-36.942.132,,
Madrid,Ibis Styles,hotel,404.286.868,-37.030.148,0.25,
Madrid,Puerta De Toledo,hotel,404.063.141,-37.122.502,,
Madrid,Estudio Buhardilla Private Apartment,hotel,404.130.567,-36.991.919,,
Madrid,El Chaflan,hotel,404.669.664,-36.743.262,,
Madrid,Hotel Catalonia Goya,hotel,404.252.621,-36.821.181,0.75,Hoteles Catalonia
Madrid,Hotel Sercotel Eurobuilding 2,hotel,404.588.114,-36.946.848,,
Madrid,Hostal San Blas,hostel,404.101.788,-36.942.818,,
Madrid,Urban Sea,hotel,404.103.649,-36.946.441,,
Madrid,"Radisson Blu Hotel, Madrid Prado",hotel,404.125.483,-36.941.561,,
Madrid,San Antonio,guest_house,404.140.295,-36.987.811,,
Madrid,Abalú,hotel,404.238.274,-37.059.039,,
Madrid,Hotel Santo Domingo,hotel,404.206.176,-37.084.668,,Mercure
Madrid,Hotel Emperador,hotel,404.214.124,-37.081.031,0.75,
Madrid,Líbere Madrid Palacio Real,hotel,404.186.044,-37.073.053,0.5,
Madrid,Petit Palace San Bernardo,hotel,404.209.011,-37.083.317,,High Tech & Petit Palace
Madrid,Hotel Praktik Metropol,hotel,404.197.789,-37.019.599,,
Madrid,Tótem Hotel Madrid,hotel,404.264.897,-36.854.696,0.5,NH
Madrid,Like at home Madrid,guest_house,404.118.692,-37.055.554,,
Madrid,Molsan,guest_house,40.424.505,-37.071.394,,
Madrid,Hostal Salomé,guest_house,40.424.505,-3.707.024,,
Madrid,Hostal Buenos Aires,guest_house,404.222.367,-37.094.576,,
Madrid,Hostal del Mar,guest_house,404.217.979,-37.051.639,,
Madrid,Hostal Santo Domingo,guest_house,404.217.455,-37.050.982,,
Madrid,Hostal Abel Victoriano,guest_house,404.257.603,-37.073.987,,
Madrid,Hostal Milán,guest_house,404.207.578,-37.054.942,0.25,
Madrid,Hostal Gala,guest_house,404.197.209,-37.081.026,,
Madrid,7Islas,hotel,404.212.694,-3.701.932,,
Madrid,Hostal Naranco,guest_house,40.422.138,-37.023.525,,
Madrid,Hostal Abami,guest_house,404.258.297,-37.073.666,,
Madrid,Hostal Noviciado,guest_house,404.259.094,-37.073.451,,
Madrid,Sercotel Gran Hotel Conde Duque,hotel,40.430.931,-37.077.583,0.75,
Madrid,Hostal Don Juan,guest_house,404.209.594,-36.999.337,,
Madrid,Hostal Vázquez de Mella,guest_house,40.421.043,-37.000.599,,
Madrid,Hostal Zamora,guest_house,404.211.124,-37.000.278,,
Madrid,Hostal Jemasaca,guest_house,40.426.585,-37.075.589,,
Madrid,Hostal Los Perales,guest_house,404.266.013,-37.076.984,,
Madrid,Rías Bajas,guest_house,404.233.349,-37.076.362,,
Madrid,Abami II,guest_house,40.423.338,-37.077.177,,
Madrid,Hostal La Perla Asturiana,guest_house,404.150.711,-37.058.964,,
Madrid,Hostal Santa Cruz,guest_house,404.153.867,-37.056.924,,
Madrid,Hostal Cruz Sol,guest_house,404.153.805,-37.055.726,,
Madrid,Hostal Plaza D'Ort,guest_house,404.142.746,-37.024.749,,
Madrid,Hostal Persal,guest_house,404.142.278,-37.022.061,,
Madrid,Pensión Mollo,guest_house,40.410.301,-36.953.849,,
Madrid,Hostal Barrera,guest_house,404.105.673,-36.959.525,,
Madrid,Hostal Pez Azul,guest_house,404.233.418,-37.049.916,,
Madrid,Espahotel Plaza de España,hotel,404.224.216,-37.120.835,,
Madrid,Jardines de Sabatini,hotel,404.210.274,-37.149.539,,
Madrid,Madfor,hotel,40.421.476,-37.217.761,,Acta
Madrid,Hostal Oriente,guest_house,404.176.911,-37.089.545,,
Madrid,Hostal Julia,guest_house,404.228.585,-37.067.478,,
Madrid,Hostal Cervelo,guest_house,404.134.307,-37.010.733,,
Madrid,Hostal Díaz,guest_house,404.131.668,-37.003.876,,
Madrid,Hostal Castilla,guest_house,40.413.418,-37.010.384,,
Madrid,Hostal Bermejo,guest_house,404.134.064,-37.010.036,,
Madrid,Atocha 43,guest_house,404.133.949,-37.009.687,,
Madrid,Hostal Don Alfonso,guest_house,404.174.259,-37.060.286,,
Madrid,chic&basic dot Hotel,hotel,404.184.766,-37.053.497,0.5,chic&basic hotels
Madrid,Hostal Helena,guest_house,404.205.545,-37.055.891,,
Madrid,Stella,guest_house,404.205.526,-37.055.419,,
Madrid,Hostal Gran Vía 44,guest_house,404.205.526,-37.054.973,,
Madrid,Hostal Continental,guest_house,404.205.016,-3.705.594,,
Madrid,Hostal Josefina,guest_house,404.204.997,-37.055.444,,
Madrid,Hostal Miami,guest_house,404.204.997,-37.054.948,,
Madrid,Hostal Nueva Montaña,guest_house,404.228.407,-37.067.166,,
Madrid,Hostal Loyola,guest_house,404.222.973,-37.057.552,,
Madrid,Hostal Tudescos,guest_house,404.216.367,-37.049.787,,
Madrid,Hostal Condestable,guest_house,404.222.265,-37.039.946,,
Madrid,Hostal Corazón de Madrid,guest_house,404.216.955,-3.698.707,,
Madrid,Hospedaje Dolcevita,guest_house,404.213.536,-36.986.687,,
Madrid,Hostal Casa Chueca,guest_house,404.213.171,-36.986.851,,
Madrid,Hostal Río Miño,guest_house,404.207.787,-36.983.609,,
Madrid,Hostal Delfina,guest_house,404.197.023,-36.988.332,,
Madrid,Hotel Catalonia Gran Vía,hotel,40.419.412,-3.699.049,,Hoteles Catalonia
Madrid,Hotel Las Letras Gran Vía,hotel,404.195.045,-36.994.402,0.75,
Madrid,Residencia Lourdes,guest_house,404.188.294,-3.699.498,,
Madrid,Petit Palace Alcalá,hotel,40.418.353,-36.993.456,0.75,Hotelatelier
Madrid,Hotel Asturias,guest_house,404.168.336,-37.001.372,,CHH
Madrid,Hostal Almanzor,guest_house,404.167.321,-36.997.358,,
Madrid,Hostal Cantábrico,guest_house,404.162.539,-3.700.641,,
Madrid,Hostal Astoria,guest_house,404.164.141,-3.699.271,,
Madrid,Hostal Aguilar,guest_house,404.164.101,-36.989.445,,
Madrid,Hostal Victoria III,guest_house,40.416.413,-36.991.967,,
Madrid,Hostal San Isidro,guest_house,404.153.634,-37.001.737,,
Madrid,Hostal Regional,guest_house,404.152.775,-37.004.311,,
Madrid,Room Mate Alicia Hotel,hotel,404.144.703,-37.000.819,0.5,Room Mate
Madrid,La Posada de Huertas,hostel,40.413.762,-36.993.245,,
Madrid,Hostal Las Torres,guest_house,404.129.086,-36.991.356,,
Madrid,Hostal Lamalonga,guest_house,404.214.937,-37.074.956,,
Madrid,Hostal Lauria,guest_house,404.209.418,-37.066.264,,
Madrid,Petit Palace Arenal,hotel,404.172.778,-37.064.049,0.5,Hotelatelier
Madrid,Hostal Callao,guest_house,404.196.577,-37.071.574,,
Madrid,Eurostars Madrid Gran Vía,hotel,404.212.206,-37.099.229,,Exe
Madrid,Hostal Excelsior,guest_house,404.209.172,-37.065.818,,
Madrid,Main Street Madrid,guest_house,404.208.889,-37.065.371,,
Madrid,Hostal Valencia,guest_house,404.204.978,-37.054.501,,
Madrid,Hostal Andorra,guest_house,404.200.246,-37.042.957,,
Madrid,Hotel Regente,hotel,404.196.993,-3.704.275,0.5,
Madrid,Hotel Avenida Gran Vía,hotel,404.197.225,-3.704.125,0.5,
Madrid,Hotel Negresco Gran Vía,hotel,404.196.133,-37.041.942,,
Madrid,Hostal Victoria II,guest_house,404.164.716,-37.030.606,,
Madrid,Hostal Victoria I,guest_house,404.163.213,-37.030.556,,
Madrid,Hostal Pretoria,guest_house,404.162.611,-37.030.556,,
Madrid,Hostal El Pilar,guest_house,404.160.338,-37.030.507,,
Madrid,Hostal Playa II,guest_house,404.156.561,-37.030.334,,
Madrid,Hostal Pan América,guest_house,40.415.252,-37.030.384,,
Madrid,Marina Rooms,guest_house,4.041.519,-37.030.384,,
Madrid,Hostal Bahía,guest_house,404.149.119,-3.703.063,,
Madrid,Hostal Vetusta,guest_house,404.142.035,-37.011.577,,
Madrid,Hostal Edreira,guest_house,404.121.381,-36.984.418,,
Madrid,Hostal Parajas,guest_house,404.117.324,-36.957.551,,
Madrid,Duermo,guest_house,404.257.786,-37.074.565,,
Madrid,Flat 5 Madrid,guest_house,404.259.277,-37.074.056,,
Madrid,Pensión Antonio,guest_house,404.268.775,-37.079.734,,
Madrid,Hostal Levante,guest_house,404.191.791,-37.060.502,,
Madrid,LETOH LETOH Gran Via,hotel,404.225.737,-37.108.404,,
Madrid,Exe Suites 33,hotel,404.221.591,-3.710.554,,Exe
Madrid,Hostal Nersan,guest_house,404.221.269,-37.097.244,,
Madrid,JC Rooms,hotel,404.197.256,-37.089.117,,JC Hoteles
Madrid,Hostal Conchita II,guest_house,404.193.152,-37.090.934,,
Madrid,Hostal Santillán,guest_house,404.223.147,-37.085.842,,
Madrid,Hospedaje Romero,guest_house,404.222.881,-37.085.386,,
Madrid,JC Rooms Puerta del Sol,hotel,404.184.227,-37.085.149,,JC Hoteles
Madrid,Hostal Ivor,guest_house,404.176.944,-3.707.703,,
Madrid,Gran Meliá Fénix,hotel,404.264.685,-36.893.045,,
Madrid,NH Collection Madrid Colón,hotel,404.261.357,-36.889.564,,NH Hotels
Madrid,Hostal Asunción,guest_house,404.267.799,-36.960.153,,
Madrid,Petit Palace Santa Bárbara,hotel,404.264.491,-36.963.237,0.75,Hoteatelier
Madrid,Hostal Benamar,guest_house,404.256.318,-36.989.065,,
Madrid,Hostal Tijcal I,guest_house,404.154.108,-37.060.693,,
Madrid,Hostal Pizarro,guest_house,404.230.739,-37.058.189,,
Madrid,Hotel Life,hotel,404.231.947,-37.057.497,,
Madrid,Hostal Miguel Ángel,guest_house,404.262.003,-36.981.715,,
Madrid,Pensión Foster,guest_house,404.220.135,-37.062.449,,
Madrid,Hostal Estrella,guest_house,404.219.956,-37.062.151,,
Madrid,Hostal Romero,guest_house,404.219.813,-37.061.869,,
Madrid,Hotel Ópera,hotel,404.189.221,-37.100.475,,
Madrid,AC Hotel La Finca,hotel,404.202.571,-38.034.415,0.75,
Madrid,AR Parquesur,hotel,40.338.931,-37.340.165,0.75,
Madrid,Hostal Besaya,guest_house,404.219.446,-37.079.908,,
Madrid,Barbieri SOL Hostel,hostel,404.159.746,-37.017.331,,
Madrid,Eurostars Madrid Tower,hotel,404.767.699,-36.878.884,1.0,
Madrid,Hotel One Shot Recoletos,hotel,404.210.283,-36.916.864,,One Shot Hotels
Madrid,Hotel Senator España,hotel,404.226.773,-3.709.382,,
Madrid,Hotel Madrid Centro,hotel,404.228.369,-37.096.386,,Meliá
Madrid,Espahotel,hotel,404.226.116,-37.099.777,,
Madrid,Hotel Urso,hotel,404.268.547,-36.982.788,,
Madrid,Pestana CR7 Gran Vía Madrid,hotel,404.199.553,-37.034.004,,
Madrid,Motion Hostels,guest_house,40.419.706,-37.044.442,,
Madrid,Hostal Guerra,hostel,404.168.326,-37.017.647,,
Madrid,Hostal FuenteSol,guest_house,404.165.302,-37.018.325,,
Madrid,Hostal Centro Sol,guest_house,404.168.406,-37.014.301,,
Madrid,Hostal Biarritz,guest_house,404.165.302,-37.017.708,,
Madrid,Hostal Matheu,guest_house,404.159.686,-37.018.646,,
Madrid,Hostel 12 rooms,guest_house,404.153.213,-3.701.127,,
Madrid,TOC Hostel & Suites,guest_house,404.172.265,-37.058.102,,
Madrid,,hotel,404.214.913,-37.047.443,,
Madrid,Hostal Puerta del Sol,hostel,404.172.536,-37.024.749,,
Madrid,Hostal Rayuela,guest_house,404.228.124,-37.008.949,,
Madrid,B&B,hotel,404.234.879,-3.700.596,,
Madrid,Residencia Atocha Río,hostel,403.987.701,-37.010.713,,Mi Casa Inn
Madrid,Amaral,hotel,404.585.994,-36.952.388,0.5,
Madrid,Tirso de Molina Hostel,hostel,404.113.044,-37.049.498,,
Madrid,Bloom Inn,guest_house,404.223.222,-37.030.324,,
Madrid,Hostal Tokio,guest_house,404.221.259,-37.022.856,,
Madrid,Hostal Greco,guest_house,404.211.583,-37.007.606,,
Madrid,Hostal El Catalán,guest_house,404.214.299,-37.004.789,,
Madrid,Hostal Gaudí,guest_house,404.214.932,-37.004.306,,
Madrid,Hostal América,guest_house,404.215.871,-37.003.663,,
Madrid,Hostal María Luisa,guest_house,404.216.443,-37.003.287,,
Madrid,Hostal Prada,guest_house,404.216.055,-3.700.436,,
Madrid,Hostal Hispano,guest_house,404.218.983,-36.997.681,,
Madrid,Hostal Conchita,guest_house,404.196.288,-37.068.882,,
Madrid,Hostal Las Fuentes,guest_house,40.417.373,-37.084.698,,
Madrid,Hostal Luz,guest_house,404.173.048,-37.084.779,,
Madrid,Hostal Casa Bueno,guest_house,404.209.026,-37.011.804,,
Madrid,Hostal MH Fuencarral,guest_house,404.209.638,-37.011.536,,
Madrid,Hostal Los Alpes,guest_house,404.212.048,-37.013.896,,
Madrid,Hostal Ginebra,guest_house,404.211.456,-37.014.057,,
Madrid,Residencia Lemus,guest_house,404.206.126,-37.010.409,,
Madrid,Pensión Berti,guest_house,404.206.739,-3.700.998,,
Madrid,Hostal Casillas,guest_house,404.205.983,-37.006.627,,
Madrid,Hostal Berlín,guest_house,404.175.634,-37.098.381,,
Madrid,Hostal Mairu,guest_house,404.164.341,-37.096.128,,
Madrid,Albergue juvenil. Mejía Lequerica,hostel,404.281.214,-36.995.391,,
Madrid,Petit Palace Triball,hotel,404.205.056,-37.029.122,0.5,Hoteatelier
Madrid,Petit Palace Clíper Gran Vía,hotel,404.196.435,-37.036.474,0.5,Hotelatelier
Madrid,Go Inn,guest_house,404.197.217,-37.019.706,,
Madrid,Hotel Montera Madrid,guest_house,404.197.707,-37.018.955,,Curio Collection by Hilton
Madrid,Hostal Luis XV,guest_house,404.197.115,-37.019.062,,
Madrid,San Juan Hostel,hostel,404.182.257,-37.027.242,,
Madrid,Hostal París,guest_house,404.179.515,-37.027.495,,
Madrid,Hostal Suite Alhambra,guest_house,404.160.235,-37.024.856,,
Madrid,Hostal Apolo XI,guest_house,404.161.889,-37.024.856,,
Madrid,Hostal Río Paraná,guest_house,404.159.766,-37.021.342,,
Madrid,Hostal La Guardia,guest_house,404.157.723,-37.021.369,,
Madrid,Miau,hotel,404.144.059,-37.003.265,,
Madrid,Hostal Palacios,guest_house,404.218.167,-37.011.817,,
Madrid,Hostal Kryse,guest_house,404.217.493,-37.012.004,,
Madrid,Hostal Breogán,guest_house,404.216.839,-37.012.246,,
Madrid,Hostal Sonsoles,guest_house,404.217.105,-37.008.464,,
Madrid,Hostal Zamorán,guest_house,404.216.451,-37.008.652,,
Madrid,Hostal María Cristina,guest_house,40.421.831,-37.008.062,,
Madrid,Hostal Odesa,guest_house,404.219.657,-36.997.252,,
Madrid,Hostal Oxum,guest_house,40.422.076,-36.999.854,,
Madrid,Hostal Cibeles,guest_house,404.222.189,-37.026.944,,
Madrid,The Hat,guest_house,404.145.221,-37.069.829,,
Madrid,Hostal Camino,guest_house,404.234.957,-36.986.359,,
Madrid,Hostal Domínguez,hotel,404.239.804,-37.004.496,,
Madrid,Hostal Ana Belén,guest_house,404.165.306,-37.024.508,,
Madrid,Hostal María Reloba,guest_house,404.159.651,-37.024.901,,
Madrid,Hostal Alaska,guest_house,404.157.206,-37.021.384,,
Madrid,Hostal Adriano,guest_house,404.149.904,-3.702.678,,
Madrid,Hostal Nieto,guest_house,404.127.818,-36.994.343,,
Madrid,NH Madrid Chamberí,hotel,404.396.526,-36.982.473,0.5,NH
Madrid,Hotel Hospes Madrid,hotel,404.205.866,-3.689.287,,
Madrid,Hotel Diana Plus,hotel,403.661.358,-36.543.407,,
Madrid,Hotel The One,hotel,404.724.161,-36.832.469,0.75,
Madrid,Innside Madrid Luchana,hotel,404.303.408,-37.000.607,0.75,Melia
Madrid,Hostal Mendoza,guest_house,404.194.585,-37.037.454,,
Madrid,Hostal Regio,guest_house,404.193.894,-37.037.901,,
Madrid,Hostal Marlasca,guest_house,404.156.039,-37.018.819,,
Madrid,Apartamentos del Sol,hotel,404.166.232,-37.025.309,,
Madrid,Hostal Acapulco,guest_house,404.193.936,-37.034.133,,
Madrid,Pensión Arcos,guest_house,404.193.589,-37.034.395,,
Madrid,Hostal Isabel,guest_house,404.192.752,-37.034.964,,
Madrid,Hostal Triana,guest_house,404.193.174,-37.034.698,,
Madrid,Hotel Victoria 4,hotel,40.416.204,-37.017.486,,
Madrid,THC Bergantín,guest_house,404.165.336,-37.015.636,,
Madrid,Hostal El Pasaje,guest_house,404.162.773,-37.013.005,,
Madrid,Hostal Adria,guest_house,404.150.265,-37.012.329,,
Madrid,Hostal Prado,guest_house,404.150.283,-37.011.653,,
Madrid,Esmeralda,hostel,404.164.501,-37.015.692,,
Madrid,Hotel Madrid Río,hotel,40.388.674,-37.003.145,0.25,
Madrid,Numa / Luna Apartments,guest_house,404.260.512,-37.025.365,,
Madrid,Hostal Horizonte,hotel,404.133.754,-37.016.971,,
Madrid,Pensión Casado,guest_house,404.124.771,-37.011.553,,
Madrid,Hostal Unión,guest_house,404.204.426,-36.991.742,,
Madrid,Hostal San Lorenzo,guest_house,40.420.365,-36.992.144,,
Madrid,La Vega Infantas,guest_house,404.203.017,-36.987.343,,
Madrid,Lusso Infantas,hotel,404.200.992,-36.970.746,,
Madrid,The Principal Madrid,hotel,404.193.558,-36.972.006,1.0,
Madrid,Eurostars Central,hotel,40.427.061,-3.698.529,,Eurostars Hotels
Madrid,Barbieri International Hostel,hostel,404.215.805,-36.980.797,,
Madrid,Hostal Alegría,guest_house,404.056.605,-36.921.586,,
Madrid,Hostal Mediodía,guest_house,404.059.791,-36.922.605,,
Madrid,Somiedo,guest_house,404.067.402,-36.926.682,,
Madrid,Hostal Fernández,guest_house,404.092,-36.937.223,,
Madrid,Hostal Santa Isabel,guest_house,404.108.358,-3.698.046,,
Madrid,La Casa del Madrileño,hotel,404.192.019,-37.028.367,,
Madrid,Hostal Veracruz II,guest_house,404.164.988,-37.015.652,,
Madrid,Hostal Playa,guest_house,40.416.476,-37.018.391,,
Madrid,Hostal Esparteros,guest_house,404.155.323,-37.055.256,,
Madrid,Hostal Comercial,guest_house,404.155.262,-37.054.856,,
Madrid,Hostal A Nuestra Señora de la Paloma,guest_house,404.155.201,-37.054.436,,
Madrid,Hostal Madrid,guest_house,404.159.185,-37.052.368,,
Madrid,Hostal Castilla II Puerta del Sol,guest_house,404.158.034,-37.048.307,,
Madrid,Hostal La Prensa,guest_house,404.205.147,-37.058.831,,
Madrid,Hostal Lisboa,guest_house,404.152.317,-36.988.885,,
Madrid,Hostal Los Arcos,guest_house,404.156.123,-37.048.583,,
Madrid,CH Murcia,guest_house,404.156.083,-37.047.901,,
Madrid,Hostal María del Mar,guest_house,404.156.283,-37.051.279,,
Madrid,Hostal Castilla III,guest_house,40.415.627,-37.050.771,,
Madrid,Woohoo! Hostel,guest_house,404.207.794,-3.704.597,,
Madrid,La pepachic,hotel,404.158.867,-36.956.205,,
Madrid,Madrid Central Suites,hotel,404.273.342,-3.701.088,,
Madrid,Latina Hostel,hostel,404.090.338,-37.057.681,,
Madrid,Hostal Reconquista**,hostel,404.168.077,-36.974.816,,
Madrid,NH Collection Abascal,hotel,404.384.393,-36.951.832,,
Madrid,Hostal Abadía,guest_house,40.413.544,-37.024.269,,
Madrid,Petit Palace Puerta del Sol,hotel,404.170.018,-37.051.607,0.5,Hoteatelier
Madrid,Hostal Aresol,guest_house,404.170.882,-37.052.615,,
Madrid,Hostal Ruano,guest_house,404.164.051,-37.046.601,,
Madrid,Hostal Riesco,guest_house,404.164.253,-37.043.503,,
Madrid,Hotel Ganivet,hotel,404.082.574,-37.107.133,0.5,
Madrid,Hotel Catalonia Atocha,hotel,404.119.257,-36.977.945,,
Madrid,,hostel,403.990.029,-37.177.963,,
Madrid,Far Home Atocha,guest_house,404.133.314,-37.007.996,,
Madrid,Entre,hotel,404.135.592,-37.017.307,,
Madrid,,guest_house,404.402.193,-36.126.055,,
Madrid,palacio de barradas,hostel,404.264.682,-37.068.968,,
Madrid,Gran Vía Suites,hotel,404.200.551,-36.980.658,,
Madrid,Onefam Sungate Hostel Madrid,hostel,404.187.084,-37.045.358,,Onefam Hostels
Madrid,AC Aitana,hotel,404.559.026,-36.896.531,,
Madrid,Fun Sleep Hostel,hostel,404.184.747,-37.007.704,,
Madrid,Bless,hotel,404.282.012,-3.683.682,,
Madrid,Castellana Suite,hotel,404.607.293,-36.906.923,,
Madrid,Santa Ana Colors,hostel,40.413.888,-37.004.994,,
Madrid,Scout Madrid Hostel,hostel,40.408.894,-36.545.908,,
Madrid,Hostal Atocha Almudena Martín,guest_house,404.133.862,-37.010.277,,
Madrid,Pullman Madrid Airport & Feria,hotel,404.622.527,-36.154.294,,
Madrid,Aravaca Village,hotel,404.645.223,-37.863.662,0.75,
Madrid,Residencia estudiantes Claraval,hostel,404.306.982,-37.059.653,,
Madrid,depto Luigi,hotel,404.135.449,-37.119.244,,
Madrid,Dos Naciones,guest_house,404.133.491,-37.049.793,,
Madrid,"David, Madrid",hostel,403.946.399,-37.215.386,,
Madrid,Diana,guest_house,404.135.071,-37.029.363,,
Madrid,d'hostel,hostel,404.130.494,-37.024.948,,
Madrid,,guest_house,403.343.616,-37.492.882,,
Madrid,Madrisol,hotel,404.158.529,-37.011.764,,
Madrid,JC Rooms Santa Ana,hotel,404.160.877,-37.012.084,,
Madrid,Hostal Sardinero,guest_house,404.147.173,-36.987.237,,
Madrid,casa Abraham,hotel,404.203.176,-36.985.479,,
Madrid,Estudiomad6,hostel,404.276.472,-36.951.417,,
Madrid,Residencia Femenina Santa Ana,guest_house,404.289.805,-3.699.762,,
Madrid,Hotel Ibis budget,hotel,404.392.715,-36.270.399,,
Madrid,The Hat,hostel,404.142.787,-37.070.796,,
Madrid,Hostal CC Malasaña,hotel,404.252.878,-37.032.083,,
Madrid,Hostal Prieto,hotel,404.155.323,-37.018.872,,
Madrid,AC Madrid Feria,hotel,404.748.541,-36.343.805,,
Madrid,Barceló Torre de Madrid,hotel,40.424.191,-37.123.333,,Barceló
Madrid,Hostal Corona,guest_house,404.203.679,-3.697.312,,
Madrid,Hostal Iberia,guest_house,404.205.214,-36.972.932,,
Madrid,Debod Hostel,hostel,404.279.713,-3.719.555,,
Madrid,Hostal San Martín,guest_house,404.206.606,-37.046.534,0.25,
Madrid,Ribadelago,guest_house,404.251.802,-37.101.839,,
Madrid,Hostal Tirso Plaza,guest_house,404.122.767,-37.055.966,,
Madrid,Hostal Bianco,guest_house,404.159.918,-3.699.501,,
Madrid,Hostal Internacional,guest_house,404.159.463,-3.699.501,,
Madrid,Art Hostal,guest_house,404.131.129,-37.046.617,,
Madrid,Mercure Madrid Centro,hotel,404.139.318,-36.944.449,,Accor Hotels
Madrid,Hostal La Macarena,guest_house,404.146.802,-37.083.904,,
Madrid,LM Rooms,guest_house,404.189.007,-37.092.302,,
Madrid,Oriente Suites,guest_house,404.171.445,-37.092.364,,
Madrid,Mad4You,guest_house,404.261.789,-37.056.482,,
Madrid,,hostel,404.230.961,-37.025.703,,
Madrid,Hostal Pensión Los Andes,guest_house,404.315.346,-37.159.813,,
Madrid,Hostal Naranjo,guest_house,404.128.203,-37.036.985,,
Madrid,Hostal Florida,guest_house,404.128.897,-37.036.905,,
Madrid,Hostal Galaico,guest_house,404.196.756,-37.003.268,,
Madrid,Hostal Splendid,guest_house,404.196.383,-37.001.277,,
Madrid,Hostal Villamañez,guest_house,404.147.898,-36.970.435,,
Madrid,Hostal Armesto,guest_house,404.147.454,-36.970.486,,
Madrid,Hostal Rico,guest_house,404.219.775,-37.007.686,,
Madrid,Hostal Daniel,guest_house,404.111.007,-37.047.584,,
Madrid,Hostal Betanzos,guest_house,404.132.717,-37.025.164,,
Madrid,Motion Chueca,hostel,404.212.611,-36.997.059,,
Madrid,AC Hotel Recoletos,hotel,404.214.997,-36.894.369,,
Madrid,Loft Cortes,hotel,404.171.166,-36.966.018,,
Madrid,Chelo,guest_house,404.214.674,-37.004.534,,
Madrid,,guest_house,404.085.038,-37.044.462,,
Madrid,sV,hotel,404.247.787,-37.150.945,,
Madrid,JJ Carvajal,hotel,404.349.713,-3.707.241,,
Madrid,Hostal La Plata,guest_house,404.196.589,-3.700.225,,
Madrid,Hostal Asturias,guest_house,403.986.637,-36.945.407,,
Madrid,casa de huésped,guest_house,404.375.214,-36.098.089,,
Madrid,LoisHouse,guest_house,404.351.418,-37.124.348,,
Madrid,Hostal Patria,hotel,404.164.948,-37.060.201,,
Madrid,La Vera,hotel,404.124.143,-3.701.217,,
Madrid,JC Chueca,hotel,404.209.677,-370.039,,JC Hoteles
Madrid,Urban Hostel 44,guest_house,404.199.358,-36.968.354,,
Madrid,mi otra habitación,guest_house,404.445.341,-35.928.656,,airBnB
Madrid,Los Amigos Vip Rooms,hotel,404.178.642,-37.080.699,,
Madrid,Cats Hostel Madrid Lavapiés,hostel,404.118.767,-37.020.946,,Cats Hostels
Madrid,B&B Puerta del Sol,hotel,404.176.957,-37.027.019,,B&B
Madrid,I Love Madrid Hostel,hostel,404.164.798,-37.017.748,,
Madrid,Hyatt Centric Gran Via Madrid,hotel,404.199.905,-37.037.343,,Hyatt
Madrid,Hostal Prim,guest_house,404.220.247,-36.933.366,,
Madrid,VP Plaza España Design,hotel,404.226.734,-37.117.077,1.0,VP
Madrid,Pensión Sonne,guest_house,404.208.164,-37.158.996,,
Madrid,Hostal Muñoz,guest_house,404.207.432,-37.158.583,,
Madrid,Hostal Arriaza,guest_house,404.207.497,-37.158.927,,
Madrid,Pensión Montañesa,guest_house,404.207.852,-37.159.102,,
Madrid,Hotel Francisco I,hotel,404.173.926,-37.073.825,,
Madrid,Solimpar,hotel,403.489.251,-37.243.512,,
Madrid,Príncipe pío,hotel,404.214.873,-37.147.985,,
Madrid,Casa de Huéspedes La Asturiana,guest_house,404.104.127,-36.928.573,,
Madrid,,guest_house,404.110.561,-37.042.599,,
Madrid,,guest_house,404.172.026,-37.085.972,,
Madrid,Generator Hostel,hostel,404.207.507,-3.708.179,,
Madrid,room00 Chueca Hostel,hotel,404.232.831,-36.988.362,,
Madrid,Hostal La Zona,guest_house,404.210.289,-37.022.142,,
Madrid,Hotel Occidental Madrid Este,hotel,404.345.613,-36.304.858,,
Madrid,Ibis budget Madrid centro Lavapies,hotel,404.078.194,-37.007.527,,
Madrid,THC Gran Vía hostel,hostel,404.215.224,-37.027.188,,
Madrid,Hostal Meyra,hotel,404.226.391,-37.008.793,,
Madrid,Golden 21,hotel,404.381.973,-36.253.018,,
Madrid,Hostal-R Graciela,hostel,404.122.927,-37.025.689,,
Madrid,Hostal Numancia,hostel,404.123.065,-37.025.689,,
Madrid,Hotel NH Collection Madrid Suecia,hotel,40.417.866,-3.696.216,,
Madrid,Petit Palace Savoy Alfonso XII,hotel,404.171.967,-36.891.605,0.75,Hoteatelier
Madrid,AC Hotel Palacio del Retiro,hotel,40.417.819,-36.891.112,1.0,
Madrid,Hotel Madrid Plaza España,hotel,404.229.802,-37.098.626,,Meliá Hotels International
Madrid,Hotel Santo Domingo,hotel,404.208.143,-37.088.133,,
Madrid,Hostal Met Madrid 2,guest_house,404.163.334,-37.090.555,,
Madrid,Hotel One Shot Fortuny 07,hotel,404.287.821,-36.911.914,,
Madrid,Hostal Mundial,guest_house,404.066.984,-36.938.229,,
Madrid,Residencia C. Miralva,hostel,404.227.945,-3.701.515,,
Madrid,Four Seasons Hotel and Private Residences Madrid,hotel,40.417.272,-37.003.917,,
Madrid,,hotel,404.649.907,-37.864.262,,
Madrid,Hotel Pestana Plaza Mayor,hotel,404.149.762,-3.707.298,,
Madrid,Residencia Frassinetti de Madrid,guest_house,40.469.738,-3.727.879,,HH de Santa Dorotea de la Frassinetti
Madrid,Dormitoria,hotel,404.299.404,-36.973.715,,
Madrid,Casa del Suboficial,hotel,404.157.746,-37.251.122,,EA
Madrid,Casa del Aviador,hotel,404.340.064,-37.212.378,,EA
Madrid,,hostel,403.907.258,-37.645.931,,
Madrid,Velazquez 45,hotel,404.270.779,-36.841.869,0.5,Pillow
Madrid,ApartaHotel Plaza España Skyline BeMate,hotel,404.225.099,-3.715.496,,
Madrid,Hotel Uve Marcenado,hotel,404.456.768,-36.729.253,,
Madrid,"Atocha Hotel Madrid, Tapestry Collection by Hilton",hotel,404.106.685,-36.952.421,0.75,
Madrid,Neo Magna,hotel,404.283.645,-36.711.848,,
Madrid,Residencia para Menores Las Acacias,hostel,403.829.429,-37.345.339,,
Madrid,"Residencia Logística Militar ""San Fernando""",hotel,403.854.855,-37.351.324,,
Madrid,Casa Frami,guest_house,403.724.704,-37.529.041,,
Madrid,2060 The Newton Hostel,hostel,404.118.428,-37.034.821,,
Madrid,Los cazadores,hostel,403.788.943,-36.255.332,,
Madrid,Hospital Capilar,hotel,404.573.111,-36.490.386,,
Madrid,Hotel Bestprice Madrid Alcalá,hotel,404.403.332,-36.253.869,,
Madrid,Hostal Americano,hostel,404.172.241,-37.038.471,,
Madrid,El Catalán,hostel,404.215.039,-37.003.697,,
Madrid,,hotel,4.042.044,-37.052.207,,
Madrid,Residencia Militar de Apoyo a la MOvilidad Infante Don Juan,hotel,404.332.853,-37.213.262,,Ministerio de Defensa
Madrid,Hostal Jaén,guest_house,404.143.722,-36.982.223,,
Madrid,,hotel,404.218.048,-36.725.841,,
Madrid,Hotel DWO Colours,hotel,40.438.475,-36.212.848,,
Madrid,Ibis Styles,hotel,404.413.416,-36.575.195,0.75,
Madrid,Hostal Abaaly,guest_house,404.152.186,-37.087.644,,
Madrid,Ani y Gerson Madrid,guest_house,404.154.786,-36.978.942,,
Madrid,Hostal Sonsoles,hotel,404.217.896,-37.010.178,,
Madrid,Autograph Collection Círculo Gran Vía,hotel,404.201.208,-37.007.985,,
Madrid,Petit Palace Lealtad Plaza,hotel,404.168.988,-36.910.762,0.75,Hotelatelier
Madrid,GALLEGO,guest_house,403.963.392,-36.461.797,,
Madrid,NH Madrid Zurbano,hotel,404.390.277,-3.692.912,,
Madrid,Safestay Madrid Central,hostel,404.280.205,-36.982.614,,
Madrid,Hostal Pacios,guest_house,404.134.296,-37.017.044,,
Madrid,Hostal Puerta,guest_house,403.877.429,-37.406.997,,
Madrid,Room Mate Alba,hotel,404.138.255,-37.002.842,0.75,
Madrid,Velvet Hostels Madrid,hostel,403.869.508,-36.462.158,,
Madrid,Hotel,hotel,404.071.972,-36.999.962,,
Madrid,Art Seven Hostel Capsules,hostel,404.133,-37.047.229,,
Madrid,Dear Hotel Madrid,hotel,404.233.713,-37.104.479,0.75,SECA SA
Madrid,Río Hostel Madrid,hostel,403.922.713,-37.025.661,,
Madrid,,hostel,404.589.497,-37.068.075,,
Madrid,,hostel,404.595.937,-36.484.051,,
Madrid,Hostel Acacias,hostel,404.029.809,-37.041.625,,
Madrid,Hotel Único Madrid,hotel,404.285.589,-36.862.047,1.0,
Madrid,Optimi,hostel,404.220.913,-37.029.107,,
Madrid,Smart Rental,hotel,404.198.006,-36.990.953,,
Madrid,Roisa Hostal Boutique,guest_house,404.540.773,-36.782.165,,
Madrid,Serrano,hotel,404.311.389,-36.874.762,,
Madrid,Hello FERIA,hotel,404.744.163,-36.407.522,,
Madrid,Heritage,hotel,40.434.896,-36.790.377,,
Madrid,Hostal Arrate,guest_house,404.369.143,-37.155.293,,
Madrid,Hostal Noche y Día,hotel,404.065.053,-36.939.636,,
Madrid,Hola Rooms,hotel,404.116.158,-37.046.435,,
Madrid,CH Lemon Rooms,hotel,404.116.707,-37.046.889,,
Madrid,La Troupe Prado,hostel,404.069.435,-36.928.967,,
Madrid,Hotel Mayorazgo,hotel,404.220.423,-37.096.873,,Best Western
Madrid,A&Z VILLEGAS,hotel,404.651.059,-36.487.769,,
Madrid,room00 Gran Via Hostel,hotel,4.041.936,-36.978.541,,
Madrid,Central Palace Hostal,hotel,40.417.725,-37.114.449,,
Madrid,Hostal Carracedo,guest_house,404.140.567,-36.987.751,,
Madrid,room00 Ventura Hostel,hotel,404.158.359,-36.988.676,,
Madrid,Crowne Plaza Madrid - Centre Retiro,hotel,404.130.641,-36.692.552,0.75,IHG
Madrid,voco Madrid Retiro,hotel,404.133.693,-36.679.635,,IHG
Madrid,Prado 46,hostel,404.100.467,-36.927.318,,
Madrid,Velvet Hostels Pacifico,hostel,404.032.952,-36.763.987,,
Madrid,Hostal Carreras,guest_house,40.416.418,-36.991.225,,
Madrid,The Pacific Hostel,hostel,404.024.717,-36.758.185,,
Madrid,Hostal Bruña,hostel,404.125.596,-36.944.054,,
Madrid,Hotel Suites Feria de Madrid,hotel,404.572.863,-36.468.092,,
Madrid,MyD,hostel,404.067.689,-37.070.064,,
Madrid,Hostal Andrea,hostel,40.422.072,-36.999.586,,
Madrid,The Loft,hostel,404.101.684,-3.700.647,,
Madrid,Ikonik Gran Vía,hotel,404.213.792,-37.073.574,,
Madrid,Hotel Riu Plaza España,hotel,404.241.026,-3.710.977,0.75,RIU Hotels & Resorts
Madrid,Pensión Bulevar,hostel,403.775.083,-36.214.598,,
Madrid,Petit Hostel Palacio Real,hostel,404.212.919,-37.166.256,,
Barcelona,Hotel Millenni,hotel,413.759.505,21.670.539,0.75,
Barcelona,Hotel Barcelona Universal,hotel,413.751.971,21.682.509,0.75,
Barcelona,Hotel Paral·lel,hotel,413.747.759,21.661.966,0.25,NN Hotels
Barcelona,Novotel Cornella,hotel,413.516.118,20.904.489,,
Barcelona,Gran Hotel Catalonia,hotel,413.938.035,21.567.229,,
Barcelona,Villa Emilia,hotel,413.802.157,21.539.506,,
Barcelona,ibis Barcelona Meridiana,hotel,414.354.066,2.181.653,,
Barcelona,Hostal Barcelona,hotel,413.728.426,21.661.693,,
Barcelona,Hostal Kabul,hostel,413.796.661,2.175.241,,
Barcelona,Hostal Solimar,hotel,414.509.071,2.250.832,,
Barcelona,Pensión Las Flores,hotel,413.813.647,21.727.626,,
Barcelona,Hotel Royal,hotel,413.842.853,21.705.638,0.75,
Barcelona,Hotel Glòries,hotel,414.011.223,21.829.564,,
Barcelona,Hotel ILUNION Auditori,hotel,413.959.308,21.813.837,0.5,ILUNION Hotels
Barcelona,Hotel Ayre Casp,hotel,413.960.634,21.794.666,0.0,
Barcelona,Hosteria Grau,hotel,413.846.255,21.681.611,0.25,
Barcelona,Hotel Sir Victor,hotel,413.962.081,21.609.608,0.75,
Barcelona,Hotel Suites Avenue,hotel,413.942.863,216.178,1.0,
Barcelona,Eurostars Grand Marina Hotel,hotel,413.717.119,21.808.851,1.0,
Barcelona,Hotel Attica 21,hotel,414.051.323,22.118.586,0.75,
Barcelona,Hotel Continental,hotel,413.850.332,21.707.068,0.0,
Barcelona,Hotel sb Diagonal Zero,hotel,414.120.729,22.196.461,0.75,
Barcelona,H10 Catalunya Plaza,hotel,413.870.001,21.684.561,0.5,
Barcelona,Sonder,hotel,413.908.058,21.660.695,,
Barcelona,Hotel Continental Palacete,hotel,4.138.971,21.655.726,,
Barcelona,AC Marriott Victoria Suites,hotel,413.893.464,21.212.331,,
Barcelona,Hostal Baler,hostel,413.760.378,21.440.163,,
Barcelona,Leonardo Hotel Las Ramblas,hotel,41.380.051,21.710.093,0.5,Leonardo Hotels
Barcelona,Atrium Palace,hotel,413.908.992,21.706.621,,
Barcelona,Hotel Suizo,hotel,413.837.596,21.782.779,,
Barcelona,Hotel Barcelona Apolo,hotel,413.746.695,21.706.835,0.75,Meliá Hotels International
Barcelona,Auto Hogar,hotel,413.751.599,21.688.148,,
Barcelona,Le Méridien Barcelona,hotel,413.836.207,21.707.631,,
Barcelona,Hotel ILUNION Almirante,hotel,413.859.497,2.176.272,0.75,ILUNION Hotels
Barcelona,Barcelona City Hotel(Hotel Universal),hotel,413.933.159,21.660.451,,
Barcelona,Hostal Baires,hostel,413.803.276,21.791.762,,
Barcelona,Grupotel Gravina Hotel,hotel,413.854.111,21.660.268,,
Barcelona,chic&basic Reding Hotel,hotel,413.853.032,21.655.507,,chic&basic Hotels
Barcelona,Olivia Plaza Hotel,hotel,413.862.014,21.711.443,,Olivia Hotel
Barcelona,Center Ramblas,hostel,413.804.713,21.707.294,,
Barcelona,Barceló Antenea Mar,hotel,414.023.874,22.117.838,,
Barcelona,Front Maritim,hotel,414.037.749,22.138.028,,
Barcelona,Atenea Calabria,hotel,413.809.414,21.531.619,,
Barcelona,Evenia Rocafort,hotel,41.376.151,2.157.184,,
Barcelona,AXEL Hotel,hotel,413.873.794,21.604.124,0.75,
Barcelona,Ideal Youth Hostel,hostel,413.796.666,21.734.692,,
Barcelona,Alberguinn - Sants Youth Hostel,hostel,413.795.792,21.344.573,,
Barcelona,Mediterranean Youth Hostel,hostel,413.944.811,21.723.148,,
Barcelona,Hyatt Regency Barcelona Tower,hotel,413.460.261,21.085.947,,
Barcelona,Ayre Hotel Gran Via,hotel,41.373.363,21.473.387,,
Barcelona,Hotel Inglés,hotel,413.814.535,21.738.688,0.0,
Barcelona,Hostal la Palmera,hotel,413.819.104,21.707.337,0.25,
Barcelona,Aparthotel Eric Vökel Gran Vía Suites,hotel,413.788.851,21.547.217,,
Barcelona,Hotel Denit,hotel,413.870.752,21.723.258,,
Barcelona,Barcelona Xanascat,hostel,414.156.176,21.464.272,,
Barcelona,Medium Prisma,hotel,413.890.859,21.429.632,,Medium Hoteles
Barcelona,Hesperia Presidente,hotel,413.941.217,21.489.633,0.75,"Hesperia, a part of NH hoteles"
Barcelona,Hotel Paseo de Gracia,hotel,413.958.561,21.609.782,0.5,
Barcelona,Hotel Balmes,hotel,413.910.913,21.593.029,0.75,Derby Hotels
Barcelona,Hotel Granados 83,hotel,413.918.188,2.156.787,0.75,Derby Hotels
Barcelona,Room Mate Emma Hotel,hotel,413.926.948,2.156.347,0.5,Room Mate
Barcelona,Petit palace BCN,hotel,413.909.966,21.714.195,0.75,
Barcelona,Hotel Madanis Liceo,hotel,413.760.514,21.204.985,,
Barcelona,Hotel Madanis,hotel,413.767.668,21.213.892,,
Barcelona,Hotel Concordia,hotel,4.137.476,21.608.854,0.75,
Barcelona,Apartaments Casanova,hotel,41.382.434,21.623.751,,
Barcelona,Hostal Centric,hotel,413.824.642,21.623.216,,
Barcelona,Hostal Putxet,hotel,414.060.153,21.447.934,,
Barcelona,Hotel Catalonia Plaça Catalunya,hotel,413.863.262,21.681.968,0.75,
Barcelona,Hotel Ginebra,hotel,413.874.373,21.680.369,0.0,
Barcelona,Hotel América Barcelona,hotel,413.918.486,21.573.697,0.75,
Barcelona,Catalonia Avinyó,hotel,413.811.573,2.176.401,,
Barcelona,Hotel Via Augusta,hotel,414.000.137,21.515.004,0.25,
Barcelona,NH Barcelona Stadium,hotel,413.814.493,21.271.459,,NH
Barcelona,Park Hotel Barcelona,hotel,413.842.359,21.843.645,0.5,
Barcelona,Hotel Abba,hotel,413.825.674,21.400.415,,
Barcelona,Ayre Hotel Rosellón,hotel,414.047.213,21.728.228,,
Barcelona,Catalonia Barcelona Plaza,hotel,413.755.271,21.483.738,0.75,Hoteles Catalonia
Barcelona,Hotel Sant Pau,hotel,414.139.882,21.776.964,0.25,
Barcelona,Grupotel Gran Via 678,hotel,413.924.648,21.727.542,0.75,Grupotel
Barcelona,Bed and Beach,hotel,413.940.651,21.982.123,,
Barcelona,Hotel Jazz,hotel,413.860.573,21.657.768,0.5,
Barcelona,Pensión Peiró et Hostal Apolo,hostel,413.738.006,21.694.581,,
Barcelona,HCC St. Moritz,hotel,41.391.097,21.682.549,,HCC Hotels
Barcelona,Hotel Inglaterra,hotel,413.856.916,21.659.374,,
Barcelona,Majestic Residence,hotel,413.931.756,21.631.439,,
Barcelona,Murmuri Residence,hotel,413.943.122,21.598.783,,
Barcelona,Aura Park,hotel,413.601.004,21.077.184,,
Barcelona,Pillow One Hostal,hostel,413.771.034,21.752.358,,
Barcelona,Hotel U232,hotel,413.895.385,21.490.319,,
Barcelona,Hotel Sant Agusti,hotel,41.380.673,21.714.569,,
Barcelona,Boutique Bed and Breakfast Barcelona,guest_house,413.939.273,21.653.435,,
Barcelona,Hotel Sant Antoni,hotel,413.997.255,21.775.408,,
Barcelona,Hotel Aranea,hotel,413.983.332,21.757.625,0.5,
Barcelona,Hostal Canigó,hostel,4.141.536,21.770.324,,
Barcelona,,hotel,413.980.042,21.489.468,,
Barcelona,Hostal Badalona,hotel,414.514.586,22.388.688,0.25,
Barcelona,HCC Lugano,hotel,41.375.256,21.554.627,0.5,HCC Hotels
Barcelona,Pol & Grace Hotel,hotel,414.017.429,21.477.414,0.75,
Barcelona,Arc hotel Irla,hotel,413.947.875,21.434.626,,
Barcelona,TwentyTu Hi-Tech Hostel,hostel,413.989.308,21.885.275,,
Barcelona,Hotel Toledano,hotel,413.850.716,2.170.682,,
Barcelona,Pension Capitol,hostel,413.850.165,2.170.725,0.25,
Barcelona,Hostal Ona Barcelona,hostel,413.958.434,21.717.061,,
Barcelona,Angla Boutique Apartments,hotel,413.846.716,2.156.759,,
Barcelona,Catalonia Roma,hotel,413.819.404,21.459.613,0.5,Hoteles Catalonia
Barcelona,Castro Exclusive Residences,hotel,414.020.085,21.714.626,,
Barcelona,Hotel Hesperia Metropol,hotel,413.804.476,2.179.865,,
Barcelona,Pension 45,hotel,41.384.689,2.168.091,,
Barcelona,Roma Reial,hotel,413.801.084,21.758.452,0.0,
Barcelona,Casa Gracia,hostel,413.973.173,2.159.215,,
Barcelona,NH Sants,hotel,41.384.541,21.378.424,,
Barcelona,Ronda house,hotel,413.811.962,2.163.993,,
Barcelona,Hotel Sercotel Abbot,hotel,413.815.341,21.449.734,,
Barcelona,Hostal Petit Príncep,hotel,413.939.364,21.481.999,,
Barcelona,Bypillow Mothern Barcelona,hotel,413.887.472,21.717.477,,
Barcelona,Hotel Praktik Garden,hotel,413.938.151,2.171.323,,
Barcelona,Black Swan Hostel,hostel,413.913.182,2.177.574,,
Barcelona,Hip Karma Hostel,hostel,413.905.193,21.763.374,,
Barcelona,Sagrada Familia,hotel,414.058.831,2.171.535,0.5,
Barcelona,Pensión Bienestar,hotel,413.812.292,21.742.603,,
Barcelona,Catalonia Park Güell,hotel,414.141.911,2.144.842,,
Barcelona,Barceló Sants,hotel,41.378.881,21.393.317,0.75,Barceló Hotels & Resorts
Barcelona,Hostal Boutique Khronos,hotel,413.960.791,21.653.755,,
Barcelona,Nuevo Triunfo,hotel,413.731.526,21.698.857,,
Barcelona,Hostal Central Barcelona,guest_house,413.962.953,21.752.989,,
Barcelona,the5rooms,guest_house,413.893.631,21.719.476,,
Barcelona,Hotel Indigo,hotel,413.912.296,217.025,,
Barcelona,Hotel Catalonia Square,hotel,413.885.941,21.712.563,,
Barcelona,Hotel Colonial,hotel,413.822.737,21.806.803,0.75,Gargallo
Barcelona,Acta BCN 40,hotel,413.825.823,21.658.879,,
Barcelona,BCN Montjuïc,hotel,413.702.217,21.441.553,0.5,
Barcelona,NH Les Corts,hotel,413.875.004,21.365.656,0.5,NH Hoteles
Barcelona,Hotel Bertran,hotel,41.410.395,21.397.386,0.5,
Barcelona,Safestay Passeig de Gracia Barcelona,hostel,413.909.471,21.657.869,,Safestay
Barcelona,Olivia Balmes Hotel,hotel,413.922.038,21.585.614,,
Barcelona,Hotel Condal,hotel,413.815.376,21.742.127,,
Barcelona,Barcelona Dreams,hotel,413.777.588,21.783.804,,
Barcelona,Buba House Hostel Barcelona,guest_house,413.905.877,2.1625,,
Barcelona,Casa Maca Guest House,guest_house,413.973.371,21.657.179,,Guest House in Barcelona
Barcelona,Jardinets Guest House,guest_house,413.943.894,21.697.655,,Guest House in Barcelona
Barcelona,Generator Barcelona,hostel,413.991.439,21.625.978,0.0,
Barcelona,Hotel Lloret,hotel,413.848.137,2.170.172,,
Barcelona,Casa Camper Barcelona,hotel,413.832.795,21.685.386,,
Barcelona,Hostal Fina,hotel,413.834.541,21.726.849,,
Barcelona,Hotel Ramblas,hotel,413.789.792,21.748.135,,
Barcelona,Hotel Alba,hotel,413.802.428,21.700.638,,
Barcelona,Hostal R. Ramos,hotel,41.380.892,21.715.146,,
Barcelona,Hostal Amra,guest_house,413.897.935,21.714.962,,
Barcelona,Hotel Climent,hotel,413.724.255,21.462.078,,
Barcelona,Gran Hotel Medinaceli,hotel,413.781,217.862,,
Barcelona,Meson Castilla,hotel,413.847.031,21.665.445,0.25,
Barcelona,Alimara Barcelona Hotel,hotel,414.339.651,21.474.969,,
Barcelona,Hostal Lausanne,hostel,413.859.352,21.729.133,,
Barcelona,Hostal Cal Siles,guest_house,41.321.131,2.093.576,,
Barcelona,Blauet,hotel,413.209.726,21.009.977,,
Barcelona,Hotel Sansi Diputació,hotel,413.883.156,21.645.672,,
Barcelona,Fira Congress,hotel,413.524.004,21.271.772,,
Barcelona,Sant Jordi Gracia,hostel,414.032.657,21.583.154,,
Barcelona,Hostal Felipe II,hostel,413.982.162,21.682.084,,
Barcelona,MH Apartments,hotel,414.020.841,21.756.718,,
Barcelona,Hotel Nouvel,hotel,413.853.275,21.716.056,,
Barcelona,Mercure Barcelona Condor,hotel,413.999.982,2.145.339,,
Barcelona,Hotel Coronado,hotel,413.733.921,21.682.438,0.0,
Barcelona,Hotel ibis Barcelona Centro,hotel,414.007.751,21.724.889,,ibis
Barcelona,Hotel Moderno,hotel,4.138.103,2.172.713,,
Barcelona,Gran Hotel Barcino,hotel,41.383.122,2.177.822,0.75,
Barcelona,Sleep Green,hostel,413.866.209,21.659.173,,
Barcelona,Barcelona Riders Residence,hostel,413.877.139,21.482.406,,
Barcelona,HelloBCN Hostel,hostel,413.737.145,21.691.313,,
Barcelona,MH Apartments Urban,hotel,413.759.099,21.547.587,,
Barcelona,Mambo Tango Youth Hostel,hostel,413.741.557,21.659.815,,
Barcelona,Hostel Bruc Barcelona,hostel,413.968.512,21.660.039,,
Barcelona,Apartments La casa de les Lletres,guest_house,41.381.132,21.813.053,,
Barcelona,H10 Urquinaona Plaza,hotel,413.892.056,21.725.408,,
Barcelona,Serhs del port,hotel,4.137.502,21.724.969,,
Barcelona,Hotel Brummell,hotel,413.716.581,21.664.682,,
Barcelona,Rambla Apartments,hotel,413.794.595,21.750.386,,
Barcelona,Century Park,hotel,413.861.529,2.154.852,,
Barcelona,AKO Aparthotel,hotel,4.138.601,2.161.031,,
Barcelona,Alberg Arc House,hostel,413.910.726,21.843.702,,
Barcelona,Hotel Cuatro Naciones,hotel,413.793.737,21.750.662,,
Barcelona,Room018BCN,hostel,413.809.586,21.304.142,,
Barcelona,Bed and Art,hostel,413.897.583,21.744.395,,
Barcelona,Residencia Albergue Studios,hostel,413.999.413,21.188.271,,
Barcelona,Hotel Victoria Palace,hotel,413.921.304,21.703.366,,
Barcelona,Hotel Catalonia Castellnou,hotel,413.964.422,21.285.763,0.5,
Barcelona,Andante Hotel,hotel,413.765.984,21.727.042,0.5,
Barcelona,Factory Gardens Hostel Barcelona,hostel,413.964.142,21.638.765,,
Barcelona,BCN Home,hotel,413.799.172,21.715.062,,
Barcelona,Monrooms Barcelona,guest_house,414.085.971,21.500.784,,
Barcelona,Hotel Ciutat Vella,hotel,413.849.938,21.666.554,,
Barcelona,La França Hotel,hotel,413.722.075,21.571.579,,
Barcelona,,guest_house,413.731.302,21.618.419,,
Barcelona,Catalonia Atenas,hotel,414.110.737,21.865.397,,
Barcelona,,hotel,414.063.125,21.451.162,,
Barcelona,Cram,hotel,413.881.318,21.601.834,,
Barcelona,,guest_house,413.838.068,21.428.305,,
Barcelona,Alma Barcelona Hotel,hotel,413.945.072,21.632.409,,
Barcelona,Hotel Royal Passeig de Gracia,hotel,4.139.458,21.624.325,,
Barcelona,Ant Hostel,hostel,413.905.236,21.850.885,,
Barcelona,,hotel,413.828.487,21.590.401,,
Barcelona,Hotel Condado,hotel,413.956.432,21.495.177,,
Barcelona,Zenit Hotel,hotel,413.949.998,21.470.158,,
Barcelona,Petit Palace Boquería Garden,hotel,413.813.872,21.739.373,0.75,Hoteatelier
Barcelona,BCN Sport Hostels,hostel,413.996.791,2.162.012,,
Barcelona,HCC Taber,hotel,413.905.627,21.633.115,0.5,HCC Hotels
Barcelona,Bedcelona Gràcia Hostel,hostel,414.078.298,21.597.093,,
Barcelona,Hostal Elkano,hostel,413.741.305,21.603.242,,
Barcelona,Hôtel Medicis,hotel,414.106.317,21.731.362,,
Barcelona,Appartamento,hotel,413.949.865,21.503.717,,
Barcelona,Hostal Barcelona Centro,hotel,413.912.477,21.692.974,,
Barcelona,sant jordi alberg hostel,hostel,413.920.786,21.704.837,,
Barcelona,Hotel Grums,hotel,413.729.061,21.720.069,,
Barcelona,chic&basic Habana Hoose Hotel,hotel,413.837.765,21.800.369,0.5,chic&basic hotels
Barcelona,Equity Point Gothic,hostel,413.842.048,21.797.277,,
Barcelona,Hola Hostal Eixample,hostel,41.396.873,2.177.192,,
Barcelona,casa de ana,hostel,413.878.069,21.619.673,,
Barcelona,Pension Ciudadela,hostel,413.847.987,21.847.029,,
Barcelona,Home Around Barcelona,guest_house,41.392.613,21.557.271,,
Barcelona,equity point sea,hostel,413.753.926,21.897.959,,
Barcelona,new york,hostel,413.806.299,21.796.776,,
Barcelona,Miam,hotel,414.020.879,21.756.287,,
Barcelona,08028 Apartments,hotel,413.835.014,21.310.551,,
Barcelona,TOC Hostel Barcelona,hostel,413.847.897,21.625.305,,
Barcelona,Ding dong Express,hotel,413.986.999,21.541.323,,
Barcelona,Gothic Cathedral Apartments,hotel,41.381.016,21.791.818,,
Barcelona,Air bnb,guest_house,414.122.791,21.820.487,,
Barcelona,Napols Apart;Aparthotel Nàpols,hotel,413.952.787,21.797.494,,
Barcelona,Airbnb2,hotel,413.802.479,21.694.741,,
Barcelona,,guest_house,41.411.312,22.061.538,,
Barcelona,H10 Hotel Port Vell,hotel,413.815.707,21.837.722,,
Barcelona,Villa Emilia,hotel,413.792.752,2.155.322,,
Barcelona,,hotel,41.382.433,2.165.831,,
Barcelona,BCN Urban Hotels del Comte,hotel,413.826.847,21.570.763,,
Barcelona,Casa,guest_house,414.097.789,21.450.097,,
Barcelona,Hostal Alogar,hostel,41.396.479,2.145.173,0.25,
Barcelona,Room Mate Carla Hotel,hotel,413.963.505,21.660.705,0.75,Room Mate
Barcelona,Canton,hotel,413.784.902,21.780.553,,
Barcelona,Hotel Eurostars Cristal Palace,hotel,413.898.262,21.661.232,0.75,Eurostar Hotels
Barcelona,Torre Melina Gran Meliá,hotel,413.810.414,21.086.899,,
Barcelona,Ella hostel,hotel,413.926.659,21.736.765,,
Barcelona,LivingRoom City Center Hostel,hostel,413.935.976,21.729.418,,
Barcelona,Hogar PyG,guest_house,414.178.166,21.597.296,,
Barcelona,casa de Chiara,hotel,414.086.998,21.569.834,,
Barcelona,,hotel,413.848.216,21.671.108,,
Barcelona,,hostel,413.792.285,2.084.319,,
Barcelona,,guest_house,413.832.033,21.817.783,,
Barcelona,marina esteban,guest_house,413.527.237,21.110.294,,
Barcelona,abba Garden hotel,hotel,41.385.269,21.019.996,0.75,
Barcelona,Casa,hostel,41.388.904,21.776.473,,
Barcelona,Residencia San Marius,guest_house,414.034.727,21.370.155,,
Barcelona,,guest_house,413.801.069,21.513.545,,
Barcelona,Fabrizzio's Petit,hostel,413.937.398,21.700.769,,
Barcelona,Renaissance Barcelona Hotel,hotel,413.927.154,21.674.921,,marriott
Barcelona,ABaC,hotel,414.105.824,21.364.924,1.0,
Barcelona,Barcelona Central Garden,hostel,413.926.038,2.169.325,,
Barcelona,Hotel Catalonia Sagrada Familia,hotel,414.078.874,21.852.929,,
Barcelona,Aribau,hostel,413.876.521,21.602.093,,
Barcelona,Turin Hotel,hotel,413.830.791,21.701.799,,Turin
Barcelona,Mh Apartments Family,hotel,414.072.815,21.761.705,,
Barcelona,Hotel Catalonia Mikado,hotel,4.140.323,21.270.863,0.5,
Barcelona,,guest_house,413.773.303,21.449.547,,
Barcelona,,hotel,41.375.561,2.156.933,,
Barcelona,,hostel,414.066.582,21.730.313,,
Barcelona,Hotel Claris,hotel,413.944.096,21.654.247,,
Barcelona,Hotel Lleó,hotel,413.856.442,21.664.581,0.5,
Barcelona,Marina apt,hostel,41.388.272,21.403.872,,
Barcelona,Hotel Suites,hotel,41.377.274,21.440.026,,
Barcelona,,guest_house,413.864.177,21.213.236,,
Barcelona,Casa Janssen,guest_house,414.476.564,22.363.519,,
Barcelona,Hotel Everest,hotel,41.411.395,21.733.487,,
Barcelona,Curious,hotel,413.823.086,21.705.179,,
Barcelona,Hotel Europark,hotel,413.963.077,21.700.203,,
Barcelona,Hotel Actual Boutique,hotel,413.960.188,21.611.271,0.5,
Barcelona,Toni,guest_house,414.455.081,21.839.272,,
Barcelona,Meeting Point Hostels,hostel,413.786.643,21.377.134,,
Barcelona,,guest_house,414.245.268,21.516.729,,
Barcelona,,hostel,414.321.569,21.740.445,,
Barcelona,Depto BCN,hotel,413.849.042,21.710.061,,
Barcelona,,hotel,41.377.495,21.746.458,,
Barcelona,,guest_house,413.840.142,21.733.413,,
Barcelona,,hotel,413.757.291,21.433.625,,
Barcelona,Be Dream Hostel Barcelona,hostel,414.442.625,22.367.348,,Be Hostels
Barcelona,,hostel,413.667.907,21.320.741,,
Barcelona,Residences Erasmus Gracia,hotel,414.051.112,2.154.289,,
Barcelona,,hostel,413.983.599,21.570.216,,Karla
Barcelona,Majo,guest_house,414.150.543,21.887.619,,
Barcelona,casa Margarita,guest_house,41.424.526,21.523.019,,
Barcelona,Casa de Isabel,guest_house,414.228.872,21.749.914,,
Barcelona,Citadines,hotel,41.383.908,21.714.279,,
Barcelona,Hotel Azul,hotel,413.730.289,21.459.815,,
Barcelona,Hostal La Costa,hotel,414.331.916,22.167.902,,
Barcelona,Hostal La Terrassa,hotel,413.800.248,21.714.338,,
Barcelona,,hostel,413.975.189,21.855.432,,
Barcelona,,guest_house,413.791.315,21.800.746,,
Barcelona,od Barcelona,hotel,413.938.311,2.167.553,,
Barcelona,Motel One,hotel,41.390.164,21.845.713,,
Barcelona,The Loft Hostel,hostel,413.964.473,21.639.204,,
Barcelona,Travelodge L'Hospitalet,hotel,413.523.017,21.334.505,,
Barcelona,Hotel Praktik Rambla,hotel,413.890.624,21.658.933,,
Barcelona,BUHO Boutique Hotel,hotel,413.911.105,21.709.701,,
Barcelona,casa Nathaly,guest_house,414.402.381,21.799.803,,
Barcelona,Sound hostel,hostel,413.758.204,21.709.462,,Be Hostels
Barcelona,Pillow by Ramblas,hotel,413.770.603,21.774.263,,
Barcelona,Hostel Sun and Moon,hostel,413.809.593,21.748.767,,
Barcelona,Hotel Praktik Vinoteca,hotel,413.892.206,21.622.673,,
Barcelona,Yurbban Passage Hotel & Spa,hotel,413.888.147,21.759.261,,
Barcelona,TWO Hotel,hotel,413.790.983,21.560.884,,
Barcelona,Residència Salesiana Martí-Codolar,hostel,41.428.814,21.503.414,,Pía Sociedad de San Francisco de Sales
Barcelona,Hotel Fornos,hotel,413.796.673,21.748.841,,
Barcelona,,guest_house,413.782.139,21.527.962,,
Barcelona,Wilson Boutique Hotel,hotel,413.944.017,21.501.533,,
Barcelona,H10 Madison,hotel,413.860.937,21.754.224,,
Barcelona,ICON BCN,hotel,413.909.535,21.715.036,0.75,Hotelatelier
Barcelona,May Ramblas Hotel,hotel,413.815.136,21.734.483,,
Barcelona,The Barcelona EDITION,hotel,413.860.095,21.778.381,,
Barcelona,Hotel Balmoral,hotel,413.961.575,21.551.795,0.75,Abba Hoteles
Barcelona,Gran Hotel Havana,hotel,413.926.865,21.720.252,0.75,
Barcelona,Hotel abba Sants,hotel,413.825.602,21.400.336,,
Barcelona,Pensió Cerdanya,guest_house,413.925.517,21.739.466,,
Barcelona,Hotel Ibis Styles Barcelona Centre,hotel,413.977.681,21.657.002,,
Barcelona,Hotel Pelayo Barcelona,hotel,413.858.527,21.664.552,0.0,
Barcelona,Hostal Paris,hotel,413.814.673,217.346,0.0,
Barcelona,H10 Montcada,hotel,413.843.154,21.784.312,0.5,
Barcelona,SmartRoom,hotel,41.372.049,21.368.469,,
Barcelona,Hostal Mayerling Centro,hostel,413.892.381,21.740.196,,
Barcelona,H10 Metrepolitian,hotel,413.877.858,2.167.654,,
Barcelona,Jam,hostel,414.047.461,21.597.627,,
Barcelona,128 magatzem,hotel,413.810.975,21.534.681,,
Barcelona,Hotel Jaume I,hotel,413.833.098,21.778.095,,
Barcelona,Hotel Gótico,hotel,413.834.038,21.781.998,,
Barcelona,Дом в Барсе,guest_house,413.832.456,21.774.079,,
Barcelona,Hotel El Call,hotel,413.822.821,21.757.084,,
Barcelona,Hotel Rialto,hotel,413.820.096,21.764.309,,
Barcelona,Hotel Well and Come,hotel,413.991.742,21.656.224,0.75,Well and Come Barcelona
Barcelona,Hotel Limonaia,hotel,413.961.883,21.613.595,0.25,
Barcelona,,guest_house,413.963.386,21.647.626,,
Barcelona,Senator,hotel,413.775.734,21.135.678,,
Barcelona,Sehrs Carlit,hotel,413.971.552,217.581,,
Barcelona,Exe Hotel Laietana Palace,hotel,413.833.373,21.793.149,,
Barcelona,La França Travellers,hotel,413.722.175,21.575.575,,
Barcelona,,guest_house,413.730.438,21.616.761,,
Barcelona,UNITE hotel,hostel,413.909.971,21.963.474,,
Barcelona,freehostels,hostel,413.885.915,21.445.052,,
Barcelona,Guitart Grand Passage,hotel,413.935.483,21.505.631,0.75,
Barcelona,The Corner,hotel,413.890.429,2.156.621,,
Barcelona,Hotel Barcelona Center,hotel,413.916.188,21.592.877,,
Barcelona,Best Western Premier Hotel Dante,hotel,413.894.095,21.564.945,0.75,Best Western
Barcelona,H10 art gallery hotel,hotel,413.920.504,21.570.335,,
Barcelona,Caledonian,hotel,413.842.163,21.619.248,0.5,Jamalda Hotels
Barcelona,Dream Cube Hostel,hostel,413.906.916,21.410.813,,
Barcelona,Acacia,hotel,413.878.804,21.512.933,,
Barcelona,Hotel Ciutadella Barcelona,hotel,413.838.586,21.847.211,,
Barcelona,Hotel Ciudadela Parc,hotel,413.894.606,21.837.346,,
Barcelona,Hotel Palermo,hotel,413.815.204,21.740.616,,
Barcelona,La casa de Antonio Boutique Rooms,hotel,413.849.213,21.627.957,,
Barcelona,Hostal Hostemplo,guest_house,414.008.704,21.745.818,,
Barcelona,Hotel Ohla Eixample,hotel,41.394.569,21.565.496,1.0,
Barcelona,No Limit Hostel Grafitti,hostel,414.062.969,2.183.506,,
Barcelona,Leonardo Boutique Hotel Barcelona Sagrada Familia,hotel,414.109.807,21.856.144,,
Barcelona,Sant Jordi Hostel Sagrada Familia,hostel,414.097.979,21.790.486,,
Barcelona,HTOP BCN City,hotel,414.109.656,21.732.084,0.25,
Barcelona,Hotel Ilunion Bel Art,hotel,414.101.904,21.694.888,0.75,
Barcelona,Hotel Colors,hotel,41.435.178,21.536.787,,
Barcelona,BarcelonaGO Hotel & Apartments,hotel,413.984.358,21.843.854,,
Barcelona,Hostal Ruta de Francia,guest_house,414.038.343,21.820.366,,
Barcelona,Alberg Barcelona and You,hostel,414.030.116,21.783.408,,
Barcelona,Hotel Boutique Hostemplo,hotel,414.012.585,21.733.663,,
Barcelona,El Hotelito,hotel,413.746.635,21.156.626,,
Barcelona,Garden House Hostel Barcelona,hostel,41.436.067,21.611.441,,
Barcelona,Rocket Hostels Gràcia,hostel,41.410.181,21.485.261,,
Barcelona,Factory Hostels Barcelona,hostel,414.123.891,21.565.666,,
Barcelona,Alberg Des Artistes,hostel,413.959.537,21.774.708,,
Barcelona,Alberg Bed And Bike,hostel,413.971.347,21.762.373,,
Barcelona,Room Mate Anna Hotel,hotel,413.928.313,21.655.105,0.75,Room Mate
Barcelona,"Alexandra Barcelona Hotel, Curio Collection by Hilton",hotel,413.931.876,21.615.252,0.75,Hilton
Barcelona,Monument Hotel,hotel,413.937.566,2.162.242,1.0,
Barcelona,Born Barcelona Hostel,hostel,413.910.761,21.791.439,,
Barcelona,360 Hostel Arts & Culture,hostel,413.905.815,21.775.756,,
Barcelona,360 Hostel Barcelona,hostel,413.915.938,21.774.201,,
Barcelona,Alberg Don Moustache,hostel,413.924.183,21.741.019,,
Barcelona,Alberg Fabrizzios Terrace Barcelona,hostel,413.934.332,21.725.889,,
Barcelona,Backpackers,hostel,413.937.064,21.712.241,,
Barcelona,Azul B&B,hostel,413.968.574,2.169.073,,
Barcelona,Primavera Hostel,hostel,413.981.551,21.685.044,,
Barcelona,Bruc & Bruc,hostel,413.964.349,21.662.057,,
Barcelona,Diagonal House,hostel,413.972.708,21.615.078,,
Barcelona,Hip Hostel Barcelona,hostel,414.014.134,21.583.049,,
Barcelona,Fernando,hostel,41.381.461,21.755.047,,
Barcelona,Itaca,hostel,413.852.926,21.753.521,,
Barcelona,Korea Hostel,hostel,413.885.511,21.675.546,,
Barcelona,Alternative Creative Youth Hostel,hostel,413.867.537,21.663.425,,
Barcelona,EcoZentric,hotel,41.387.835,21.643.576,,
Barcelona,Hostel Plaza Catalunya,hostel,413.890.983,21.650.862,,
Barcelona,No Limit Hostel Central,hostel,413.918.263,21.664.847,,
Barcelona,Art City Hostel,hostel,41.391.543,21.631.914,,
Barcelona,The Buda House,hostel,413.906.443,21.625.056,,
Barcelona,Sant Jordi Hostel Rock Palace,hostel,41.390.442,21.609.601,,
Barcelona,Tierra Azul,hostel,413.915.723,21.615.979,,
Barcelona,The Hipstel II,hostel,413.923.003,21.630.238,,
Barcelona,Lenin Hostel,hostel,413.934.247,21.644.837,,
Barcelona,The Central House,hostel,413.956.717,21.584.212,,
Barcelona,Blue Barcelona 2,hostel,414.001.932,2.151.257,,
Barcelona,Mellow Hostel Barcelona,hostel,414.259.221,21.685.502,,
Barcelona,Onefam Ramblas Hostel Barcelona,hostel,413.737.418,2.174.295,,Onefam Hostels
Barcelona,Pars Teatro Hostel,hostel,413.737.681,21.740.858,,
Barcelona,Tailor's Hostel,hostel,41.381.599,21.606.445,,
Barcelona,The Bird House,hostel,413.817.539,21.587.887,,
Barcelona,Onefam Batlló Hostel Barcelona,hostel,413.846.195,21.600.252,,Onefam Hostels
Barcelona,Casa del Mediterráneo,hostel,413.899.881,21.599.356,,
Barcelona,Casa Kessler Barcelona,hostel,413.903.624,21.592.623,,
Barcelona,Hotel Neri Relais & Chateaux,hotel,413.831.717,21.753.925,1.0,
Barcelona,Hotel Neri Apartments,hotel,413.830.356,2.175.387,,
Barcelona,Hotel AC Sants,hotel,413.774.559,21.388.988,,
Barcelona,유로스타,hotel,413.895.404,21.663.491,,
Barcelona,Residencia d’Investigadors,hotel,413.802.623,21.695.221,,
Barcelona,Hostal Levante,hostel,413.813.445,21.765.999,,
Barcelona,,guest_house,41.435.962,22.149.958,,
Barcelona,Hostal Live Barcelona,hotel,413.834.955,21.598.349,,
Barcelona,Marbela apartments,guest_house,413.834.612,21.381.931,,
Barcelona,Hotel Casa Lit Barcelona by Ona,hotel,41.375.505,21.729.039,,
Barcelona,Allotjament Logístico-militar Caserna del Bruc,hostel,413.860.199,21.099.293,,
Barcelona,,guest_house,414.024.493,22.083.934,,
Barcelona,Pensión Carlos III,hotel,413.305.666,20.985.295,,
Barcelona,Hostal Delfos,hotel,413.846.595,21.637.078,,
Barcelona,Acta Voraport,hotel,413.990.835,22.006.312,,
Barcelona,Hostal Liwi,hostel,41.385.306,21.307.335,,
Barcelona,,hotel,413.876.156,21.685.635,,
Barcelona,Hostal Pension Dani,hostel,41.384.655,21.698.283,,
Barcelona,Hotel Transit,hotel,413.781.838,21.431.066,,
Barcelona,Hostalhouse,guest_house,413.699.024,21.366.392,,
Barcelona,AirHostel Barcelona,hostel,413.245.164,20.940.006,,
Barcelona,,guest_house,414.041.063,21.981.522,,
Barcelona,Hotel Granvia,hotel,41.389.989,21.695.249,,
Barcelona,Onix Rambla,hotel,413.893,216.644,,
Barcelona,H10 Cubik,hotel,413.880.202,21.731.612,,
Barcelona,Hotel Catalonia Port,hotel,413.787,217.873,,
Barcelona,Mucha Masia,hostel,413.283.807,20.927.889,,
Barcelona,Catalonia Rigoletto,hotel,41.385.654,21.255.386,0.75,
Barcelona,Sidah maison,guest_house,414.090.067,22.035.325,,
Barcelona,Almanac,hotel,413.907.533,21.694.134,,
Barcelona,Iberostar Selection Paseo de Gracia,hotel,41.387.931,21.693.922,,IBEROSTAR Hotels & Resorts
Barcelona,chic&basic Tallers Hostel,hostel,413.852.411,21.645.554,,chic&basic hotels
Barcelona,Gran Hotel Central,hotel,413.849.138,21.776.369,1.0,
Barcelona,Hostal Badaloní,hotel,414.458.319,22.380.937,0.25,
Barcelona,Onefam Sants Hostel Barcelona,hostel,413.743.048,21.303.808,,Onefam Hostels
Barcelona,Hotel Negresco Princess,hotel,413.905.581,21.726.186,,
Barcelona,Hostal Barcelona Rooms,hostel,414.039.578,21.659.637,,
Barcelona,Hostal Eden,hostel,413.894.964,21.622.058,,
Barcelona,Mercer Hotel Barcelona,hotel,41.382.581,21.789.657,1.0,
Barcelona,The Moods Oasis,hotel,413.970.672,21.513.108,0.5,
Barcelona,Mihlton Hotel,hotel,4.139.392,21.579.908,,
Barcelona,Hesperia Barcelona Ramblas,hotel,413.809.379,21.720.314,,
Barcelona,Kimpton Vividora Hotel,hotel,413.846.739,21.728.733,1.0,
Barcelona,The Mirror,hotel,413.930.991,21.545.161,,
Barcelona,Hotel Catalonia Magdalenes,hotel,413.861.192,21.745.588,0.75,
Barcelona,Aparthotel Mariano Cubí,hotel,413.981.521,21.493.985,0.75,
Barcelona,el Jardi,hotel,413.825.174,21.739.864,,
Barcelona,Rock Palace Hostel,hostel,413.904.676,21.608.958,,
Barcelona,Hotel Constanza,hotel,413.915.708,2.172.939,,
Barcelona,Hotel BestPrice Diagonal,hotel,414.097.579,22.098.626,,
Barcelona,HO Casa Mimosa,hotel,413.961.679,21.623.261,,
Barcelona,Sensation authentic gracia,hotel,414.074.419,21.673.153,,
Barcelona,,hotel,414.032.219,21.371.931,,
Barcelona,Ideal Sants,hostel,413.840.234,21.407.756,,
Barcelona,Sixties Rambla,hotel,413.768.921,21.747.892,,
Barcelona,Hostal Cornellà,hotel,413.634.752,20.745.575,,
Barcelona,,guest_house,413.833.282,21.567.129,,
Barcelona,Hitel Occidental Barcelona 1929,hotel,413.752.744,21.479.222,,
Barcelona,Residencia Militar Cristóbal Colón,hotel,413.764.311,21.763.921,,
Barcelona,Barcelona Corona Hostel,hotel,41.434.466,22.186.924,,
Barcelona,Bonanova Park Hotel,hotel,413.930.349,21.247.017,,
Barcelona,,guest_house,413.727.832,20.814.288,,
Barcelona,Leo rams,guest_house,413.901.109,21.730.559,,
Barcelona,Onefam Les Corts Hostel Barcelona,hostel,413.771.879,21.238.292,,Onefam Hostels
Barcelona,HG City Suites,hotel,414.008.224,21.500.431,,
Barcelona,Samy Home,hostel,413.827.359,21.818.974,,
Barcelona,Hostal Be Ramblas,hotel,413.775.051,21.724.749,,
Barcelona,Hotel Barbara,hotel,413.777.945,21.715.367,,
Barcelona,Apartamentos Hesperia Fira,hotel,41.346.459,21.081.439,,
Barcelona,Abba Rambla Hotel,hotel,413.793.667,21.679.794,,
Barcelona,Hotel Silken Ramblas,hotel,413.829.722,2.170.047,,
Barcelona,chic&basic Born Boutique Hotel,hotel,413.867.622,21.824.047,0.5,chic&basic Hotels
Barcelona,chic&basic Lemon Boutique Hotel,hotel,413.857.883,21.651.393,0.25,chic&basic hotels
Barcelona,chic&basic Zoo Hotel,hostel,41.387.044,21.835.261,0.0,chic&basic hotels
Barcelona,Bedmates,hostel,413.742.483,21.681.456,,
Barcelona,Hotel Ciutat de Barcelona,hotel,413.858.809,21.810.222,,
Barcelona,Hostal Orleans,hostel,413.843.976,21.844.891,,
Barcelona,Alberg Hostel Barcelona Pere Tarrés,hostel,413.879.092,21.334.542,,
Barcelona,Arcelon Hotel,hotel,414.144.621,21.898.181,,
Barcelona,Lumine suites,hostel,413.929.699,21.576.856,,
Barcelona,Lumine suites,hostel,413.929.601,21.576.608,,
Barcelona,Hotel Occidental,hotel,413.980.962,2.164.807,,
Barcelona,Opera Ramblas Hostal,hotel,41.380.234,21.728.806,0.25,
Barcelona,Hitel Onix Fira,hotel,413.770.113,21.498.718,,
Barcelona,Aparthotel Augusta,hotel,414.014.828,21.484.599,,
Barcelona,Ciudad,hotel,413.933.715,21.617.658,,
Barcelona,Residència Erasmus Gràcia,hotel,414.060.521,21.529.257,,
Barcelona,Antiga Casa Buenavista,hotel,413.838.885,21.640.108,,
Barcelona,Aparthotel Bonanova,hotel,414.054.665,21.361.386,,
Barcelona,One Shot,hotel,413.916.621,21.639.098,,
Barcelona,Happy Apartments,hotel,413.790.899,21.741.666,,
Barcelona,Catalonia Gràcia,hotel,413.986.858,21.623.957,0.75,
Barcelona,Green House Hotel,hotel,41.398.402,21.844.093,,
Barcelona,ambitbcn,hotel,413.908.191,21.716.299,0.75,
Barcelona,Hostal La Terrassa,hostel,413.800.278,21.714.306,,
Barcelona,Camp Nou Hotel,hostel,413.737.695,21.175.201,,
Barcelona,,hotel,413.795.143,21.763.306,,
Barcelona,Alberg Be Barcelona Sagrada Familia,hostel,414.064.392,21.672.502,,
Barcelona,Paraiso Hostel,hostel,413.774.109,21.645.065,,
Barcelona,Hotel Radha,hotel,41.360.647,21.331.662,,
Barcelona,Hotel Lleó,hotel,413.855.252,21.665.115,0.5,
Barcelona,Vincci Gala,hotel,413.894.781,21.747.538,0.75,
Barcelona,Hostal Mozart,hostel,413.992.644,21.582.731,,
Barcelona,Hostal Sant Carlo,hotel,413.895.101,21.729.406,,
Barcelona,Hôtel Balkonis,hotel,413.798.955,21.618.894,,
Barcelona,Moxy Barcelona,hotel,413.791.798,21.429.258,,
Barcelona,Hostal Balkonis,hotel,413.798.875,21.618.769,,
Barcelona,Hoteles Catalonia,hotel,413.970.619,21.598.447,,
Barcelona,Hotel Sercotel Caspe,hotel,413.942.639,21.774.213,,
Barcelona,Yurban Hotel,hotel,413.889.064,21.760.708,0.5,
Barcelona,La Pau hotel boutique,hotel,413.775.379,21.779.726,,
Barcelona,Amistat City Hostel Barcelona,hostel,414.185.862,21.872.493,,
Barcelona,,hostel,414.056.864,21.690.824,,
Barcelona,Barcelona House Hotel,hotel,413.794.318,21.761.042,,
Barcelona,Hostal Girona,hotel,413.919.228,2.175.159,,
Barcelona,The Social Hub - Hotel,hotel,414.099.113,22.044.589,,
Barcelona,Abba Rambla Hotel,hotel,413.790.549,21.683.944,,
Barcelona,Casa Gardenia,hostel,413.794.399,2.166.408,,
Barcelona,Exe Plaza Catalunya Hotel,hotel,413.867.739,21.674.428,,
Barcelona,Hotel Monegal,hotel,413.853.173,21.696.053,,
Barcelona,H10 Universitat,hotel,413.868.549,21.666.284,,
Barcelona,Piulet Hostel,hostel,41.390.329,21.592.377,,
Barcelona,BYPILLOW 20,hotel,41.381.971,21.733.633,,
Barcelona,Hostal Lami,hotel,413.778.837,20.847.104,,
Barcelona,Limehome,hotel,414.157.319,21.852.197,,
Barcelona,Numa Brio,guest_house,413.983.035,21.574.518,,
Barcelona,Hostal Goya,hotel,413.893.768,21.717.595,,
Barcelona,HeyLola! Hostel,hostel,413.732.828,21.657.641,,
Barcelona,Hostal Oliva,hostel,413.907.886,21.672.359,,
Barcelona,Hostal Sant Pau,hostel,414.153.404,2.177.033,,
Seville,Hotel Ayre Sevilla,hotel,373.891.832,-59.746.824,,
Seville,Hotel Macarena,hotel,374.030.797,-5.987.269,,
Seville,Hotel Baco,hotel,373.930.076,-59.874.042,,
Seville,Hotel Don Paco,hotel,373.927.272,-59.868.804,,
Seville,Hotel Catalonia Giralda,hotel,373.901.535,-59.848.282,0.75,
Seville,Hostal Alcobia,hotel,373.886.756,-59.856.098,,
Seville,Hostal Florida,hostel,373.870.717,-59.854.937,,
Seville,Hostal San Francisco,hostel,37.386.954,-5.985.675,,
Seville,Taberna del Alabardero,hotel,373.886.071,-59.981.695,,
Seville,Hotel Cervantes,hotel,373.953.853,-59.933.811,,Best Western
Seville,Gran Hotel Lar,hotel,37.390.558,-59.834.847,0.75,
Seville,Hotel Catalonia Santa Justa,hotel,373.935.863,-5.982.692,,
Seville,Hotel Londrès,hotel,373.912.955,-59.995.814,0.25,
Seville,Hotel Monte Olivete,hotel,373.916.098,-597.047,,
Seville,Hotel Abril,hotel,373.944.452,-599.105,,
Seville,Hotel Don Pedro,hotel,373.938.507,-59.888.876,,
Seville,Oasis Backpackers Hostel Sevilla,hostel,373.921.595,-59.923.945,,
Seville,,guest_house,373.930.525,-59.912.392,,
Seville,Las Casas del Rey de Baeza,hotel,373.913.905,-59.867.462,,
Seville,Palacio de Villapanes,hotel,373.915.781,-59.863.922,,
Seville,Hotel Casa Imperial,hotel,373.910.251,-59.874.174,,
Seville,Hostel Garden,hostel,373.926.095,-59.874.436,,
Seville,Hostal Atenas,hostel,37.390.547,-5.987.844,0.25,
Seville,Hotel Corregidor,hotel,373.960.329,-5.994.197,0.5,
Seville,Jentoft,hostel,373.893.459,-60.029.996,,
Seville,Hotel Pasarela,hotel,373.771.436,-59.841.416,,
Seville,Hotel Montecarmelo,hotel,373.766.623,-59.970.397,0.75,Hoteles Monte
Seville,Hotel Montecarlo,hotel,373.898.731,-59.999.441,0.5,
Seville,Hotel Reyes Católicos,hotel,373.896.153,-59.996.732,0.5,
Seville,NH Central Convenciones,hotel,37.375.215,-59.763.132,,
Seville,Sevilla Kitsch Hostel Art,hostel,373.835.135,-59.926.959,,
Seville,Anfiteatro Romano,hotel,37.444.045,-6.043.632,,
Seville,B and B Naranjo,hotel,37.391.398,-59.988.661,,
Seville,Doña Lola,hotel,373.947.534,-59.947.201,0.25,
Seville,Casa Romana,hotel,373.948.237,-59.952.539,0.75,
Seville,Venecia,hotel,37.395.382,-59.950.983,0.5,
Seville,Triana Backpackers,hostel,373.829.226,-60.015.368,,
Seville,Urban Sevilla,hostel,37.392.124,-59.969.322,,
Seville,Hotel Casa de los Mercaderes,hotel,37.389.224,-5.993.255,,
Seville,Hotel Sevilla,hotel,373.939.712,-5.994.082,,
Seville,Hotel Casona de San Andrés,hotel,37.394.112,-5.994.194,0.5,
Seville,Onefam Centro Hostel Seville,hostel,373.940.703,-59.937.421,,Onefam Hostels
Seville,Hotel Fernando III,hotel,373.870.206,-59.879.811,0.75,
Seville,Hotel Gran Melia Colón,hotel,373.908.511,-59.987.076,1.0,
Seville,Hotel Valme,hotel,373.271.601,-59.696.422,,
Seville,Hotel Bellavista Sevilla,hotel,373.187.033,-59.683.844,0.5,
Seville,Hotel EME,hotel,373.868.651,-59.927.362,,
Seville,The Corner House,hotel,373.984.825,-59.942.959,,
Seville,Hotel Patio de la Alameda,hotel,374.004.414,-5.993.316,,
Seville,Hotel Abanico,hotel,37.389.904,-598.867,0.5,
Seville,Pensión Torregrosa,guest_house,3.738.926,-5.985.531,,
Seville,Pensión Pérez Montilla,guest_house,373.868.348,-59.862.665,,
Seville,Pensión Doña Trinidad,guest_house,37.386.844,-5.986.609,,
Seville,Pensión Orense,guest_house,373.865.327,-59.869.212,,
Seville,Hostal Doña Deli,hostel,37.400.696,-5.993.942,,
Seville,Hotel Derby,hotel,373.933.627,-59.955.253,,
Seville,Hotel la alcoba del Rey de Sevilla,hotel,374.027.664,-59.899.516,,
Seville,Pensión Macarena,hostel,374.008.354,-59.887.405,,
Seville,Hotel Isla de la Cartuja,hotel,374.161.279,-60.036.456,,
Seville,Hotel Git Vía Sevilla Mairena,hotel,373.492.995,-6.052.913,0.75,
Seville,Hotel Goya,hotel,37.386.679,-59.898.851,0.25,
Seville,Hotel la Gloria,hotel,373.876.899,-59.921.999,,
Seville,The Spot Central Hostel,hostel,373.864.376,-59.968.911,,
Seville,La Banda,hostel,373.849.591,-59.960.629,,
Seville,Pensión RioSol,hostel,373.918.051,-60.015.715,,
Seville,Apartahotel Covadonga,hotel,373.791.515,-60.709.999,0.5,
Seville,Hotel Alcázar,hotel,373.833.624,-59.870.423,0.5,
Seville,Hesperia Sevilla,hotel,373.834.799,-59.749.754,0.75,
Seville,Hotel Itaca,hotel,373.917.278,-59.910.319,,
Seville,Hostal El Madero,hotel,374.177.966,-60.368.334,,
Seville,Hotel Vereda Real,hotel,374.041.679,-60.768.012,,
Seville,Casa El Marqués,hotel,373.870.203,-60.557.471,,
Seville,Casa 1800,hotel,373.858.539,-5.990.801,,
Seville,Hotel Sevilla Palmera,hotel,373.649.715,-59.785.582,0.75,
Seville,Hostal Lis I,hostel,373.919.413,-59.906.148,,
Seville,Hostal Puerta Carmona,hostel,373.897.292,-59.845.694,,
Seville,Hotel Elvira Plaza,hotel,373.849.123,-59.903.658,,
Seville,Hotel Murillo,hotel,373.855.033,-59.892.193,,
Seville,Pension Virgen de la Luz,hotel,373.898.488,-59.853.764,,
Seville,Amadeus Sevilla,hotel,3.738.717,-59.887.104,,
Seville,Sacristia de Santa Ana,hotel,373.977.041,-59.943.133,,
Seville,Hotel Plaza Santa Lucía,hotel,373.974.083,-59.836.839,,
Seville,Madrid,hotel,373.912.064,-60.005.303,,
Seville,Pensión Gala,guest_house,373.913.982,-60.010.319,,
Seville,Pensión Gravina,guest_house,373.915.261,-60.010.641,,
Seville,Pension Giraldilla,guest_house,373.919.523,-60.010.668,,
Seville,Hostal Roma,guest_house,373.920.333,-60.012.089,,
Seville,Pensión Romero,guest_house,373.921.377,-60.010.802,,
Seville,Callejon del Agua,hotel,373.885.093,-59.909.403,,
Seville,Sevilla Inn Backpackers,hostel,373.863.226,-59.904.544,,
Seville,Hotel Casa de Colón,hotel,373.878.682,-5.993.522,,
Seville,Aguilas5 SevillaSuites,hotel,373.899.421,-59.892.888,,Aguilas5
Seville,Hostal Nuevo Suizo,hotel,373.921.346,-59.943.177,,
Seville,Zaida,hotel,373.916.434,-59.988.233,,
Seville,Pension Santa Justa,guest_house,373.896.088,-59.813.079,,
Seville,Hostal Redes,hotel,37.394.253,-60.004.427,,
Seville,La Muralla,hotel,374.007.057,-59.860.262,0.0,
Seville,Casa de Indias,hotel,373.938.935,-59.919.788,,
Seville,El Rey Moro,hotel,373.855.734,-59.894.227,,
Seville,Le Petit Paris,hotel,373.913.749,-60.001.374,,
Seville,Petit Palace Santa Cruz,hotel,373.884.317,-59.895.544,0.75,Hoteatelier
Seville,The Nomad Hostel,hostel,373.913.471,-59.965.765,,
Seville,Hotel Lux Aljarafe,hotel,373.518.287,-60.377.581,,
Seville,Hostal San Vicente II,hotel,373.821.969,-59.672.396,,
Seville,Casual de las Letras,hotel,373.920.793,-59.887.337,0.25,
Seville,Santa Catalina,hostel,37.393.043,-59.884.947,,
Seville,Aacr Museo,hotel,373.918.104,-60.004.444,0.5,
Seville,H.Paco's Camas,hostel,373.918.672,-60.003.209,,
Seville,Airbnb,hotel,373.851.263,-59.975.439,,
Seville,Black Swan Hostel,hostel,373.890.172,-59.970.341,,
Seville,,hotel,373.866.831,-59.964.963,,
Seville,Petit Palace Canalejas,hotel,373.910.217,-59.990.157,0.25,Hotelatelier
Seville,welldone,hotel,373.909.969,-59.942.761,,
Seville,,guest_house,373.850.095,-59.692.676,,
Seville,Ramón,hotel,374.082.509,-59.863.416,,
Seville,,hostel,373.834.292,-59.695.394,,
Seville,,guest_house,373.831.354,-59.696.429,,
Seville,Apartamento,guest_house,373.818.144,-60.010.066,,
Seville,Hostel Babel,hostel,374.000.249,-59.944.139,,
Seville,Vergara,hostel,373.861.759,-59.893.949,,
Seville,,guest_house,373.811.525,-60.014.218,,Lola
Seville,Seville,guest_house,373.894.735,-59.925.058,,
Seville,Espacio Eslava,guest_house,373.975.037,-59.969.781,,
Seville,Triana con Encanto,hotel,373.770.365,-60.104.998,,
Seville,,hotel,373.786.683,-59.780.698,,
Seville,Cool Sevilla Hotel,hotel,373.930.389,-59.896.092,,
Seville,Hotel Torre Sevilla,hotel,37.391.222,-60.103.364,1.0,
Seville,La Casa del Pozo Santo,hotel,373.950.725,-59.927.857,,
Seville,Hotel Ateneo,hotel,373.939.335,-59.937.707,0.75,
Seville,La flamenka hostel sevilla,hostel,373.885.597,-60.000.012,,
Seville,IGH Vega de Triana,hotel,37.379.426,-60.285.893,0.5,
Seville,Airbnb,hotel,373.954.897,-59.987.384,,
Seville,Petit Palace Puerta de Triana,hotel,373.887.925,-59.997.288,0.5,Hoteatelier
Seville,Hostal Sierpes,hotel,373.885.623,-59.909.696,,
Seville,,hostel,373.968.646,-59.994.967,,
Seville,,hostel,373.968.848,-59.996.245,,
Seville,,hostel,373.968.658,-59.994.644,,
Seville,Pensión Córdoba,hotel,373.871.408,-59.888.434,,
Seville,Catalonia,hotel,37.393.588,-59.827.243,,
Seville,Hotel Las Tres Carabelas,hotel,374.299.617,-58.864.841,0.0,
Seville,Hostal Fabiola,hostel,373.867.041,-5.988.889,,
Seville,Arc House II,guest_house,37.397.026,-59.974.503,,
Seville,Ibis Budget,hotel,374.088.633,-59.497.616,,
Seville,,hotel,373.872.932,-59.955.638,,
Seville,Macarena,hotel,374.029.939,-59.873.465,,
Seville,Macarena,hotel,374.018.273,-59.890.831,,
Seville,Lemon Garden Hostel,hostel,373.745.597,-59.808.599,,
Seville,room00 Salvador Hostel,hotel,373.918.086,-59.926.416,,
Seville,Hotel Alfonso,hotel,373.819.262,-59.908.749,,
Seville,Hotel Santa Bárbara,hotel,37.388.313,-60.522.454,0.25,
Seville,Palacio Marmoles,hotel,373.883.092,-59.900.128,,
Seville,Hotel Doña Carmela,hotel,373.269.984,-59.665.766,,
Seville,Dona Maria Hotel,hotel,373.863.947,-599.161,,
Seville,Hostel avenida de Andalousie,hostel,373.868.866,-59.527.767,,
Seville,Hub hostel Seville,hostel,373.957.671,-60.008.907,,
Seville,NH Collection Sevilla,hotel,373.750.549,-59.763.022,,
Seville,San Isidoro Hostel,hostel,373.890.972,-5.990.654,,
Seville,Santiago 15,hotel,37.392.325,-59.873.396,,
Seville,Casa Alfareria 59,guest_house,373.863.139,-60.060.039,,
Seville,Casa Boutique La Pila del Pato,guest_house,373.915.758,-59.888.409,,
Seville,Ibis Styles,hotel,373.869.685,-59.784.803,,
Seville,Eurostar Regina,hotel,373.990.978,-59.984.866,,
Seville,Pension Vergara,hotel,373.860.558,-59.894.834,,
Seville,,hotel,373.850.666,-59.886.671,,
Seville,Hotel Abba,hotel,373.922.089,-59.916.838,,
Seville,Casa Imperial,hotel,373.905.583,-59.867.434,,
Seville,Eurostars,hotel,373.866.749,-59.910.536,,
Seville,La Puerta de Palacio,hotel,373.841.223,-59.927.558,,
Seville,TOC hostel & suites,hotel,373.839.685,-59.932.686,,
Seville,Palacio Pinello,hotel,37.387.614,-59.918.877,,
Seville,Hotel Cetina,hotel,373.912.784,-59.922.486,,
Seville,Cicerone,hotel,373.860.756,-59.897.988,,
Seville,Casa 17,hotel,373.861.873,-59.891.443,,
Seville,Hostal Alcobia,hotel,373.884.234,-59.852.129,,
Seville,One Shot Palacio,hotel,373.971.278,-59.920.512,,
Seville,Noches en Triana,hotel,373.844.485,-60.056.098,,
Seville,,hostel,374.389.976,-60.392.152,,
Seville,Hostal Ikigai,hostel,373.790.925,-59.585.057,,
Seville,,hostel,37.396.273,-59.977.153,,
Seville,Centro deportivo Fundición,hostel,374.011.344,-59.947.246,,
Seville,U sense for you hostel,hostel,373.911.928,-59.993.724,,
Seville,New Samay Hostel,hostel,373.864.077,-5.985.862,,
Seville,Basic Hotel Dona Manuela,hotel,373.855.814,-59.869.937,,
Seville,Onefam Catedral Hostel Seville,hostel,373.855.365,-5.990.027,,Onefam Hostels
Seville,Hotel Palacio Alcázar,hotel,373.855.804,-59.910.152,,
Seville,Los seises sevilla,hotel,373.873.783,-59.916.521,,
Seville,Room Select Tetuán,hotel,373.901.697,-59.945.579,,
Seville,LETOH LETOH Sevilla,hotel,37.390.953,-59.955.837,,
Seville,Zenit Sevilla,hotel,373.831.483,-60.045.742,,
Seville,,hotel,373.830.804,-59.920.146,,
Seville,La Rosa de la Alfalfa,hotel,373.900.382,-59.903.778,,
Seville,Hostal Hom Museo,hostel,373.937.315,-59.990.867,,
Valencia,Apartamentos Alma,hotel,394.754.191,-3.822.785,,
Valencia,Hotel Malcom & Barret,hotel,394.507.036,-3.709.793,,"SH Hoteles (Mare Nostrum Management, s.l.)"
Valencia,Beleret,hotel,39.500.601,-425.246,0.5,
Valencia,Medium Valencia,hotel,3.945.578,-3.631.248,,
Valencia,NH Las Artes,hotel,394.557.097,-3.572.926,0.75,
Valencia,NH Express Las Artes,hotel,394.556.043,-3.575.614,,
Valencia,Hotel Renasa,hotel,394.780.113,-3.553.624,0.5,
Valencia,Hotel Tactica,hotel,395.124.836,-4.520.371,0.75,
Valencia,Hotel Albufera,hotel,394.165.361,-3.780.488,,Best Western
Valencia,Aparthotel Albufera,hotel,394.160.009,-3.787.572,,
Valencia,Catalonia Excelsior,hotel,394.714.112,-3.759.242,,
Valencia,Purple Nest Hostel,hostel,394.746.181,-3.701.021,,
Valencia,Hôme Youth Hostel,hostel,394.744.359,-3.779.944,,Feetup Group
Valencia,Room00,hostel,394.776.439,-3.762.185,,
Valencia,Neptuno,hotel,394.631.751,-3.234.214,0.75,
Valencia,Tres Cepas,hostel,39.464.039,-3.235.618,,
Valencia,Hotel Ilunion Valencia 4,hotel,394.912.894,-3.980.119,0.75,ILUNION Hotels
Valencia,Hotel Ilunion Valencia 3,hotel,394.916.878,-398.275,0.5,ILUNION
Valencia,Petit Palace Plaza de la Reina,hotel,394.730.956,-3.753.152,0.75,Hoteatelier
Valencia,NH Ciudad de Valencia,hotel,394.628.275,-3.433.976,,NH
Valencia,Hostal la Barraca,hostel,394.645.715,-3.236.248,,
Valencia,Primus Valencia,hotel,394.576.914,-3.457.277,,Urbem
Valencia,Feetup Hilux Hostel,hostel,394.755.682,-3.789.379,,
Valencia,Red Nest Hostel,hostel,394.729.724,-3.718.336,,
Valencia,Hostal Venecia Plaza Centro,hostel,394.707.812,-3.770.568,,
Valencia,,hostel,395.229.007,-4.198.155,,
Valencia,,hostel,395.436.007,-3.938.875,,
Valencia,Hostal Antigua Morellana,hotel,394.746.035,-3.772.367,,
Valencia,Sweet Otel,hotel,39.473.899,-3.711.582,,
Valencia,Hulot Hostel,hostel,394.747.995,-3.705.918,,
Valencia,El Coso Del Mar Restaurant/Hotel,hotel,39.463.687,-323.421,,
Valencia,Dormavalencia Hostel,hostel,394.709.213,-3.548.103,,
Valencia,Kasa Katia Guest House,guest_house,394.703.913,-372.183,,
Valencia,Marina Atarazanas,hotel,394.608.028,-3.333.132,0.75,
Valencia,Hotel Colón,hotel,39.467.302,-3.743.674,,
Valencia,Pensión Universal,guest_house,394.704.873,-3.751.919,,
Valencia,Russafa Youth Hostel,hostel,394.626.157,-3.718.069,,
Valencia,Sol Playa,hotel,394.651.148,-3.236.962,,
Valencia,Urban Youth Hostel,hostel,394.612.329,-3.375.834,,
Valencia,MD Modern Hotel,hotel,394.641.809,-3.617.507,,
Valencia,Conqueridor,hotel,394.680.537,-381.112,,
Valencia,Guest House Out Travelers,hotel,394.700.534,-3.890.496,,
Valencia,Home Backpackers Hostel,hostel,394.769.665,-380.949,,
Valencia,Hotel Olympia Universidades,hotel,394.852.641,-3.631.615,,
Valencia,ding dong hôtel,hotel,39.472.443,-375.378,,
Valencia,Valenciaflats Centro Historico,hotel,394.782.615,-3.801.297,,
Valencia,Valenciaflats Torres de Quart,hotel,394.757.002,-3.821.494,,
Valencia,Apto. Vintage,guest_house,394.663.676,-3.873.434,,
Valencia,,hotel,394.729.242,-3.819.488,,
Valencia,Sweet Continental Hotel,hotel,394.697.061,-3.745.483,0.25,
Valencia,Cathedral Suites Hotel,hotel,394.748.525,-3.747.288,,
Valencia,B&B,hotel,394.456.699,-3.682.916,0.5,
Valencia,Residencia San Luis,guest_house,395.533.217,-3.938.694,,
Valencia,Alameda Plaza,hotel,394.632.724,-3.576.751,,
Valencia,Quart Youth Hostel,hostel,39.473.151,-3.838.097,,
Valencia,Residencia Universitaria Religiosas de Maria Inmaculada,hostel,394.749.734,-3.726.531,,
Valencia,SH Inglés,hotel,394.729.087,-3.745.586,,
Valencia,Casual des las artes Valencia,hotel,394.670.416,-3.558.371,,
Valencia,Check in Valencia,hotel,394.645.335,-3.468.467,,
Valencia,Casa de Raquel,hotel,394.672.052,-377.856,,
Valencia,Hostal Moratin,hostel,394.708.036,-3.756.605,,
Valencia,Casual Valencia del Cine,hotel,394.689.015,-3.776.315,0.75,
Valencia,Casual Vintage Valencia,hotel,394.713.624,-3.763.722,,
Valencia,Hostal El Rincón,hostel,394.749.683,-3.804.375,,
Valencia,Hostal El Pilar,hostel,394.750.657,-3.796.973,,
Valencia,Eurostars Gran Valencia,hotel,394.915.692,-3.982.129,,
Valencia,Hotel Sorolla Centro,hotel,39.468.247,-3.756.693,,
Valencia,,hostel,39.467.889,-3.820.672,,
Valencia,ibis budget Valencia Aeropuerto,hotel,394.938.144,-4.696.999,,
Valencia,Plaza Picasso,hotel,394.766.407,-3.982.469,,
Valencia,Venecia,hostel,394.709.656,-3.769.725,,
Valencia,Tartessos,hostel,394.706.552,-3.770.766,,
Valencia,Venecia,hostel,394.709.481,-3.769.709,,
Valencia,Meliá Plaza,hotel,394.710.216,-3.769.836,0.75,
Valencia,Mediterraneo,hotel,394.694.589,-3.793.335,,
Valencia,,hostel,394.647.942,-3.708.601,,
Valencia,The River Hostel,hostel,394.761.162,-3.707.789,,
Valencia,Dormavalencia hostel,hostel,394.623.616,-3.623.187,,
Valencia,ibis budget Valencia Centro Puerto,hotel,394.589.069,-3.366.865,,
Valencia,SOM by The Venue Hostel,hostel,394.633.011,-3.632.454,,
Valencia,Hotel zenit valencia,hotel,394.667.681,-3.780.804,,
Valencia,Hotel La Mozaira,hotel,395.153.587,-3.290.262,,
Valencia,Casual Socarrat,hotel,39.472.943,-3.717.601,,
Valencia,Ad Hoc Carmen,hotel,39.477.482,-3.762.891,,
Valencia,Hotel Ilunion Aqua 4,hotel,39.456.024,-3.459.527,0.75,
Valencia,Hotel ILUNION Aqua 3,hotel,394.560.488,-3.460.193,0.5,ILUNION
Valencia,,hostel,394.566.465,-3.449.136,,
Valencia,The Little Corner B&B,guest_house,394.754.117,-3.591.765,,
Valencia,,hotel,394.728.716,-3.706.501,,
Valencia,Student Living,guest_house,395.321.258,-4.130.721,,
Valencia,NALU Boutique Rooms,hotel,394.704.973,-3.774.452,,
Valencia,Hotel Manises,hotel,394.895.743,-4.598.953,,
Valencia,Limin Hostel Capsules,hostel,394.640.983,-3.385.774,,
Valencia,Hostal Europa,hotel,394.576.251,-4.682.573,,
Valencia,Pensión Alicante,hotel,394.685.421,-3.759.005,,
Valencia,Cosmo Hotel,hotel,394.727.852,-377.265,,
Valencia,One Shot Colon 46,hotel,394.692.135,-3.715.243,,
Valencia,,hostel,394.714.452,-3.516.874,,
Valencia,,hostel,394.717.009,-3.593.707,,
Valencia,,hostel,394.711.831,-3.819.945,,
Valencia,Resa Patacona,hostel,394.848.249,-3.289.654,,
Valencia,Apartamentos Navio,guest_house,394.843.444,-3.876.018,,
Valencia,One Shot Mercat 09,hotel,394.721.486,-3.780.775,,
Valencia,Casa del Patriarca,guest_house,394.715.916,-3.730.418,,
Valencia,Cosy Rooms Bolsería,hotel,394.753.243,-38.025,,
Valencia,Moontels,hotel,394.621.909,-3.723.266,,
Valencia,Cantagua hostel,hostel,394.579.597,-3.700.386,,
Valencia,City Garden Bed and Breakfast,guest_house,394.631.152,-3.713.386,,
Granada,El Nogal,hotel,372.275.725,-36.291.836,,
Granada,Eurostars Puerta Real,hotel,371.722.273,-35.994.778,0.75,
Granada,Rodri,hotel,371.766.615,-36.023.336,0.25,
Granada,Hotel Las Yucas,hotel,372.159.467,-36.905.195,0.25,
Granada,Futurotel Granada Dreams,hotel,371.773.695,-36.048.436,0.25,
Granada,La Casa con Libros,hostel,371.206.738,-35.853.448,,
Granada,Philadelfia,hotel,372.252.315,-36.392.411,0.25,
Granada,El Granado,hostel,371.782.017,-36.032.796,,none
Granada,Flophouse,hostel,37.181.391,-35.935.974,,
Granada,Pensión Venecia Gomérez,guest_house,37.176.587,-3.595.813,,
Granada,Oasis Backpackers Hostel,hostel,371.781.673,-35.971.071,,
Granada,Best Western Hotel Dauro II,hotel,371.731.294,-35.971.747,,
Granada,Hesperia Granada Centro,hotel,371.744.043,-35.977.084,0.75,
Granada,Hotel Rural de Huerta del Laurel,hotel,371.323.695,-35.379.965,,
Granada,Almunia del Valle,guest_house,371.223.792,-3.533.757,,
Granada,Rafa Apartoment,hotel,371.761.567,-35.957.924,,
Granada,Sweet Albayzin,guest_house,371.796.611,-35.898.566,,
Granada,Hotel Monasterio de los Basilios,hotel,37.168.099,-3.595.101,0.5,Hoteles Macià
Granada,,guest_house,371.305.617,-35.355.258,,
Granada,"Casa Rural ""El Rio""",guest_house,371.317.744,-35.369.876,,
Granada,Casa Rural,guest_house,37.132.522,-35.455.289,,
Granada,4U Hostel,hostel,371.730.843,-35.958.733,,
Granada,Hotel Porcel Sabica,hotel,371.697.059,-36.036.849,0.75,
Granada,Verona,hostel,371.724.451,-36.014.229,,
Granada,Hotel Presidente,hotel,371.724.018,-36.015.085,0.25,
Granada,Hotel Albero,hotel,371.639.434,-35.712.953,,
Granada,Hotel Catalonia Granada,hotel,371.850.524,-36.040.892,0.75,
Granada,Hotel Reina Cristina,hotel,371.761.943,-36.026.131,0.5,
Granada,Apartamentos Abulaci,guest_house,371.826.374,-35.922.222,,
Granada,Hostal Zacatín,hostel,371.754.121,-35.990.455,,
Granada,Pensión Landazuri,guest_house,371.759.725,-35.945.448,,
Granada,Casa Rural Al Sil Ram,hostel,37.236.506,-35.671.957,,
Granada,Hotel Inglaterra,hotel,371.771.819,-35.976.151,,
Granada,B&B Hotel Granada Estación,hotel,37.200.912,-36.146.664,,
Granada,,hotel,37.116.064,-35.904.867,,
Granada,Hotel Granada Centro Navarrete,hotel,371.810.597,-36.009.151,0.25,
Granada,Hotel Casa Morisca,hotel,371.796.062,-35.892.128,0.5,
Granada,White Nest,guest_house,371.789.631,-35.909.475,,
Granada,Hotel Barceló Carmen Granada,hotel,3.717.052,-35.983.117,0.75,
Granada,Hotel Macià Plaza,hotel,371.770.121,-35.961.079,0.25,
Granada,Suites Gran Vía 44,hotel,371.805.269,-35.999.929,,
Granada,Monjas del Carmen,hotel,371.759.799,-35.963.448,,
Granada,Abadía,hotel,371.816.832,-36.032.173,,
Granada,Granada Inn,hostel,371.719.499,-36.003.375,,
Granada,Hotel Plaza Nueva,hotel,371.770.441,-35.962.403,0.5,
Granada,Makuto Guesthouse,hostel,371.800.225,-35.956.005,,
Granada,Hotel Posada del Toro,hotel,37.177.531,-35.975.496,0.5,
Granada,Hotel Granada Five Senses Rooms & Suites,hotel,371.786.775,-35.993.035,0.75,
Granada,Gar Anat Hotel Boutique,hotel,371.743.901,-35.967.621,,
Granada,Hotel Don Juan,hotel,371.772.009,-36.079.357,0.5,Hotusa Hotels
Granada,Hotel La Duquesa,hotel,371.618.222,-35.070.365,0.75,
Granada,Hotel Arte Vida Suites & Spa,hotel,371.740.651,-3.597.406,,
Granada,Room Mate Leo Hotel,hotel,371.742.207,-36.003.332,0.5,Room Mate
Granada,Khü Hotel,hotel,371.750.357,-35.993.204,0.5,
Granada,Hotel Los Tilos,hotel,371.748.232,-35.999.382,0.5,
Granada,Hotel Calderón,hotel,371.601.214,-35.415.266,,
Granada,Residencia de mayores ValleSol,hostel,372.014.297,-3.616.053,,
Granada,El Zaguán,hotel,371.816.816,-36.017.378,,
Granada,Cueva El Duende,guest_house,371.817.793,-35.867.266,,
Granada,B&B Hotel Granada,hotel,372.120.201,-36.189.233,,
Granada,,guest_house,371.798.038,-35.913.965,,
Granada,Silverfield Villa,hotel,370.962.335,-35.753.267,,Silverfield Luxury Villa Spain
Granada,Labella Maria,hotel,37.161.372,-35.058.634,0.25,
Granada,Pensión Matilde,guest_house,37.175.509,-36.034.865,,
Granada,Crisol Guadalupe,hotel,371.733.292,-35.841.242,0.5,Hotel Guadalupe S.L.
Granada,El Doncel,hotel,372.199.142,-36.837.641,0.25,
Granada,Hotel Corona de Atarfe,hotel,372.186.497,-36.927.894,0.25,
Granada,Carmen de La Media Luna,hostel,371.797.278,-35.949.206,,
Granada,,hostel,371.852.389,-35.998.947,,
Granada,Residencia Venecia,hostel,371.764.434,-36.047.402,,
Granada,Hotel Macià Cóndor,hotel,371.840.797,-36.037.239,,
Granada,Hotel Shine Alcaicería,hotel,371.752.032,-35.990.498,,
Granada,Hostal Atenas,hotel,371.800.073,-35.996.872,0.25,
Granada,Pensión Mesones,hostel,371.755.445,-36.008.921,,
Granada,Pensión Olympia,hostel,371.783.596,-35.983.093,,
Granada,Casa la Fontana,guest_house,371.621.223,-35.987.797,,
Granada,Hotel Abades Recogidas,hotel,371.726.394,-36.009.923,0.75,
Granada,Hotel Monasterio Granada,hotel,371.787.897,-36.035.566,,
Granada,Hotel América,hotel,371.760.547,-35.883.551,,
Granada,Exe Triunfo Granada,hotel,371.821.045,-3.600.144,0.75,
Granada,Miguel Saenz,guest_house,371.978.608,-35.984.062,,
Granada,Hotel Boutique Párraga Siete,hotel,371.733.689,-36.007.332,0.25,
Granada,Shine Albaycin,hotel,371.781.896,-35.932.976,,
Granada,Rosa D'Oro,hotel,371.781.333,-35.934.713,0.5,
Granada,Hotel Occidental Granada,hotel,371.691.148,-36.039.093,,
Granada,Hotel Ana María,hotel,371.750.581,-36.092.646,0.5,
Granada,Hotel Luna Arabial,hotel,371.768.238,-36.116.767,0.5,
Granada,Pensión La Milagrosa,guest_house,371.754.087,-36.032.683,,
Granada,Aljibe del Albayzin,hostel,371.835.295,-35.908.764,,
Granada,Alhambra Dreams Granada,hotel,371.814.388,-35.884.476,,
Granada,Hotel Casa Palacio Mariana Pineda,hotel,371.777.847,-35.945.046,0.75,
Granada,Hotel Casa Palacio Pilar del Toro,hotel,371.769,-35.950.106,,
Granada,Duquesa Bed & Breakfast,hotel,371.770.473,-36.019.235,,
Granada,Eurostars Gran Vía,hotel,371.779.317,-35.985.463,1.0,
Granada,Hostal Arteaga,hostel,371.797.498,-35.992.299,,
Granada,Hostal Casa de Reyes,hostel,371.769.449,-3.602.489,,
Granada,Hostal Costa Azul,hostel,371.730.118,-35.966.494,,
Granada,Hostal Navas 14,hostel,371.734.058,-35.976.154,,
Granada,Hostal Casa Salvador,hostel,371.707.243,-35.987.726,,
Granada,Hostal Sonia,hostel,371.800.525,-35.997.116,0.0,
Granada,Hostal Verónica Centro,hostel,371.727.541,-36.020.696,,
Granada,Pensión Navarro Ramos,guest_house,371.761.044,-35.946.573,,
Granada,Las Tres Terrazas,guest_house,371.806.318,-35.919.077,,
Granada,Marquis Issabel's,hotel,371.754.533,-35.971.697,,
Granada,Hotel Mirador del Jazmín,hotel,371.783.996,-35.948.421,0.5,
Granada,Hostal Moni,hostel,371.836.467,-35.944.827,,
Granada,Nest Style Granada,guest_house,371.737.891,-35.987.007,,
Granada,Hotel Anacapri,hotel,371.765.138,-35.973.758,0.5,
Granada,Hotel Carlos V,hotel,371.722.173,-35.955.937,0.0,
Granada,Hotel Casa 1800,hotel,371.779.236,-35.947.785,0.5,
Granada,Hotel Casa de la Trinidad,hotel,371.762.718,-36.011.578,0.75,
Granada,Casa de Federico,hotel,371.771.033,-36.014.194,0.25,
Granada,Hotel YIT Casablanca,hotel,371.723.288,-36.005.817,0.5,
Granada,Hotel Dauro,hotel,371.695.112,-35.970.654,0.5,
Granada,Hotel El Ladrón del Agua,hotel,371.779.496,-35.941.436,,
Granada,Hotel Molinos,hotel,37.173.247,-35.932.768,0.0,
Granada,Hotel Palacio de los Navas,hotel,371.730.751,-35.970.489,0.5,
Granada,Hotel Navas,hotel,371.736.669,-35.982.319,0.5,
Granada,Hotel Palacio de Santa Inés,hotel,37.178.294,-35.939.248,0.5,
Granada,Hotel Puerta de las Granadas,hotel,371.761.973,-3.595.162,0.5,
Granada,OYO Pensión Austria,guest_house,371.764.515,-35.955.993,,
Granada,Hotel Sacromonte,hotel,371.743.535,-36.011.961,0.5,
Granada,Hotel Santa Isabel la Real,hotel,371.807.354,-35.957.141,0.5,
Granada,Hotel Universal,hotel,371.726.221,-36.014.999,0.5,
Granada,Antares Hotel Granada,guest_house,371.773.179,-35.972.618,,
Granada,Pensión Boutique Gomérez Gallegos,guest_house,371.765.829,-35.958.205,,
Granada,Casa del Aljarife,guest_house,371.789.835,-35.952.318,,
Granada,Recogidas Guest House,guest_house,371.731.151,-36.005.826,,
Granada,Pensión Meridiano,guest_house,371.767.431,-36.028.999,,
Granada,Posada de Quijada,guest_house,371.792.372,-35.958.415,,
Granada,Pensión Princesa,guest_house,371.726.604,-3.596.975,,
Granada,Hotelito Boutique Suecia,guest_house,371.703.828,-35.895.075,,
Granada,Pensión Viena,guest_house,37.176.652,-35.953.594,,
Granada,Pensión Zurita,guest_house,371.763.135,-36.021.556,,
Granada,Cortijo Balzaín,hotel,371.007.486,-35.645.297,0.5,
Granada,Carlota Braun,hostel,371.734.129,-35.932.051,,
Granada,Cortijo Los Llanos,guest_house,371.228.622,-35.437.413,,
Granada,Hostel Nut,guest_house,371.720.463,-36.010.303,,
Granada,San Miguel B&B,guest_house,371.863.305,-3.586.905,,
Granada,Gala Placida 1923,hotel,371.650.065,-35.886.664,,
Granada,Rooms Vita & Bar,hostel,371.738.706,-35.929.012,,
Granada,Residencia Ziri,hotel,371.812.162,-36.014.042,,
Granada,Pensión San José,hostel,371.714.492,-36.010.343,,
Granada,Áurea Catedral,hotel,371.769.443,-35.993.601,0.75,
Granada,La Curva,hotel,372.307.073,-3.651.675,0.0,
Granada,Boutique Hotel Luna Granada Centro,hotel,37.171.378,-35.988.735,,
Granada,Urban Dream Granada,hotel,371.761.207,-36.097.907,0.75,
Granada,Bibo Suites San Agustín,hotel,371.773.656,-3.599.677,,
Granada,Toc,hostel,371.772.496,-36.002.368,,
Granada,Alfin,hostel,371.761.584,-35.940.773,,
Granada,Oripando Hostel,hotel,371.791.324,-35.961.776,,
Granada,Abades,hotel,371.724.891,-36.013.279,0.75,
Granada,Ruta de Lorca Restaurante Hotel,hotel,372.358.839,-35.648.408,,
Granada,Hotel Las Nieves,hotel,371.740.481,-36.008.126,0.5,
Granada,Áurea Washington Irving,hotel,371.741.661,-35.865.623,1.0,
Granada,Hotel Arabeluj,hotel,371.697.147,-35.859.727,,
Granada,Black Swan Hostel,hostel,371.808.678,-36.012.408,,
Granada,Casa Hitos,guest_house,371.343.897,-35.501.068,,Las Huertas de Roque
Granada,Casa Roque,guest_house,371.342.495,-35.500.434,,Las Huertas de Roque
Granada,Eurostars San Antón,hotel,371.676.249,-35.989.669,,
Granada,U-Sense Granada Centro,hotel,37.174.888,-35.999.838,,
Granada,H&H Suite El Santisimo,guest_house,371.817.851,-36.023.589,,
Granada,Alojamiento con Encanto la Luna en el Alba,guest_house,371.827.589,-35.905.605,,
Granada,Albaicín Gloria Dreams,guest_house,37.178.951,-35.913.591,,
Granada,Apartamento Elvira Premium,guest_house,371.779.966,-35.977.428,,
Granada,CH Elvira Luxury Apartment,guest_house,371.776.511,-35.976.761,,
Granada,Hotel Reino de Granada,hotel,37.170.608,-36.048.281,,