city,name,type,latitude,longitude,stars,operator
Zurich,Leonardo Boutique Hotel Rigihof,hotel,473.841.491,85.479.932,0.75,
Zurich,Plattenhof,hotel,47.373.738,85.531.845,,
Zurich,Sorell Hotel Seefeld,hotel,473.616.226,85.513.071,0.5,ZFV-Unternehmungen
Zurich,Hotel Baur au Lac,hotel,473.671.121,85.393.433,,
Zurich,Mandarin Oriental Savoy,hotel,473.697.691,85.397.725,,Mandarin Oriental (Switzerland)
Zurich,Europe,hotel,47.364.231,85.471.877,,
Zurich,Ambassador,hotel,473.643.873,85.470.213,0.75,
Zurich,Gasthof Hirschen,hotel,474.300.419,84.654.856,,
Zurich,Hotel Hottingen,hotel,473.696.848,85.535.638,,
Zurich,Hotel Hechtplatz Bar,hotel,473.682.148,85.452.505,,
Zurich,Oldtown Hostel Otter,hostel,473.685.524,85.455.884,,
Zurich,California,hotel,473.687.308,85.445.975,,
Zurich,Helmhaus,hotel,473.691.599,8.544.095,,
Zurich,Storchen,hotel,473.712.661,85.417.938,,
Zurich,Sheraton Zürich Neues Schloss,hotel,47.365.498,85.360.074,,ABC Betriebs AG;Marriott
Zurich,Glärnischhof by Trinity,hotel,473.675.057,85.374.869,,
Zurich,Kronenhof,hotel,474.192.212,85.054.537,,
Zurich,Ibis Zürich City West,hotel,473.890.206,85.170.578,0.25,Accor Hotels
Zurich,Novotel Zürich City West,hotel,473.891.361,85.167.438,0.75,Accor Hotels
Zurich,Ibis Budget Zürich City West,hotel,473.889.729,8.516.186,0.0,Accor Hotels
Zurich,Schweizerhof,hotel,473.769.479,85.394.468,,
Zurich,St. Gotthard,hotel,473.764.123,85.392.291,0.75,Manz Privacy Hotels
Zurich,City Hotel,hotel,47.374.918,8.536.476,,
Zurich,Radisson Hotel Zurich Airport,hotel,47.450.988,8.540.142,,
Zurich,Locke am Platz,hotel,47.363.934,85.320.471,,
Zurich,Alden Suite Hotel Splügenschloss,hotel,473.645.731,85.342.368,,Leonardo Hotels
Zurich,Trip Inn,hotel,473.770.674,85.277.016,,
Zurich,Breitinger,hotel,47.362.503,85.330.275,,
Zurich,Greulich,hotel,473.783.616,85.206.048,,
Zurich,Helvetia,hotel,473.731.773,85.316.759,,
Zurich,PLATZHIRSCH Hotel & Bar,hotel,473.735.166,85.439.446,,
Zurich,Sorell Hotel Rex,hotel,473.847.497,85.430.595,0.5,ZFV-Unternehmungen
Zurich,Krone Unterstrass,hotel,473.880.223,85.391.198,,
Zurich,Widder,hotel,473.724.404,85.398.562,,
Zurich,Hotel Alexander,hotel,473.745.945,8.543.919,0.5,
Zurich,Hotel Hirschen,hotel,473.733.773,85.432.575,,
Zurich,Wellenberg,hotel,47.373.072,85.439.228,,
Zurich,bedsitting-rooms.ch,hotel,473.726.619,85.436.085,,
Zurich,Sedartis,hotel,472.954.894,85.659.232,,
Zurich,ibis Styles,hotel,473.812.767,85.424.243,,Accor Hotels
Zurich,Hotel Sihlcity,hotel,473.591.861,85.231.586,,
Zurich,Swiss Chocolate by Fassbind,hotel,473.762.729,85.446.666,,
Zurich,Erlibacherhof,hotel,473.020.648,85.925.402,,
Zurich,Fred Hotel,hotel,473.802.393,85.372.867,,Fred Tschanz AG
Zurich,Alex Lake Zürich,hotel,473.012.098,85.625.749,,
Zurich,Hotel Royal,hotel,473.789.806,85.449.371,,
Zurich,Hotel Adler,hotel,473.731.339,8.543.482,,
Zurich,SPLENDID,hotel,473.732.271,85.433.304,,
Zurich,stattHotel,hotel,473.723.574,85.431.576,,
Zurich,Pop Up Hotel Krone Zurich,hotel,473.737.914,85.430.563,,
Zurich,Felix,hotel,473.752.188,85.444.857,,
Zurich,Best Western Plus Hotel Zürcherhof,hotel,473.750.719,85.444.095,,Best Western
Zurich,Citystudios,hotel,473.757.274,85.444.631,,
Zurich,Scheuble,hotel,473.744.622,85.448.208,,
Zurich,Limmatblick,hotel,47.375.978,85.438.053,,
Zurich,Sorell Hotel Rütli,hotel,473.761.683,85.443.812,0.5,ZFV-Unternehmungen
Zurich,Limmathof,hotel,473.764.444,8.544.161,,
Zurich,Central Plaza,hotel,473.770.836,8.543.634,,
Zurich,Holiday Inn Zürich Messe,hotel,474.105.397,85.530.471,,Turicum Hotel Management;Intercontinental Hotels Group
Zurich,Altstadt Hotel,hotel,473.693.222,85.440.348,0.5,
Zurich,Schwanen,hotel,473.900.823,84.188.804,,
Zurich,EasyHotel Zürich,hotel,473.782.999,85.291.133,,EasyHotel
Zurich,The Yard,hotel,473.758.989,85.276.621,,
Zurich,Swiss Star Guesthouse District 4,guest_house,473.775.633,85.280.646,,
Zurich,Montana,hotel,473.808.121,85.352.681,0.5,Candrian Catering
Zurich,Holiday Inn Express Zürich Airport,hotel,474.518.561,8.537.155,,
Zurich,Gästehaus Nidelbad,hotel,473.057.838,85.488.582,,
Zurich,Mercure Stoller Zürich,hotel,473.785.429,85.091.646,0.75,Accor Hotels
Zurich,AMERON Zürich Bellerive au Lac,hotel,473.622.444,85.475.908,,
Zurich,EMA House Hotel Suites,hotel,473.836.354,85.403.011,,EMA House
Zurich,Olympia,hotel,473.777.704,85.119.228,,Stoller Zürich
Zurich,Courtyard Zürich Nord,hotel,474.143.009,85.412.445,,SV Hotel;Marriott
Zurich,Guesthouse Oerlikon,guest_house,474.094.443,85.422.736,,Apartments Swiss Star
Zurich,Fred Hotel,hotel,473.791.281,85.453.516,,Fred Tschanz AG
Zurich,Pöstli,hotel,474.289.726,86.422.452,,
Zurich,Mövenpick Regensdorf,hotel,474.312.366,84.675.985,0.75,
Zurich,Dihei,hotel,473.969.702,86.204.331,,
Zurich,Renaissance Tower Hotel,hotel,473.881.885,85.142.697,,SV Hotel;Marriott
Zurich,Welcome Homes,hotel,47.431.455,85.668.924,,
Zurich,Sorell Hotel Seidenhof,hotel,473.737.041,85.372.276,0.75,ZFV-Unternehmungen
Zurich,Hotel Gertrud Zürich,guest_house,473.741.483,85.161.801,,
Zurich,25hours Hotel Zürich West,hotel,473.910.534,85.099.046,0.75,Accor Hotels
Zurich,Dorint Airport-Hotel Zürich,hotel,474.387.179,8.565.588,,
Zurich,St-Georges,hotel,473.707.325,85.281.315,0.25,
Zurich,Best Western Hotel Spirgarten,hotel,473.874.412,84.853.017,,Best Western
Zurich,Swiss Star Longstreet,guest_house,473.831.402,8.530.101,,Apartments Swiss Star
Zurich,Inside Five City Apartments,hotel,47.384.979,85.290.417,,
Zurich,Kindli,hotel,473.724.267,85.406.434,,
Zurich,Kameha Grand Zürich,hotel,474.225.173,85.591.311,,LH&E Group;Marriott
Zurich,Guggach Apartotel,hotel,473.989.078,85.326.965,,
Zurich,STAY@Zurich Airport,hotel,474.390.101,85.674.657,,
Zurich,Hotel Neufeld,hotel,473.695.783,85.137.027,0.5,
Zurich,Hotel ZwiBack,hotel,474.038.555,86.052.083,,
Zurich,Gästehaus Hunziker,guest_house,474.142.818,85.600.395,0.0,Baugenossenschaft mehr als wohnen (MAW)
Zurich,Hotel Sternen Oerlikon,hotel,474.084.381,85.464.569,,
Zurich,Swiss Night by Fassbind / Claridge,hotel,473.691.991,85.511.703,,
Zurich,Apart-Hotel Zürich by Hilton,hotel,474.383.058,85.737.323,,
Zurich,Sorell Hotel St. Peter,hotel,473.707.999,85.405.057,0.75,ZFV-Unternehmungen
Zurich,Jugendherberge Zürich,hostel,473.476.917,85.278.084,,
Zurich,citizenM Hotel,hotel,473.720.094,85.353.963,,
Zurich,Ruby,hotel,473.761.644,85.410.852,,
Zurich,Marktgasse Hotel,hotel,473.720.083,85.434.795,,Ospena Group
Zurich,Gasthaus 210,hotel,473.828.583,85.302.229,,
Zurich,Sorell Hotel Zürichberg,hotel,473.824.551,85.669.111,0.75,ZFV-Unternehmungen
Zurich,Sorell Hotel Rigiblick,hotel,473.883.804,85.533.903,,ZFV-Unternehmungen
Zurich,Hotel Gregory,hotel,473.799.745,85.274.439,,Holenstein Gastro
Zurich,Swiss Star Apartments,guest_house,473.764.203,85.101.778,,Apartments Swiss Star
Zurich,Swiss Star University,guest_house,473.826.103,85.483.744,,Apartments Swiss Star
Zurich,Seehof,hotel,47.364.315,85.477.947,,
Zurich,H+ Hotel Zürich,hotel,473.824.496,85.006.026,,
Zurich,Löwen,hotel,474.436.997,86.287.856,0.5,
Zurich,Vision Apartments,guest_house,47.362.434,85.220.983,,Vision Management Services
Zurich,Placid Hotel,hotel,47.383.414,84.922.958,0.75,
Zurich,Hotel Townhouse,hotel,473.761.679,85.400.087,,
Zurich,Motel One,hotel,473.694.022,85.335.731,,
Zurich,Sheraton Zürich,hotel,473.907.286,85.101.238,,ABC Betriebs AG;Marriott
Zurich,Opera,hotel,473.642.706,85.476.221,,
Zurich,Fleming's,hotel,473.696.334,85.334.346,0.75,
Zurich,Bristol,hotel,473.796.483,8.543.557,0.5,
Zurich,B2 Boutique Hotel + Spa Zürich,hotel,473.644.259,85.244.677,,Turicum Hotel Management
Zurich,Depandance Hotel Alexander,guest_house,473.746.422,85.447.779,,
Zurich,NiMo,guest_house,473.639.751,8.548.798,,
Zurich,Mercure Hotel Zürich City,hotel,473.934.723,84.844.851,,
Zurich,25hours Hotel Zürich Langstrasse,hotel,473.804.427,85.287.088,0.75,Accor Hotels
Zurich,Welcome Inn,hotel,474.491.429,85.815.998,0.5,
Zurich,Fly away,hotel,474.500.701,85.842.567,,
Zurich,B&B Hotel Zürich East Wallisellen,hotel,47.408.567,85.919.845,,
Zurich,Harry's Home Zürich Wallisellen,hotel,474.050.678,86.045.602,,
Zurich,Garni-Geissberg,guest_house,474.229.167,84.790.454,,
Zurich,Rothaus,hotel,473.793.871,85.273.971,,
Zurich,Green Marmot,hotel,473.691.333,85.443.686,,
Zurich,Pension & Guesthouse Kalkbreite,guest_house,473.743.305,85.207.459,,Genossenschaft Kalkbreite
Zurich,Hyatt Place Zurich Airport The Circle,hotel,474.514.661,85.658.176,,
Zurich,Hyatt Regency Zürich Airport,guest_house,474.496.932,85.654.671,,
Zurich,APARTHOTEL Familie Hugenschmidt,hotel,473.554.368,85.572.778,,
Zurich,Transit Hotel & Dayrooms,hotel,474.505.622,85.601.844,,Flughafen Zürich AG
Zurich,Boutique Hotel Josef,hotel,473.806.452,85.341.423,,
Zurich,Studentenhaus Justinus,hotel,473.871.818,85.539.875,,
Zurich,Hotel Bahnhof,hotel,473.999.202,86.229.489,,
Zurich,Capsule Hotel Alpine Garden,hotel,47.452.039,85.626.989,,
Zurich,easyHotel Limmatplatz,hotel,473.862.745,85.280.819,,
Zurich,Ibis Zürich Messe Airport,hotel,474.158.194,85.588.139,,
Zurich,Nani City Hotel,hotel,47.379.243,85.276.061,,
Zurich,Holzlager,guest_house,473.764.583,85.205.059,,
Zurich,B&B Langenberg,hotel,472.925.952,85.289.714,,ab 1.2.2024 Zoo Restaurants GmbH
Zurich,Josephine's,guest_house,47.374.302,85.291.683,,Sinn & Gewinn Hotels
Zurich,Hotel Rössli,hotel,473.692.673,85.444.475,0.5,
Zurich,Aparthotel Adagio,hotel,473.812.254,85.424.567,,Accor Hotels
Zurich,Fred Guest House,guest_house,473.800.825,85.365.963,,Fred Tschanz AG
Zurich,Sleepz,hotel,474.494.664,8.582.782,,
Geneva,Hôtel d'Ornex,hotel,462.784.622,60.924.637,,
Geneva,Greet Hôtel Prévessin Genève Aéroport,hotel,462.485.416,6.088.058,,
Geneva,Hôtel de L'Aviation,hotel,462.225.819,6.094.351,,
Geneva,Hôtel Suisse,hotel,462.091.222,61.429.992,0.5,
Geneva,Best Western,hotel,461.366.541,61.241.427,0.5,
Geneva,Hôtel Ibis Archamps Porte de Genève,hotel,461.366.942,61.219.047,0.25,
Geneva,Hôtel Les Nations,hotel,46.215.478,61.327.223,,
Geneva,Centre International Réformé John Knox,hostel,462.362.325,61.333.956,,
Geneva,Capucine Genève,hotel,461.396.028,61.215.694,,
Geneva,Logitop,hotel,461.397.812,61.211.295,,
Geneva,Hostellerie de la Vendée,hotel,461.896.078,61.207.293,,
Geneva,ibis,hotel,461.883.541,61.149.358,,accor
Geneva,Hôtel Appart'City Genève aéroport Ferney Voltaire,hotel,462.611.012,61.124.385,,
Geneva,City Hostel Geneva,hostel,462.148.252,61.459.635,,
Geneva,Quality Hotel,hotel,462.151.041,61.464.867,,
Geneva,Novotel Suites Geneve Aeroport,hotel,462.207.537,61.137.257,,
Geneva,Domaine de Chateauvieux,hotel,4.620.152,60.386.806,0.75,
Geneva,NH Geneva Airport,hotel,462.277.708,60.856.699,,
Geneva,Le Montbrillant Hôtel,hotel,462.110.272,61.418.721,0.75,
Geneva,Auberge Communale de Meyrin,hotel,462.310.085,60.732.304,,
Geneva,Hôtel Astoria,hotel,462.088.868,61.429.333,,
Geneva,Ibis Style,hotel,46.209.005,61.429.923,,
Geneva,Hôtel Bel'Espérance,hotel,462.013.889,61.507.766,0.25,
Geneva,Hôtel Bernina,hotel,462.102.533,61.442.685,,
Geneva,Hôtel Les Arcades,hotel,462.098.153,61.437.875,,
Geneva,Vision apartments living hotel,hotel,462.093.319,61.449.753,,
Geneva,Hôtel Montana,hotel,462.099.219,61.448.821,,
Geneva,Hôtel des Alpes,hotel,462.099.824,61.454.067,,
Geneva,Hôtel Strasbourg Univers,hotel,462.098.904,614.441,,
Geneva,Aïda,hotel,46.197.101,61.421.761,,
Geneva,Ibis,hotel,462.078.053,6.138.364,,
Geneva,,hotel,461.887.847,61.161.344,,
Geneva,Le Cenacle,hotel,46.197.139,61.690.614,,
Geneva,Ibis Budget Geneve Aeroport,hotel,462.204.883,61.139.551,,Ibis Budget
Geneva,Hôtel 33,hotel,462.260.695,61.063.881,,
Geneva,Hôtel Phoenix,hotel,46.225.507,61.057.877,,
Geneva,Hôtel Cristal,hotel,462.094.756,61.439.365,,
Geneva,Home Swiss Hotel,hotel,462.006.491,61.347.394,,
Geneva,VisionApartments Mont-Blanc,hotel,462.093.953,61.451.236,,
Geneva,Edelweiss,hotel,462.113.983,614.992,,
Geneva,FANNY,guest_house,461.915.266,61.410.972,,
Geneva,Trip Trap Hotel,hotel,461.861.748,61.438.736,,
Geneva,Les Armures,hotel,462.013.046,61.472.756,1.0,
Geneva,Pax,hotel,462.003.728,61.615.946,,
Geneva,Le Prince,hotel,461.957.099,61.442.169,,
Geneva,f6,hotel,462.149.773,6.146.066,,
Geneva,Eden,hotel,462.219.208,6.148.994,,
Geneva,Hôtel Saint Gervais,hotel,462.069.018,61.418.934,,
Geneva,Le Carré d'Or,hotel,462.530.946,60.669.032,,Residhome
Geneva,Ramada Encore Geneva,hotel,461.792.027,61.270.456,,
Geneva,Hôtel la Place,hotel,461.950.305,62.361.606,0.25,
Geneva,Hôtel des tourelles,hotel,462.058.132,61.398.854,,
Geneva,Odalys Hôtel Résidence,hotel,462.613.116,61.133.689,,Odalys Vacances
Geneva,Lake Geneva Hotel,hotel,462.808.999,61.663.891,,
Geneva,Tiffany Hotel,hotel,462.019.771,61.392.828,,
Geneva,Hôtel Oskar,hotel,461.953.688,6.234.414,,
Geneva,Starling Résidence Genève,hotel,46.196.444,61.422.808,,
Geneva,Geneva Hostel,hostel,462.150.339,61.493.377,,Moudi KAVEH
Geneva,Hôtel de France,hotel,462.556.804,61.109.595,,
Geneva,Sagitta,hotel,462.013.094,61.579.859,,
Geneva,Art Hôtel Windsor,hotel,462.105.346,61.460.511,,
Geneva,,hotel,462.032.972,62.190.517,,
Geneva,La Réserve,hotel,462.505.816,61.492.988,1.0,Michel Reybier Hospitality
Geneva,Edelweiss Manotel Geneva,hotel,462.113.797,61.499.419,,
Geneva,Hôtel Central,hotel,462.029.914,61.456.479,,
Geneva,Manotel,hotel,462.133.472,61.453.428,,
Geneva,The Circus,hotel,462.073.076,6.145.149,,
Geneva,Campanile,hotel,461.969.598,62.356.078,0.5,Campanile
Geneva,Savoie Hôtel,hotel,461.417.925,60.838.421,0.5,
Geneva,Lievin,guest_house,462.134.479,61.268.734,,
Geneva,Carouge,guest_house,461.846.369,61.440.809,,
Geneva,Fraser Suites,hotel,462.031.702,61.457.564,,
Geneva,Foyer Hostel Schuman,hotel,462.419.542,60.349.421,,Alfa3a
Geneva,Ibis Styles Geneve PalExpo Aeroport,hotel,462.346.245,611.679,,
Geneva,Ibis Budget,hotel,462.342.553,61.173.479,,
Geneva,Hôtel Rhodania,hotel,462.080.607,61.436.722,,
Geneva,EastWest,hotel,462.097.968,61.482.154,,
Geneva,Auberge des Vergers,hotel,462.322.165,60.719.561,,
Geneva,,hotel,462.770.509,61.688.938,,
Geneva,Atalante,hotel,461.932.486,62.277.634,0.25,
Geneva,Hôtel N’vY,hotel,462.154.216,61.486.633,,
Geneva,The Ritz-Carlton Hotel de la Paix,hotel,462.079.205,61.485.323,,
Geneva,Hôtel Jade,hotel,462.153.602,61.477.028,,
Geneva,Hôtel-Pension Silva,hotel,462.118.594,61.350.285,,
Geneva,m3 Hotel & Residence,hotel,461.676.982,61.030.257,,
Geneva,Meininger Hotel Geneve Charmiles,hotel,462.095.924,61.216.706,,
Geneva,B&B Hotels,hotel,462.196.653,61.029.583,,
Geneva,Mercure,hotel,462.216.244,60.663.924,0.75,
Geneva,,hotel,462.201.025,61.032.258,,
Geneva,citizenM,hotel,462.026.399,61.474.753,,
Geneva,Marriot,hotel,462.210.187,61.028.023,,
Geneva,Ibis Genève Centre Lac,hotel,462.105.338,61.463.758,,
Geneva,Residence Studio Genève centre,hotel,462.112.234,61.468.107,,
Geneva,Ruby Claire,hotel,462.038.283,61.468.002,,
Geneva,Torhôtel,hotel,462.082.218,61.460.955,,
Geneva,Aparthotel Adagio,hotel,462.095.461,61.471.701,,
Geneva,Stay Kooook,hotel,462.132.194,61.301.604,,
Geneva,Ibis Styles Prévessin Genève Aéroport,hotel,462.487.447,60.887.402,,
Geneva,Residence Inn,hotel,462.210.795,6.121.218,,
Lucerne,Flora,hotel,470.500.868,83.077.493,,
Lucerne,Felmis,hotel,470.212.876,83.256.501,0.5,Patrick & Ivo Schmidiger
Lucerne,Eintracht,hotel,471.123.956,83.876.738,,
Lucerne,Die Perle,hotel,471.120.925,8.364.716,,
Lucerne,Kreuz,hotel,471.224.529,83.545.555,,
Lucerne,Löwen,hotel,470.804.459,83.378.667,,
Lucerne,Kurhaus Seeblick,hotel,470.299.234,8.419.469,,
Lucerne,Holiday Inn Express : Luzern - Neuenkirch,hotel,471.137.175,82.335.435,,
Lucerne,Radisson Blu Hotel,hotel,470.480.616,8.313.877,,
Lucerne,Backpackers,hostel,470.441.013,83.210.943,,
Lucerne,Cascada,hotel,470.461.846,83.093.227,0.75,
Lucerne,Seehotel Kastanienbaum,hotel,470.078.197,83.403.494,0.75,
Lucerne,Hotel Restaurant Hammer,hotel,470.082.263,82.179.024,,
Lucerne,Ibis,hotel,470.236.726,82.992.435,0.25,
Lucerne,Bellevue,hotel,470.435.539,83.499.717,,
Lucerne,Hotel Seeburg,hotel,470.470.557,83.440.603,,
Lucerne,Richemont Gastronomie & Hotel,hotel,470.478.181,83.434.633,,Richemont Fachschule SBC Stiftung
Lucerne,Seehotel Sternen,hotel,470.118.736,83.164.372,0.75,
Lucerne,Anker,hotel,470.480.566,83.040.602,,
Lucerne,Jugendherberge Luzern,hostel,470.617.436,8.301.538,0.0,Swiss Youth Hostels
Lucerne,Schloss-Hotel Swiss-Chalet,hotel,470.649.041,84.084.678,0.75,
Lucerne,Hotel Central,hotel,470.492.502,83.077.724,,
Lucerne,Hofgarten,hotel,47.055.824,83.125.043,,
Lucerne,Rebstock,hotel,470.551.687,83.126.346,,
Lucerne,Hotel Drei Könige,hotel,47.049.604,83.006.894,,
Lucerne,The Hotel,hotel,470.479.754,83.078.026,,
Lucerne,Hotel Astoria,hotel,470.480.783,83.056.813,,
Lucerne,,hotel,470.344.017,8.277.702,,
Lucerne,Hotel Alpha,hotel,4.704.698,83.013.983,,
Lucerne,Monopol,hotel,470.497.909,83.089.896,,
Lucerne,Lion Lodge Luzern,hostel,47.059.114,83.092.644,,
Lucerne,Schweizerhof,hotel,470.543.195,83.102.224,,
Lucerne,Ambassador,hotel,470.561.008,83.103.043,,
Lucerne,Hotel de la Paix,hotel,470.558.753,8.310.295,0.5,
Lucerne,Luzernerhof,hotel,47.055.081,83.110.279,,
Lucerne,Hotel zum Weisses Kreuz,hotel,470.521.207,83.065.751,,
Lucerne,Balm,hotel,470.443.996,83.682.467,,
Lucerne,Pilatus,hotel,469.861.339,83.122.545,,
Lucerne,The Tourist Hotel,hotel,470.529.705,83.004.406,,
Lucerne,Wilden Mann,hotel,470.503.262,83.030.689,,
Lucerne,Renaissance,hotel,470.489.067,83.070.708,,
Lucerne,Hotel Continental-Park,hotel,47.048.702,83.090.466,0.75,
Lucerne,Hotel Des Alpes,hotel,470.522.175,83.074.624,,
Lucerne,Ibis Styles Luzern City,hotel,47.056.721,83.118.262,,Ibis
Lucerne,,guest_house,470.574.989,83.965.699,,
Lucerne,,guest_house,470.554.449,83.801.065,,
Lucerne,Gasthof Kreuz,hotel,470.514.942,83.830.003,,
Lucerne,Hotel Europe,hotel,470.557.831,83.248.886,,
Lucerne,The Lubo,hotel,470.523.435,83.047.521,,
Lucerne,Zur Linde,hotel,47.051.726,83.046.614,,
Lucerne,Barabas Hotel Luzern,hostel,47.052.805,83.041.815,,
Lucerne,Waldstätterhof,hotel,470.492.499,83.093.045,,
Lucerne,Hotel Falken,hotel,470.536.574,83.076.145,,
Lucerne,Hotel des Balances,hotel,470.515.076,83.044.753,0.75,
Lucerne,Alexander,hotel,470.295.367,84.198.653,0.75,
Lucerne,Magic Hotel,hotel,470.519.738,83.057.335,,
Lucerne,B&B Bettstadt,hotel,47.044.184,83.084.851,,
Lucerne,Gerbi,hotel,470.292.158,84.191.843,,
Lucerne,Hotel Alpina,hotel,470.492.824,83.084.368,,
Lucerne,Chärnsmatt,hotel,471.000.593,82.687.408,,
Lucerne,Vison Apartments,hotel,47.043.787,83.085.162,,
Lucerne,Graziella,hotel,470.284.284,84.064.112,,
Lucerne,Emmenbrücke Camp Stuwo,hostel,470.868.726,82.726.732,,Stuwo.ch
Lucerne,Schappen Camp Stuwo,hostel,470.337.434,82.754.925,,Stuwo.ch
Lucerne,B.H.M.S Campus,hotel,470.521.262,82.983.649,,
Lucerne,anstatthotel.ch,guest_house,470.682.721,82.789.338,,
Lucerne,Holiday Inn Express Luzern - Kriens,hotel,470.268.334,82.999.016,,
Lucerne,Capsule Hotel Lucerne,hostel,470.504.406,83.016.988,,Fabian Hux
Lucerne,Gasthaus Badhof,hotel,470.489.567,83.564.427,,
Lucerne,Bürgenstock Palace,hotel,469.969.284,83.806.273,,
Lucerne,Thorenberg,hotel,470.527.614,82.505.251,,
Lucerne,Seehotel Baumgarten,hotel,469.979.474,83.647.344,,
Lucerne,,hotel,470.604.575,83.088.929,,
Lucerne,zum Beck,hotel,469.791.502,83.379.245,,
Lucerne,The Bed + Breakfast,hotel,470.413.824,83.013.483,,
Lucerne,Anstatt,hotel,470.125.332,83.087.288,,
Lucerne,Young Backpackers Homestay,hostel,470.404.712,82.912.951,,
Lucerne,Baslertor,hotel,470.509.107,83.022.003,,
Lucerne,,hotel,469.948.133,84.029.716,1.0,
Lucerne,Pilatus Kulm,hotel,469.795.096,82.536.045,0.75,
Lucerne,Pilatus Bellevue,hotel,469.794.553,82.556.112,0.5,
Lucerne,Hotel Beau Séjour Lucerne,hotel,470.556.698,83.228.565,,
Lucerne,Capsule Hostel - Old town lucerne,hostel,470.575.091,8.309.773,,
Zermatt,Igludorf,hotel,459.886.765,77.635.871,,
Zermatt,Täscher Hof,hotel,460.668.064,77.753.631,,
Zermatt,Hotel National,hotel,460.228.955,77.513.185,,
Zermatt,Hotel Sonne,hotel,460.189.504,77.439.132,0.75,
Zermatt,Edelweiss,hotel,460.222.665,77.380.779,,
Zermatt,Astoria,hotel,460.188.368,77.488.454,0.5,
Zermatt,Holiday,hotel,460.235.497,77.540.704,0.5,
Zermatt,Alpenblick,hotel,460.173.175,77.440.883,0.5,
Zermatt,Alpenrose,hotel,460.165.037,77.434.187,0.5,
Zermatt,Hotel Bahnhof,hotel,460.243.709,77.487.609,,
Zermatt,Hotel de la Couronne,hotel,460.189.522,77.484.618,,
Zermatt,Bellerive Zermatt,hotel,46.018.553,77.489.835,0.5,Katja & Mario Noti
Zermatt,Best Western Butterfly,hotel,460.232.414,77.466.078,,
Zermatt,La Vue,hotel,460.193.658,77.437.566,,
Zermatt,Täschalp Restaurant & Lodge,hostel,460.591.361,78.101.753,,
Zermatt,Chesa Valese,hotel,460.191.275,77.490.248,,
Zermatt,Matterhorn FOCUS,hotel,460.140.009,77.425.865,0.75,
Zermatt,Monte Rosa,hotel,460.201.555,77.462.059,0.75,
Zermatt,Haus Theodul,hostel,460.228.176,77.467.225,,
Zermatt,Le Petit Cervin,hotel,460.218.068,77.481.098,,
Zermatt,Walliserhof,hotel,460.648.014,77.759.963,,
Zermatt,Matterhorn Golf Hotel,hotel,460.930.859,77.803.856,,
Zermatt,Hotel Testa Grigia,hotel,460.219.587,77.472.166,,
Zermatt,Chalet Conthey,guest_house,460.280.462,77.558.219,,
Zermatt,Elysian Collection,guest_house,460.279.878,77.553.829,,
Zermatt,A La Casa,guest_house,460.282.232,77.552.724,,
Zermatt,Top View,guest_house,460.273.815,77.556.491,,
Zermatt,Viscaria,guest_house,460.274.068,77.546.954,,
Zermatt,Huas Salix,guest_house,460.273.454,77.544.194,,
Zermatt,Patricia,guest_house,460.272.151,77.541.575,,
Zermatt,Viscaria Studio,guest_house,460.272.299,77.536.337,,
Zermatt,Collinetta,guest_house,460.267.015,77.546.494,,
Zermatt,Susanna,guest_house,460.264.387,77.549.278,,
Zermatt,Gadi,guest_house,460.260.774,77.554.052,,
Zermatt,Millennium,guest_house,460.261.663,77.546.621,,
Zermatt,Power Snow,guest_house,460.259.442,77.542.278,,
Zermatt,Primavista,guest_house,460.256.767,77.538.846,,
Zermatt,Belmont,guest_house,460.246.531,77.550.707,,
Zermatt,Hotel Carina,hotel,460.244.099,77.541.276,,
Zermatt,Primavera,hotel,460.239.622,77.542.003,,
Zermatt,House Aster,guest_house,460.231.789,77.544.607,,
Zermatt,Haus Domino,guest_house,46.023.656,77.532.235,,
Zermatt,Colosseo,guest_house,460.233.087,77.535.829,,
Zermatt,Haus St Bernhard,guest_house,460.231.707,7.753.026,,
Zermatt,Matthiol,guest_house,460.224.441,77.530.156,,
Zermatt,Schönegg,hotel,46.021.789,77.525.599,,
Zermatt,Alpenroyal,hotel,460.215.512,77.527.981,,
Zermatt,Chalet Waidmannsheil,hotel,46.021.191,77.523.922,,
Zermatt,Parkhotel Beau Site,hotel,460.205.164,77.507.251,0.75,Franz Schwegler-Dossetto
Zermatt,Ambiance,hotel,460.189.872,77.507.207,,
Zermatt,Capricorn,hotel,46.019.132,77.505.089,,
Zermatt,the rex,hotel,460.184.745,77.495.514,,
Zermatt,Welcome,guest_house,460.182.705,77.489.996,,
Zermatt,Hotel Antika,hotel,460.190.678,7.747.638,0.5,
Zermatt,Hotel Allalin,hotel,460.191.432,77.475.025,,
Zermatt,Annex Antika,hotel,460.186.946,77.472.763,0.25,
Zermatt,Chalet Bergheim,guest_house,460.278.591,77.573.955,,
Zermatt,Sonnhalde B,guest_house,460.279.101,77.547.465,,
Zermatt,Alpenlodge,hotel,460.268.598,77.556.531,,
Zermatt,Belle Epoque Chalet,guest_house,460.265.301,77.556.557,,
Zermatt,Phoenix,hotel,460.245.076,77.535.373,,
Zermatt,Casa Della Luce Appartments,guest_house,460.243.364,77.537.664,,
Zermatt,Haus Zenith,guest_house,460.247.385,77.557.516,,
Zermatt,Haus Verona,guest_house,460.245.255,7.755.484,,
Zermatt,Haus St. Martin,guest_house,460.241.558,77.555.756,,
Zermatt,Haus Kondor,guest_house,460.238.252,7.755.496,,
Zermatt,Weras,guest_house,460.240.225,77.551.323,,
Zermatt,Haus Monal,guest_house,460.233.045,77.554.158,,
Zermatt,Pauschalen,hotel,460.237.237,77.544.451,,
Zermatt,Haus Casa Blanca,guest_house,460.241.436,77.552.925,,
Zermatt,Haus Roc,guest_house,460.239.589,77.546.088,,
Zermatt,Haus Alouette,guest_house,460.247.501,77.539.418,,
Zermatt,Zermatt Cervino Paradise,guest_house,460.230.178,7.754.286,,
Zermatt,La Ginabelle,hotel,460.241.606,77.522.515,,
Zermatt,Cervo,hotel,46.021.937,77.543.013,,
Zermatt,Arnold,guest_house,460.204.566,77.547.159,,
Zermatt,Chalet Le Gros Caillou,guest_house,460.198.853,77.537.284,,
Zermatt,Shangri La,guest_house,460.198.226,77.522.265,,
Zermatt,Les Mélèzes C,guest_house,460.230.851,77.539.205,,
Zermatt,Cresta,guest_house,460.228.606,77.536.516,,
Zermatt,Apartment Oberhäusern,guest_house,460.209.649,77.525.366,,
Zermatt,Chalet Aendry,guest_house,46.020.413,77.521.843,,
Zermatt,La Bohème,guest_house,460.197.118,77.514.217,,
Zermatt,Alpine,guest_house,460.203.395,77.513.738,,
Zermatt,Apartments Julen Zermatt,guest_house,460.204.349,77.512.346,,
Zermatt,Hotel Bella Vista,hotel,46.020.812,77.514.353,,
Zermatt,Adona Apartments,guest_house,460.188.223,77.510.503,,
Zermatt,Haus Bergfried,guest_house,460.185.842,77.509.672,,
Zermatt,Basecamp,hotel,460.186.081,77.505.137,,
Zermatt,Chalet Agade,guest_house,46.018.489,77.504.173,,
Zermatt,Jolimont,guest_house,460.179.784,77.501.722,,
Zermatt,Malteserhaus,guest_house,460.175.896,7.750.215,,
Zermatt,Diamant,guest_house,460.174.544,77.506.269,,
Zermatt,Amaryllis,guest_house,460.173.833,775.028,,
Zermatt,Belaie Haus,guest_house,460.172.646,77.498.046,,
Zermatt,Apartment Lani,guest_house,460.170.158,77.495.048,,
Zermatt,Jägerhof Hotel,hotel,460.169.474,77.487.278,,
Zermatt,Albatros,hotel,460.166.161,77.483.669,,
Zermatt,Chalet Aria,guest_house,460.161.902,77.483.865,,
Zermatt,Chalet Larchenheim,guest_house,460.163.533,77.488.473,,
Zermatt,Legendär,hotel,460.163.678,77.497.329,,
Zermatt,Kisseye,guest_house,46.015.696,77.492.469,,
Zermatt,Chalet Nepomuk,guest_house,460.148.155,77.494.898,,
Zermatt,Parrot,guest_house,460.159.769,77.476.645,,
Zermatt,Solewerk Apartments,guest_house,460.158.422,77.478.653,,
Zermatt,Angelina Apartment,guest_house,46.015.398,77.485.187,,
Zermatt,Haus Fleckstein,guest_house,460.147.032,77.482.282,,
Zermatt,Mia,guest_house,460.144.938,7.748.604,,
Zermatt,Lizi,guest_house,460.140.781,77.484.915,,
Zermatt,Bielti,guest_house,460.135.166,77.481.197,,
Zermatt,Pablo,guest_house,46.013.406,77.474.071,,
Zermatt,Matterland,guest_house,460.135.415,77.472.309,,
Zermatt,Europe,hotel,460.179.142,77.497.018,,
Zermatt,Caprea,guest_house,460.172.079,7.749.142,,
Zermatt,Narnia,hotel,460.176.081,77.492.162,,
Zermatt,Chalet Abacus,guest_house,4.601.673,774.811,,
Zermatt,Chalet Valaisien,guest_house,46.017.116,77.480.539,,
Zermatt,Esplanade,guest_house,460.164.479,77.475.216,,
Zermatt,Little Dream House,guest_house,460.168.549,77.473.154,,
Zermatt,Adonis,hotel,460.168.148,77.470.699,,
Zermatt,Haus Bellide,guest_house,460.178.214,77.486.147,,
Zermatt,Bristol,hotel,460.186.913,77.482.147,,
Zermatt,Myzermatt,guest_house,460.182.393,77.478.459,,
Zermatt,Albana Real,hotel,460.180.634,77.475.415,0.75,
Zermatt,Chalet Lydia,guest_house,460.173.886,77.474.496,,
Zermatt,Olympia,guest_house,460.172.797,77.478.237,,
Zermatt,Marimba,guest_house,460.173.106,77.460.606,,
Zermatt,Firefly,hotel,460.169.918,77.455.618,,
Zermatt,Haus Balma,guest_house,460.168.571,77.460.348,,
Zermatt,Casa Delle Stelle,guest_house,4.601.618,77.469.207,,
Zermatt,Haus Bergere,guest_house,460.140.647,77.477.504,,
Zermatt,Apartment Richemont,guest_house,460.142.451,77.475.727,,
Zermatt,Alex Lodge,guest_house,460.144.904,77.467.477,,
Zermatt,Strahlhorn,guest_house,46.014.648,77.465.265,,
Zermatt,Zermatt Paradies,guest_house,460.158.386,77.456.183,,
Zermatt,Bolero,guest_house,460.168.794,77.452.203,,
Zermatt,Chalet Les Ecureuils,guest_house,46.015.903,77.443.891,,
Zermatt,Sun Valley Lodge,guest_house,460.159.656,77.435.248,,
Zermatt,Hotel Antares,hotel,460.156.695,77.431.803,,
Zermatt,Berghaus,guest_house,460.149.888,7.744.563,,
Zermatt,Juliana,hotel,460.152.214,77.429.588,,
Zermatt,Cortina,guest_house,460.142.905,77.438.175,,
Zermatt,Berghof Hotel,hotel,460.147.168,77.433.533,,
Zermatt,Alpoase,guest_house,460.142.107,77.451.328,,
Zermatt,Leopold,guest_house,460.139.936,77.449.483,,
Zermatt,Weidersehn,guest_house,460.138.231,77.448.246,,
Zermatt,Perren Apaerments,guest_house,460.136.801,77.444.541,,
Zermatt,Chalet Bergidyll,guest_house,460.136.156,77.442.569,,
Zermatt,Casa Pia,guest_house,460.130.528,77.442.821,,
Zermatt,Ulysse,guest_house,460.131.865,77.449.739,,
Zermatt,Sonnmatten,guest_house,460.130.065,77.448.809,,
Zermatt,Huwi,guest_house,46.013.192,77.460.401,,
Zermatt,La Vallee,guest_house,460.130.562,77.464.208,,
Zermatt,Gamma,guest_house,46.012.531,77.473.097,,
Zermatt,Biner Apartments,guest_house,460.127.836,77.483.599,,
Zermatt,Alpharmonie,guest_house,46.012.966,77.489.771,,
Zermatt,Casa Dela Vita,guest_house,460.122.685,77.482.997,,
Zermatt,Marico,guest_house,4.601.211,77.484.256,,
Zermatt,Windward,guest_house,460.122.702,77.478.856,,
Zermatt,Chalet d'Amore,guest_house,460.121.564,77.476.716,,
Zermatt,Ferienwohnung Lauber,guest_house,46.011.908,7.746.709,,
Zermatt,Sunrise,guest_house,460.121.706,77.465.904,,
Zermatt,Schwalbennest,guest_house,460.123.238,77.468.926,,
Zermatt,Z`Wichjehues,guest_house,460.123.836,77.461.312,,
Zermatt,Abusitz River Haus,guest_house,460.118.681,77.455.836,,
Zermatt,Cinderella,guest_house,460.120.966,77.454.679,,
Zermatt,Anita,guest_house,460.135.017,77.432.205,,
Zermatt,Hotel Bijou,hotel,460.135.585,77.431.568,,
Zermatt,Mountain Paradise,hotel,460.125.169,77.426.362,,
Zermatt,Kronig,hotel,460.133.536,77.420.082,,
Zermatt,Liliane,guest_house,460.135.532,77.420.531,,
Zermatt,Plateau Rosa,hotel,460.138.836,7.741.918,,
Zermatt,Zubriggen,hotel,460.144.604,77.418.866,,
Zermatt,Telemark,guest_house,460.146.844,77.420.943,,
Zermatt,Allegra,guest_house,460.148.732,77.423.645,,
Zermatt,Altesse,guest_house,460.108.783,77.468.609,,
Zermatt,Talisman,guest_house,460.109.694,77.456.322,,
Zermatt,Chalet Style,guest_house,460.110.703,77.452.866,,
Zermatt,Shalimar,guest_house,460.112.821,77.449.898,,
Zermatt,Monte Cristo,guest_house,460.107.878,77.442.986,,
Zermatt,Tuftra,guest_house,460.111.512,77.431.994,,
Zermatt,Felice,guest_house,460.114.981,77.447.003,,
Zermatt,Amber,guest_house,460.116.512,77.444.893,,
Zermatt,Hemizeus,hotel,460.114.845,77.430.648,,
Zermatt,Galileo,guest_house,460.113.869,77.425.552,,
Zermatt,Aroleid Chalet,guest_house,460.105.709,77.385.074,,
Zermatt,Gornergorge,guest_house,460.095.611,77.395.928,,
Zermatt,Sunstar Hotel Zermatt,hotel,460.245.666,77.516.697,0.75,Sunstar Hotels
Zermatt,Haus La Perle,guest_house,460.247.328,77.516.602,,
Zermatt,Chalet Dossen,guest_house,46.024.563,77.513.699,,
Zermatt,Imperial,guest_house,460.244.879,77.510.273,,
Zermatt,Haus Fis,guest_house,460.242.541,77.511.054,,
Zermatt,Chalet Medi,guest_house,460.248.203,7.750.771,,
Zermatt,Mirabeau,hotel,460.250.985,77.501.368,,
Zermatt,Solebad Arca,hotel,460.259.644,77.506.622,,
Zermatt,Ambassador,hotel,460.250.855,77.496.767,,
Zermatt,Breithorn,guest_house,460.244.312,77.502.199,,
Zermatt,Julez,guest_house,46.024.265,77.505.076,,
Zermatt,Hotel Sarazena,hotel,460.240.251,77.492.519,,
Zermatt,Schloss Hotel,hotel,460.240.778,77.496.979,,
Zermatt,Hotel Gornergrat Dorf,hotel,460.233.703,77.479.699,,
Zermatt,Chalet Felderhof,guest_house,46.023.348,77.500.036,,
Zermatt,Hotel Garni CIMA,hotel,46.023.086,77.501.677,,
Zermatt,,guest_house,460.232.584,77.495.554,,
Zermatt,Mont Cervin Palace,hotel,460.210.313,77.470.589,,
Zermatt,Backstage Boutique Hotel,hotel,460.219.788,77.478.391,,
Zermatt,Hotel Elite,hotel,46.021.402,77.485.392,,
Zermatt,Atlanta,hotel,460.211.569,77.481.885,,
Zermatt,Excelsior,hotel,460.209.423,77.488.573,,
Zermatt,Haus Mischabel,guest_house,460.210.441,77.484.124,,
Zermatt,Matterhorn Lodge,hotel,460.203.601,77.480.432,,
Zermatt,Alpina,hotel,460.203.825,7.747.607,,
Zermatt,Tannenhof,hotel,460.203.986,7.747.118,,
Zermatt,Chalet Z'Gogwargji,guest_house,460.205.752,77.483.775,,
Zermatt,,guest_house,460.207.939,77.473.686,,
Zermatt,Unique Hotel Post,hotel,460.207.236,77.466.295,,
Zermatt,Hotel Beau Rivage,hotel,46.018.969,77.478.436,,
Zermatt,Weisshorn,hotel,460.190.526,77.458.311,,
Zermatt,Haus Bonatti,guest_house,46.017.139,77.442.668,,
Zermatt,Backstage - Luxury Loft,guest_house,46.017.496,77.449.631,,
Zermatt,Maryland,guest_house,460.177.416,7.745.633,,
Zermatt,Astral,guest_house,460.178.871,77.458.773,,
Zermatt,Haus Gornera,guest_house,460.180.133,77.456.823,,
Zermatt,Alex,hotel,460.236.181,77.471.177,,
Zermatt,Hilburgs-domizil,guest_house,460.239.791,77.466.517,,
Zermatt,,guest_house,460.230.942,77.465.858,,
Zermatt,Simi,hotel,460.227.598,77.463.081,,
Zermatt,Continental,hotel,460.223.492,77.468.392,,
Zermatt,Alphubel,hotel,460.225.091,77.465.795,,
Zermatt,Bergkristall,guest_house,460.225.975,77.463.598,,
Zermatt,Meric Superior,guest_house,460.227.926,7.746.066,,
Zermatt,Zer Schmittu,guest_house,460.219.072,77.445.541,,
Zermatt,Bodmen,guest_house,460.216.497,77.447.388,,
Zermatt,Pollux,hotel,460.222.106,77.471.468,,
Zermatt,Walliserhof,hotel,460.220.078,77.469.784,,
Zermatt,Romantica,hotel,460.211.118,7.745.697,,
Zermatt,Haus Graven,guest_house,460.213.803,77.454.962,,
Zermatt,The Omnia,hotel,460.205.215,77.453.631,,
Zermatt,Haus Triftbach,guest_house,460.205.943,77.449.507,,
Zermatt,Studio Layra,guest_house,460.205.975,77.448.746,,
Zermatt,Chalet Zermat Peak,guest_house,460.202.685,77.441.951,,
Zermatt,Kolibri,guest_house,460.202.364,77.444.168,,
Zermatt,Chalet Schneefink,guest_house,460.201.286,77.445.806,,
Zermatt,Helvetia,hotel,460.205.999,77.463.455,,
Zermatt,Hotel Sonne Zermatt,hotel,460.205.077,77.462.322,,
Zermatt,Apartment Diana 2,guest_house,460.192.461,77.450.553,,
Zermatt,Le Petit Hotel,hotel,460.195.538,77.446.796,,
Zermatt,Schirle,guest_house,46.018.723,77.453.134,,
Zermatt,Mayi's Gädi,guest_house,460.184.335,77.451.816,,
Zermatt,Ferienwohnung Attila,guest_house,460.175.419,77.443.424,,
Zermatt,Haus Loree,guest_house,46.016.968,774.372,,
Zermatt,Coeur des Alpes,guest_house,460.166.942,77.429.201,,
Zermatt,View Hause,guest_house,460.168.865,77.428.686,,
Zermatt,Alpenschloss,guest_house,460.168.307,77.425.122,,
Zermatt,Gemini,guest_house,460.168.132,7.741.561,,
Zermatt,Chalet Alaska,guest_house,460.159.241,77.423.089,,
Zermatt,Zen,guest_house,460.160.377,77.418.663,,
Zermatt,La Cordée,guest_house,460.156.875,77.415.042,,
Zermatt,Christiania Mountain & SPA,hotel,460.234.145,77.522.573,0.75,Family Franzen-Bieri
Zermatt,Matterhorn-Inn,hotel,460.671.697,77.759.821,,
Zermatt,Gloria,guest_house,46.012.334,77.448.608,,
Zermatt,Casa Obri Tuftra,guest_house,460.109.565,77.466.303,,
Zermatt,Le Mazot,hotel,460.208.794,77.491.508,,
Zermatt,Eden Wellness,hotel,460.185.213,77.493.976,,
Zermatt,Appartements Elan,hotel,460.183.557,77.499.672,,
Zermatt,Chalet St. Anton,hotel,460.185.161,77.499.377,,
Zermatt,Mountime,hotel,460.651.741,77.759.131,,
Zermatt,Welschen,hotel,460.224.943,77.522.389,,
Zermatt,Mounting,hotel,460.651.037,77.760.301,,
Interlaken,Beausite,hotel,466.846.771,78.467.089,0.5,Max & Imi Ritter
Interlaken,Chalet Swiss,hotel,466.842.815,78.458.842,0.5,Familie R. & T. Klopfer
Interlaken,Lindner Grand Hotel Beau Rivage,hotel,46.689.701,78.646.528,1.0,Lindner Gruppe
Interlaken,Sunny Days,guest_house,46.683.477,78.470.545,,
Interlaken,Schynige Platte,hostel,46.652.839,79.118.196,,
Interlaken,Interlaken,hotel,466.885.207,7.863.376,0.75,Georges Beutler
Interlaken,Carlton-Europe,hotel,466.894.678,78.658.649,0.5,Stephan Maeder
Interlaken,Gasthof Schönegg,hotel,466.951.712,78.741.905,,
Interlaken,Backpackers Villa Sonnenhof,hostel,466.844.227,78.616.925,,David Bühler
Interlaken,Royal Saint George,hotel,466.887.017,78.627.308,0.75,Familie Kurzen
Interlaken,Neuhaus Golf- und Strandhotel,hotel,466.788.311,78.177.764,0.5,Familie Ritschard und Zenger
Interlaken,Lake View,hotel,467.176.445,79.297.506,,
Interlaken,Happy Inn Lodge,hostel,46.683.712,78.556.574,,Piet Swenker + Bart Stapel
Interlaken,Hotel Beausite,hotel,467.023.086,78.109.735,,Rita und Kaspar Pfeiffer-Schneiter
Interlaken,De la Paix,hotel,466.803.171,78.539.305,0.5,Familie Georg Etterli
Interlaken,Stella,hotel,466.832.659,78.568.607,0.75,Bastian Hofmann
Interlaken,Bellevue,hotel,466.862.648,78.525.142,0.75,Thomas + Regula Dübendorfer
Interlaken,Hotel Goldey,hotel,466.892.261,7.853.715,0.5,Diana Ritschard
Interlaken,Hirschen,hotel,466.655.174,78.706.885,,
Interlaken,Bellevue Iseltwald,hotel,46.712.457,79.694.488,,
Interlaken,Beatus,hotel,46.687.438,77.952.382,,
Interlaken,Zeit- & Traumhotel Beatus,hotel,466.895.474,77.718.492,,
Interlaken,Alpenruhe,hotel,466.095.804,79.186.195,,
Interlaken,Beausite Park,hotel,466.086.851,79.247.768,0.75,
Interlaken,Belvédère,hotel,466.088.082,79.192.583,0.5,
Interlaken,Jungfraublick,hotel,466.083.745,79.209.691,0.5,
Interlaken,Wengener Hof,hotel,466.083.453,79.187.149,0.75,
Interlaken,Alpina,hotel,466.785.544,78.646.699,0.25,Dora Geringer
Interlaken,Basicrooms,hotel,466.784.194,78.646.491,0.25,Dora Geringer
Interlaken,Blume,hotel,466.846.694,78.562.718,0.25,Polo und Claudia Rosas
Interlaken,Du Nord,hotel,466.882.344,78.622.293,0.75,SwissDreamsHotels
Interlaken,Harder-Minerva,hotel,46.686.583,78.551.457,0.25,René Bettoli
Interlaken,Salzano Hotel Spa Restaurant,hotel,466.810.397,78.282.892,0.5,Patrizio und Sonja Salzano
Interlaken,Lötschberg,hotel,466.816.298,78.537.648,0.5,Susanne Hutmacher
Interlaken,Mattenhof Resort,hotel,466.793.898,78.644.477,,Familie Bühler
Interlaken,Post Hardermannli,hotel,466.857.538,78.486.843,0.25,Andreas Grossniklaus
Interlaken,Rössli,hotel,466.858.358,78.489.347,0.25,Jean-Luis Admirat
Interlaken,Sonne,hotel,466.801.545,78.640.332,0.5,Hans-Peter Seiler
Interlaken,Swiss Inn,hotel,466.821.225,78.550.052,,J.P. Müller-Lohner
Interlaken,Toscana,hotel,466.848.577,78.562.177,0.5,Familie Del Grasso
Interlaken,Waldhotel-Unspunne,hotel,466.721.233,78.558.307,0.25,Stefan Schneider
Interlaken,Weisses Kreuz,hotel,466.850.852,78.553.651,0.5,
Interlaken,Balmer's,hostel,466.811.089,78.636.389,,Erich Balmer
Interlaken,Funny Farm,hostel,46.679.157,78.630.478,,
Interlaken,Splendid,hotel,4.668.574,78.559.331,,
Interlaken,Hua Villa,hotel,466.817.365,78.571.759,,
Interlaken,Hotel Artos,hotel,466.853.849,78.663.849,,
Interlaken,Du Lac,hotel,46.691.285,78.687.156,0.75,Familie Ernst Hofmann
Interlaken,Metropole,hotel,466.861.084,78.562.655,0.75,Marco von Euw
Interlaken,Gasthaus Steinbock,hotel,466.648.128,78.721.167,,
Interlaken,Finel,guest_house,466.517.469,77.859.092,,
Interlaken,Hapimag Belvédère,hotel,466.878.206,78.601.343,0.75,Hapimag Switzerland
Interlaken,Victoria Jungfrau,hotel,46.686.602,78.574.679,1.0,Grand Hotel Victoria-Jungfrau AG
Interlaken,THE HEY,hotel,46.685.428,78.546.085,0.5,
Interlaken,Alplodge,hostel,46.686.227,78.524.153,,
Interlaken,Walida,hotel,466.877.817,78.968.131,,
Interlaken,Seehotel,hotel,466.882.804,79.004.558,,Familien Hohermuth & Budd
Interlaken,Seiler au Lac,hotel,466.885.604,78.976.109,,
Interlaken,Oberländerhof,hotel,466.881.113,78.979.609,,
Interlaken,Swiss Holidays Apartments,hotel,46.683.902,78.550.329,,
Interlaken,Ula's Holiday Apartments,hotel,467.021.993,78.094.755,,Ursula Grossniklaus
Interlaken,,hostel,466.844.145,78.454.718,,
Interlaken,Pasta & More Bed & Breakfast,hotel,46.605.762,79.209.706,,
Interlaken,Gästehaus sbt,hotel,466.970.363,7.793.279,,
Interlaken,Hotel Strand,hotel,467.119.622,79.630.656,,
Interlaken,Love Room,hotel,466.780.768,78.511.347,,
Interlaken,Katy's Lodge,guest_house,466.817.315,7.853.025,,
Interlaken,Bahnhof platz apartment 2,guest_house,466.827.268,78.524.409,,
Interlaken,Merkur,hotel,466.833.383,78.522.365,,
Interlaken,Swiss Apartment,guest_house,466.841.012,78.569.746,,
Interlaken,Swiss Splendid,hotel,466.850.486,78.555.328,,
Interlaken,Bernensis,hotel,46.689.655,78.661.686,,
Interlaken,Alphorn,hotel,466.793.397,78.521.904,,
Interlaken,Crystal,hotel,466.798.855,78.514.863,0.5,
Interlaken,Hotel Rugenpark B&B,guest_house,46.678.843,78.514.061,,
Interlaken,,hotel,466.874.082,78.552.659,,
Interlaken,Lake Lodge,hostel,467.109.056,79.660.761,,
Interlaken,,hotel,467.013.753,78.917.248,,
Interlaken,Neuhaus,hostel,466.788.169,78.166.056,,
Interlaken,Kreuz,hotel,466.544.983,77.702.254,,
Interlaken,Hotel-Landgasthof Bären,hotel,467.268.387,78.644.521,0.5,
Interlaken,,hotel,466.969.484,7.793.069,,
Interlaken,Residence Jungfrau,guest_house,466.849.916,78.472.713,,
Interlaken,Olympiasieger,hotel,466.077.815,79.176.964,,