city,name,type,latitude,longitude,elevation
Zurich,Uetliberg,peak,473.496.439,84.911.346,869
Zurich,Adlisberg,peak,47.370.556,85.918.189,701
Zurich,Zürichberg,peak,473.856.804,85.668.775,676
Zurich,Chäferberg,peak,474.044.316,85.160.053,575
Zurich,Hönggerberg,peak,474.167.952,84.911.692,541
Zurich,Gubrist,peak,474.223.995,84.595.192,615
Zurich,Wassberg,peak,4.733.624,864.106,729
Zurich,Bergholz,peak,473.459.426,8.640.266,663
Zurich,Guglen,peak,47.347.611,86.270.473,708
Zurich,Ötlisberg,peak,473.585.035,86.087.908,696
Zurich,Ettenberg,peak,473.511.918,84.431.273,
Zurich,Hohenstein,peak,473.621.463,84.876.826,
Zurich,Fürhoger,peak,473.575.842,84.408.971,
Zurich,Liebisegg,peak,473.622.988,84.806.838,
Zurich,Egg,peak,473.629.912,8.423.367,
Zurich,Brand,peak,473.611.621,84.715.298,
Zurich,Felsenegg,peak,473.118.346,85.061.672,
Zurich,Buechhoger,peak,473.758.772,8.454.942,
Zurich,Waidberg,peak,474.028.318,85.140.926,583
Zurich,Ofengüpf,peak,473.447.452,84.866.442,
Zurich,,peak,473.146.676,85.058.049,
Zurich,Geburtshelferkröte (Frühsommer),nature_reserve,474.195.202,84.641.626,
Zurich,,peak,474.077.651,84.294.921,414
Zurich,Entlisberg,peak,473.299.709,85.212.981,524
Zurich,Biodiversitätsförderfläche Der GEWOBAG,nature_reserve,47.406.369,84.780.547,
Zurich,Büel,peak,473.284.822,86.241.515,652
Zurich,Sunnenberg,peak,473.154.019,84.784.512,
Zurich,Streuli,park,473.632.472,8.565.104,
Zurich,,park,473.631.129,85.645.897,
Zurich,Picknickplatz Chriesihoger,park,474.140.514,84.396.469,
Geneva,Petit Salève,peak,461.642.093,62.103.556,899
Geneva,Parc Moynier,park,462.194.397,61.509.008,
Geneva,Parc Mon-Repos,park,462.185.207,61.502.764,
Geneva,Parc Barton,park,462.222.216,61.511.104,
Geneva,Bois de la Gueule,nature_reserve,46.292.853,61.437.439,
Geneva,Bois des Douves,nature_reserve,46.292.002,61.344.136,
Geneva,,peak,462.205.306,61.085.765,
Geneva,Passe-de-Peney,nature_reserve,461.979.918,60.411.074,
Geneva,,park,462.208.067,61.075.818,
Geneva,Noie-tes-puces,park,461.863.853,61.456.209,
Geneva,Parc du Boulodrome,park,461.854.912,61.531.719,
Geneva,Mont Gosse,peak,461.661.916,62.332.606,628
Geneva,Parc du Château,park,462.537.524,6.073.697,
Geneva,Rotonde du Mont-Blanc,park,462.088.734,61.506.045,
Geneva,,peak,461.347.507,61.808.341,
Geneva,Parc Bizot,park,461.943.717,61.658.022,
Lucerne,Bürgenstock,peak,470.003.117,83.983.261,1127
Lucerne,Tomlishorn,peak,469.739.148,82.412.197,2128
Lucerne,Esel,peak,469.791.628,82.561.869,2118.7
Lucerne,Oberhaupt,peak,469.800.394,82.540.711,2106
Lucerne,Sonnenberg,peak,470.401.273,82.507.414,800
Lucerne,Klimsenhorn,peak,469.832.286,82.501.245,1907
Lucerne,Rotzberg,peak,469.642.955,8.336.595,672
Lucerne,Matthorn,peak,469.706.409,825.308,2041
Lucerne,Chastelendossen,peak,469.771.748,82.437.033,1883
Lucerne,Chrüzhubel,peak,470.270.054,82.094.526,998
Lucerne,Haslihorn,peak,469.759.208,83.071.591,961
Lucerne,Chrummhorn,peak,469.757.972,82.820.635,1254
Lucerne,Windegg,peak,469.776.705,82.710.148,1673
Lucerne,Rosegg,peak,469.798.031,8.261.719,1972
Lucerne,Steiglihorn,peak,469.780.598,82.624.645,1986
Lucerne,,peak,470.309.761,83.188.176,591
Lucerne,,peak,470.281.899,83.266.175,605
Lucerne,Röhrli,park,470.440.531,84.170.877,
Lucerne,Seebad Greppen,park,470.541.609,84.271.854,
Lucerne,Gibelegg,peak,470.105.298,82.503.926,1055
Lucerne,Höchberg,peak,470.044.655,82.296.491,1198
Lucerne,Würzenegg,peak,470.141.528,82.178.842,1174
Lucerne,Spielplatz,park,470.548.905,82.903.793,
Zermatt,Matterhorn,peak,459.764.263,76.586.024,4478
Zermatt,Weisshorn,peak,46.101.233,77.161.432,4505
Zermatt,Unterrothorn,peak,460.214.848,77.975.858,3103
Zermatt,Hohtälli,peak,459.890.139,78.022.288,3286
Zermatt,Klein Matterhorn,peak,459.383.601,77.298.888,3883
Zermatt,Zinalrothorn,peak,460.648.271,76.901.238,4221
Zermatt,Breithorn Occidentale / Westgipfel,peak,459.410.548,77.476.801,4164
Zermatt,Riffelhorn,peak,459.821.615,77.579.416,2927
Zermatt,Gugle,peak,459.988.231,77.669.625,2702
Zermatt,Mettelhorn,peak,460.556.697,77.416.766,3410
Zermatt,Trifthorn,peak,460.521.984,76.782.417,3737
Zermatt,Ober Gabelhorn,peak,460.385.988,76.680.403,4073
Zermatt,Mont Durand,peak,460.337.197,76.505.095,3712
Zermatt,Pointe de Zinal,peak,460.272.094,76.304.632,3790
Zermatt,Unter Gabelhorn,peak,46.026.192,76.967.811,3398
Zermatt,Oberrothorn,peak,460.275.389,78.127.956,3413
Zermatt,Bösentrift,peak,460.382.802,78.029.684,3253
Zermatt,Theodulhorn,peak,459.493.215,77.084.189,3472
Zermatt,Blattje,peak,459.505.529,78.262.138,2990
Zermatt,Stockhorn,peak,459.856.544,78.378.157,3532
Zermatt,Platthorn,peak,46.053.706,7.736.399,3345
Zermatt,Grabenhorn,peak,46.093.522,78.203.901,3372
Zermatt,Rote Nase,peak,459.871.412,78.124.531,3247
Zermatt,Stockhorn,peak,459.866.428,78.234.036,3405
Zermatt,Breithorn Centrale,peak,459.387.743,77.567.727,4159
Zermatt,Breithorn Orientale / Ostgipfel,peak,459.374.994,776.711,4139
Zermatt,Roccia Nera,peak,459.327.037,77.751.313,4075
Zermatt,Gemello del Breithorn,peak,459.358.378,77.703.575,4106
Zermatt,Leiterspitzen,peak,460.732.678,78.206.025,3409
Zermatt,Kinhorn,peak,460.771.081,7.833.943,3750
Zermatt,Schalihorn,peak,460.844.257,77.049.464,3974
Zermatt,,peak,460.869.827,77.057.238,3955
Zermatt,Furggen,peak,459.568.184,76.812.583,3492
Zermatt,Fluehorn,peak,460.232.862,78.283.108,3317
Zermatt,Pfulwe,peak,460.164.906,78.476.781,3314
Zermatt,Wissgrat,peak,460.590.668,78.423.126,3195
Zermatt,Sattelspitz,peak,460.463.535,78.038.481,3162
Zermatt,Spitzi Flue,peak,460.178.231,78.408.456,3260
Zermatt,,peak,459.814.768,7.671.924,3400
Zermatt,Besso,peak,460.777.578,76.587.807,3667
Zermatt,Wellenkuppe,peak,460.419.912,76.778.635,3903
Zermatt,Horn,peak,460.733.835,78.130.033,3214
Zermatt,,peak,460.754.069,78.318.374,3559
Zermatt,Troäre,peak,460.833.888,77.985.021,2396
Zermatt,,peak,460.509.107,78.562.426,3301
Zermatt,,peak,460.606.841,78.632.745,4165
Zermatt,Hirli,peak,459.902.385,769.688,2890
Zermatt,Pic Tyndall,peak,459.742.852,76.537.092,4241
Zermatt,Bielti,peak,460.028.228,7.726.527,
Zermatt,,peak,459.499.233,77.089.297,3454
Zermatt,Kleiner Pollux,peak,459.485.116,77.946.745,
Zermatt,Äbihorn,peak,460.207.199,76.535.813,3472
Zermatt,Gemsspitz,peak,460.075.145,76.344.895,3182
Zermatt,,peak,459.863.024,76.980.471,
Zermatt,Wisshorn,peak,46.036.951,77.345.039,2936
Zermatt,Le Mammouth,peak,460.637.207,76.535.545,3100
Zermatt,Dôme,peak,460.716.538,76.669.557,3650
Zermatt,Blanc de Moming,peak,460.737.036,76.644.955,3660
Zermatt,L'Epaule du Rothorn,peak,460.693.947,76.875.983,4016
Zermatt,Crête Nord de Moming,peak,460.776.281,76.997.414,3862
Zermatt,Furgghorn,peak,45.954.152,76.995.036,3451
Zermatt,Testa del Leone,peak,459.713.082,76.436.597,3715
Zermatt,,peak,460.252.839,76.316.666,3778
Zermatt,,peak,460.371.749,76.238.698,
Zermatt,,peak,460.138.396,7.630.975,
Zermatt,,peak,46.017.365,7.703.669,
Zermatt,,peak,460.179.908,77.124.667,
Zermatt,,peak,460.213.732,77.151.274,
Zermatt,,peak,460.478.591,77.365.207,
Zermatt,,peak,459.513.138,76.872.539,
Zermatt,,peak,460.870.729,78.238.105,
Zermatt,,peak,460.902.279,78.137.254,
Zermatt,,peak,460.584.617,7.852.478,3637
Zermatt,Gornergrat,peak,459.836.051,7.784.337,3100
Zermatt,Unter Äschhorn,peak,460.583.125,77.148.699,3617
Zermatt,Ober Äschhorn,peak,460.605.569,77.076.746,3668
Zermatt,Furgghorn,peak,460.539.815,77.222.056,3391
Zermatt,Unterrothorn,peak,46.020.826,77.975.443,3103
Zermatt,Bösentrift,peak,460.425.305,780.279,3248
Zermatt,Wisse Schijen,peak,46.093.837,77.431.297,3369
Zermatt,Hohwänghorn,peak,460.287.604,76.499.048,3671
Zermatt,Mittler Gabelhorn,peak,460.333.265,76.765.096,3685
Zermatt,Pointe du Mountet,peak,460.573.115,7.684.578,3839
Zermatt,Crête Sud de Moming,peak,460.727.608,7.695.203,3963
Zermatt,Stockchnubel,peak,459.793.783,78.318.831,3047
Zermatt,Gagenhaupt,peak,459.859.014,77.443.874,2568
Zermatt,Getschung,peak,460.651.602,77.512.788,2863
Zermatt,Unterer Blausatz,peak,460.069.027,76.370.488,3066
Zermatt,Strahlchnubel,peak,460.082.708,78.668.045,3243
Zermatt,Eseltschuggen,peak,460.504.731,76.968.039,3359
Zermatt,Dossen,peak,459.965.629,77.335.794,1954
Zermatt,Schwarzhörnli,peak,460.925.147,77.516.549,2963
Zermatt,Wisse Schijen Südgipfel,peak,46.090.343,77.437.584,3264
Interlaken,Gemmenalphorn,peak,467.319.632,7.806.639,2061
Interlaken,Sieben Hengste,peak,467.589.904,78.195.205,1952
Interlaken,Männlichen,peak,466.181.397,79.380.395,2345
Interlaken,Bire,peak,467.065.806,78.024.809,1500
Interlaken,Sigriswiler Rothorn,peak,467.306.919,77.704.094,2051
Interlaken,Augstmatthorn,peak,46.742.241,79.286.179,2137
Interlaken,Blasenhubel,peak,467.514.767,79.453.154,1940
Interlaken,Greberegg,peak,466.321.312,77.667.896,1595
Interlaken,Niederhorn,peak,467.117.062,77.770.938,1963
Interlaken,Oberberghorn,peak,466.591.874,79.137.003,2069
Interlaken,Kleiner Rugen,peak,466.762.546,78.596.958,733
Interlaken,Sulegg,peak,466.213.611,78.518.208,2413
Interlaken,Bällenhöchst,peak,466.312.148,78.582.073,2095
Interlaken,Morgenberghorn,peak,466.221.954,77.935.682,2248
Interlaken,Höhi Egg,peak,46.711.273,78.711.809,1628
Interlaken,Wannichnubel,peak,467.042.757,78.608.465,1585
Interlaken,Roteflue,peak,467.162.061,78.793.429,1731
Interlaken,Spitzi Flue,peak,467.165.858,77.486.323,1658
Interlaken,Burgfeldstand,peak,467.225.522,77.954.035,2063
Interlaken,Burst,peak,467.536.201,78.012.605,1968
Interlaken,Ramsgrind,peak,467.647.002,78.403.304,1659
Interlaken,Winterröscht,peak,467.484.367,78.939.129,1759
Interlaken,Bolberg,peak,467.530.696,78.835.699,1799
Interlaken,Stand,peak,467.682.085,78.913.916,1765
Interlaken,Suggiturm,peak,467.348.715,79.208.424,2085
Interlaken,Bira,peak,466.577.957,79.605.369,2400
Interlaken,Burg,peak,466.536.535,79.809.603,2207
Interlaken,Loucherhorn,peak,466.662.576,79.344.574,2230
Interlaken,Indoor Skiing,,46.681.132,78.781.249,
Interlaken,,peak,467.320.296,77.686.988,2034
Interlaken,Lobhörner,peak,466.025.654,78.442.503,2566
Interlaken,Schwabhoren,peak,466.837.044,79.893.819,2374
Interlaken,Roriwanghorn,peak,466.705.267,79.312.803,1968
Interlaken,,peak,467.645.554,78.278.519,1828
Interlaken,Gumihorn,peak,46.655.174,79.082.114,2100
Interlaken,Geiss,peak,466.533.359,79.094.569,
Interlaken,Daube,peak,466.561.187,79.070.098,2076
Interlaken,Rengghorn,peak,466.114.876,78.053.797,2013
Interlaken,Birchizand,peak,466.533.529,78.306.594,1605
Interlaken,Merra,peak,467.280.973,7.762.167,1953
Interlaken,Mittaghorn,peak,46.738.066,77.786.159,2013
Interlaken,,peak,467.108.438,77.482.376,
Interlaken,Wytlouwihoren,peak,467.439.311,79.299.636,2106
Interlaken,Bluemhorn,peak,467.530.552,77.976.123,1939
Interlaken,Schibe,peak,467.494.706,78.076.819,1955
Interlaken,Schönbüel,peak,467.240.643,79.046.039,1807
Interlaken,Leimere,peak,467.200.439,7.823.332,1659
Interlaken,Heitbüel,peak,46.764.996,79.095.231,1608
Interlaken,Uf Vorsess,peak,467.065.937,77.664.203,1761
Interlaken,Flöschhorn,peak,467.090.507,77.717.452,1898
Interlaken,Senggfluh,peak,467.061.846,79.520.975,695
Interlaken,Twiri,peak,46.747.507,78.782.737,1712
Interlaken,Guggihürli,peak,467.337.122,78.288.821,1820
Interlaken,,peak,466.935.684,78.163.424,
Interlaken,,peak,466.944.266,78.199.543,
Interlaken,Hüenderhubel,peak,466.946.799,78.184.195,1204
Interlaken,,peak,466.914.993,78.179.548,
Interlaken,,peak,466.956.934,78.191.887,
Interlaken,Kifferinseli,park,46.678.807,78.133.564,
Interlaken,Leiterhorn,peak,466.206.537,7.913.947,1515
Interlaken,Schwarzhore,peak,466.424.143,78.557.512,1561
Interlaken,Vreneli,peak,466.234.833,78.764.823,
Interlaken,Strandbad Neuhaus,park,466.778.692,78.169.608,
Interlaken,Gälba Schopf,peak,466.092.677,78.628.421,
Interlaken,Ars,peak,466.112.356,78.671.336,
Interlaken,,peak,467.398.511,77.627.121,1596
Interlaken,,peak,467.252.421,78.143.938,1838
Interlaken,,peak,467.265.381,7.767.563,1815
Interlaken,,peak,46.748.936,79.385.206,1888
Interlaken,Kleines Lobhorn,peak,466.028.248,78.410.803,2519
Interlaken,Schärihubel,peak,466.222.222,78.621.265,2124
Interlaken,Schnäbel,peak,466.066.313,78.408.775,2422
Interlaken,Schwarze Schopf,peak,466.056.034,78.544.257,2285
Interlaken,Ussri Sägissa,peak,466.664.054,79.559.572,2426
Interlaken,Tissel,peak,46.656.408,79.684.167,2190
Interlaken,Bira,peak,466.594.275,79.632.332,2456
Interlaken,Litschgiburg,peak,466.996.605,79.927.946,2069
Interlaken,Höchst,peak,467.642.212,78.840.444,1792
Interlaken,Bättenalpburg,peak,466.978.606,79.873.762,2135
Interlaken,Indri Sägissa,peak,466.689.165,79.635.474,2462
Interlaken,Hohtissel,peak,46.669.268,79.901.047,2500
Interlaken,Rotenegg,peak,46.640.058,78.130.043,1890
Interlaken,Gross-Schiffli,peak,466.315.927,78.048.103,2038
Interlaken,Burg,peak,46.661.048,79.510.846,2240
Interlaken,Grindegg,peak,466.192.775,79.251.522,1869
Interlaken,Roteflue,peak,466.815.461,79.577.359,2296
Interlaken,Grätli,peak,466.130.438,78.595.252,2109
Interlaken,Rengghuppi,peak,467.481.287,79.194.294,1699
Interlaken,Bärenbodengrind,peak,466.195.888,79.301.814,2021
Interlaken,Furggenhoren,peak,466.853.798,79.652.498,2170
Interlaken,Stellihorn,peak,466.570.382,79.445.273,2077
Interlaken,Nideri Sulegg,peak,466.143.709,78.458.283,2345
Interlaken,Doren,peak,466.067.931,78.126.961,1986
Interlaken,Bärepfadhorn,peak,46.652.856,79.402.555,1926
Interlaken,Burg,peak,466.139.129,78.113.876,1947