country,city,name,type
Portugal,Lisbon,Infância,park
Portugal,Lisbon,Monsanto,peak
Portugal,Lisbon,,peak
Portugal,Lisbon,Telheiras,peak
Portugal,Lisbon,Raposo,peak
Portugal,Lisbon,Fetais,peak
Portugal,Lisbon,Parque Infantil,park
Portugal,Lisbon,Zona Coberta com Mesa,park
Portugal,Lisbon,Jardim da Praça dos Mártires da Liberdade,park
Portugal,Lisbon,Largo das Garridas,park
Portugal,Lisbon,,park
Portugal,Lisbon,Parque canino,park
Portugal,Lisbon,Jardim Irmã Lúcia,park
Portugal,Porto,Santo Ovídio,peak
Portugal,Porto,,peak
Portugal,Porto,,peak
Portugal,Porto,Corim,peak
Portugal,Porto,Monte Crasto,peak
Portugal,Porto,skate park,park
Portugal,Porto,Seca do Bacalhau,park
Portugal,Porto,Parque Oriental (entrada norte),park
Portugal,Porto,,park
Portugal,Porto,Parque de São Caetano,park
Portugal,Porto,Monte Calvário,peak
Portugal,Sintra,Manique,peak
Portugal,Sintra,Cotão,peak
Portugal,Sintra,Cortegaça,peak
Portugal,Sintra,,peak
Portugal,Sintra,Suimo,peak
Portugal,Sintra,Cruz Alta,peak
Portugal,Sintra,Condado,peak
Portugal,Sintra,Monge,peak
Portugal,Sintra,Castelo dos Mouros,peak
Portugal,Sintra,Pedra Branca,peak
Portugal,Sintra,Peninha,peak
Portugal,Sintra,,peak
Portugal,Sintra,,peak
Portugal,Sintra,,peak
Portugal,Sintra,Pena,peak
Portugal,Sintra,,peak
Portugal,Sintra,Pedras da Granja,peak
Portugal,Sintra,Pedra Amarela,peak
Portugal,Sintra,Faião,peak
Portugal,Sintra,,peak
Portugal,Sintra,Monte Rodel,peak
Portugal,Sintra,,peak
Portugal,Sintra,Quantum Park,park
Portugal,Sintra,,park
Portugal,Sintra,Abel dos Santos,park
Portugal,Funchal,Chão dos Terreiros,peak
Portugal,Funchal,Alto,peak
Portugal,Funchal,Grande,peak
Portugal,Funchal,Torres,peak
Portugal,Funchal,Curral Martinho,peak
Portugal,Funchal,Pico do Areeiro,peak
Portugal,Funchal,Pico dos Barcelos,peak
Portugal,Funchal,Cruz,peak
Portugal,Funchal,Buxo,peak
Portugal,Funchal,Cavalo,peak
Portugal,Funchal,Cidrão,peak
Portugal,Funchal,Funcho,peak
Portugal,Funchal,Furão,peak
Portugal,Funchal,Gato,peak
Portugal,Funchal,Infante,peak
Portugal,Funchal,Serradinho,peak
Portugal,Funchal,Bardo,peak
Portugal,Funchal,Adaga,peak
Portugal,Funchal,Geada,peak
Portugal,Funchal,Ginda,peak
Portugal,Funchal,Galinheiros,peak
Portugal,Funchal,Torre,peak
Portugal,Funchal,Parque Florestal do Ribeiro Frio,nature_reserve
Portugal,Funchal,Volta da Malhada,peak
Portugal,Funchal,Nogueira,peak
Portugal,Funchal,Pedras,peak
Portugal,Funchal,Cedro,peak
Portugal,Funchal,Escalvado,peak
Portugal,Funchal,Juncal,peak
Portugal,Funchal,Prado,peak
Portugal,Funchal,Mesa,peak
Portugal,Funchal,Arrudas,peak
Portugal,Funchal,Romeiras,peak
Portugal,Funchal,arvore1,park
Portugal,Funchal,Cardo,peak
Portugal,Funchal,,peak
Portugal,Funchal,Meio,peak
Portugal,Funchal,,peak
Portugal,Funchal,Serrado,peak
Portugal,Funchal,Meires,peak
Portugal,Funchal,Lagoa,peak
Portugal,Funchal,Arrebentão,peak
Portugal,Funchal,Poiso,peak
Portugal,Funchal,Poço da Neve,peak
Portugal,Coimbra,,peak
Portugal,Coimbra,,peak
Portugal,Coimbra,Volta do Monte,peak
Portugal,Coimbra,Coicão,peak
Portugal,Coimbra,Chãs,peak
Portugal,Coimbra,,peak
Portugal,Coimbra,Cômoros,peak
Portugal,Coimbra,Sobreiro,peak
Portugal,Coimbra,Serra da Aveleira,peak
Portugal,Coimbra,Brasfemes,peak
Portugal,Coimbra,,peak
Portugal,Coimbra,,peak
Portugal,Coimbra,Logo de Deus,peak
Portugal,Coimbra,,peak
Portugal,Coimbra,Cruz de Morouços,peak
Portugal,Coimbra,Coimbra,peak
Portugal,Coimbra,,peak
Portugal,Coimbra,,peak
Portugal,Coimbra,,peak
Portugal,Coimbra,,peak
Portugal,Coimbra,,peak
Portugal,Coimbra,,peak
Portugal,Coimbra,,peak
Portugal,Coimbra,Bio-Reserva Senhora da Alegria,nature_reserve
Switzerland,Zurich,Uetliberg,peak
Switzerland,Zurich,Adlisberg,peak
Switzerland,Zurich,Zürichberg,peak
Switzerland,Zurich,Chäferberg,peak
Switzerland,Zurich,Hönggerberg,peak
Switzerland,Zurich,Gubrist,peak
Switzerland,Zurich,Wassberg,peak
Switzerland,Zurich,Bergholz,peak
Switzerland,Zurich,Guglen,peak
Switzerland,Zurich,Ötlisberg,peak
Switzerland,Zurich,Ettenberg,peak
Switzerland,Zurich,Hohenstein,peak
Switzerland,Zurich,Fürhoger,peak
Switzerland,Zurich,Liebisegg,peak
Switzerland,Zurich,Egg,peak
Switzerland,Zurich,Brand,peak
Switzerland,Zurich,Felsenegg,peak
Switzerland,Zurich,Buechhoger,peak
Switzerland,Zurich,Waidberg,peak
Switzerland,Zurich,Ofengüpf,peak
Switzerland,Zurich,,peak
Switzerland,Zurich,Geburtshelferkröte (Frühsommer),nature_reserve
Switzerland,Zurich,,peak
Switzerland,Zurich,Entlisberg,peak
Switzerland,Zurich,Biodiversitätsförderfläche Der GEWOBAG,nature_reserve
Switzerland,Zurich,Büel,peak
Switzerland,Zurich,Sunnenberg,peak
Switzerland,Zurich,Streuli,park
Switzerland,Zurich,,park
Switzerland,Zurich,Picknickplatz Chriesihoger,park
Switzerland,Geneva,Petit Salève,peak
Switzerland,Geneva,Parc Moynier,park
Switzerland,Geneva,Parc Mon-Repos,park
Switzerland,Geneva,Parc Barton,park
Switzerland,Geneva,Bois de la Gueule,nature_reserve
Switzerland,Geneva,Bois des Douves,nature_reserve
Switzerland,Geneva,,peak
Switzerland,Geneva,Passe-de-Peney,nature_reserve
Switzerland,Geneva,,park
Switzerland,Geneva,Noie-tes-puces,park
Switzerland,Geneva,Parc du Boulodrome,park
Switzerland,Geneva,Mont Gosse,peak
Switzerland,Geneva,Parc du Château,park
Switzerland,Geneva,Rotonde du Mont-Blanc,park
Switzerland,Geneva,,peak
Switzerland,Geneva,Parc Bizot,park
Switzerland,Lucerne,Bürgenstock,peak
Switzerland,Lucerne,Tomlishorn,peak
Switzerland,Lucerne,Esel,peak
Switzerland,Lucerne,Oberhaupt,peak
Switzerland,Lucerne,Sonnenberg,peak
Switzerland,Lucerne,Klimsenhorn,peak
Switzerland,Lucerne,Rotzberg,peak
Switzerland,Lucerne,Matthorn,peak
Switzerland,Lucerne,Chastelendossen,peak
Switzerland,Lucerne,Chrüzhubel,peak
Switzerland,Lucerne,Haslihorn,peak
Switzerland,Lucerne,Chrummhorn,peak
Switzerland,Lucerne,Windegg,peak
Switzerland,Lucerne,Rosegg,peak
Switzerland,Lucerne,Steiglihorn,peak
Switzerland,Lucerne,,peak
Switzerland,Lucerne,,peak
Switzerland,Lucerne,Röhrli,park
Switzerland,Lucerne,Seebad Greppen,park
Switzerland,Lucerne,Gibelegg,peak
Switzerland,Lucerne,Höchberg,peak
Switzerland,Lucerne,Würzenegg,peak
Switzerland,Lucerne,Spielplatz,park
Switzerland,Zermatt,Matterhorn,peak
Switzerland,Zermatt,Weisshorn,peak
Switzerland,Zermatt,Unterrothorn,peak
Switzerland,Zermatt,Hohtälli,peak
Switzerland,Zermatt,Klein Matterhorn,peak
Switzerland,Zermatt,Zinalrothorn,peak
Switzerland,Zermatt,Breithorn Occidentale / Westgipfel,peak
Switzerland,Zermatt,Riffelhorn,peak
Switzerland,Zermatt,Gugle,peak
Switzerland,Zermatt,Mettelhorn,peak
Switzerland,Zermatt,Trifthorn,peak
Switzerland,Zermatt,Ober Gabelhorn,peak
Switzerland,Zermatt,Mont Durand,peak
Switzerland,Zermatt,Pointe de Zinal,peak
Switzerland,Zermatt,Unter Gabelhorn,peak
Switzerland,Zermatt,Oberrothorn,peak
Switzerland,Zermatt,Bösentrift,peak
Switzerland,Zermatt,Theodulhorn,peak
Switzerland,Zermatt,Blattje,peak
Switzerland,Zermatt,Stockhorn,peak
Switzerland,Zermatt,Platthorn,peak
Switzerland,Zermatt,Grabenhorn,peak
Switzerland,Zermatt,Rote Nase,peak
Switzerland,Zermatt,Stockhorn,peak
Switzerland,Zermatt,Breithorn Centrale,peak
Switzerland,Zermatt,Breithorn Orientale / Ostgipfel,peak
Switzerland,Zermatt,Roccia Nera,peak
Switzerland,Zermatt,Gemello del Breithorn,peak
Switzerland,Zermatt,Leiterspitzen,peak
Switzerland,Zermatt,Kinhorn,peak
Switzerland,Zermatt,Schalihorn,peak
Switzerland,Zermatt,,peak
Switzerland,Zermatt,Furggen,peak
Switzerland,Zermatt,Fluehorn,peak
Switzerland,Zermatt,Pfulwe,peak
Switzerland,Zermatt,Wissgrat,peak
Switzerland,Zermatt,Sattelspitz,peak
Switzerland,Zermatt,Spitzi Flue,peak
Switzerland,Zermatt,,peak
Switzerland,Zermatt,Besso,peak
Switzerland,Zermatt,Wellenkuppe,peak
Switzerland,Zermatt,Horn,peak
Switzerland,Zermatt,,peak
Switzerland,Zermatt,Troäre,peak
Switzerland,Zermatt,,peak
Switzerland,Zermatt,,peak
Switzerland,Zermatt,Hirli,peak
Switzerland,Zermatt,Pic Tyndall,peak
Switzerland,Zermatt,Bielti,peak
Switzerland,Zermatt,,peak
Switzerland,Zermatt,Kleiner Pollux,peak
Switzerland,Zermatt,Äbihorn,peak
Switzerland,Zermatt,Gemsspitz,peak
Switzerland,Zermatt,,peak
Switzerland,Zermatt,Wisshorn,peak
Switzerland,Zermatt,Le Mammouth,peak
Switzerland,Zermatt,Dôme,peak
Switzerland,Zermatt,Blanc de Moming,peak
Switzerland,Zermatt,L'Epaule du Rothorn,peak
Switzerland,Zermatt,Crête Nord de Moming,peak
Switzerland,Zermatt,Furgghorn,peak
Switzerland,Zermatt,Testa del Leone,peak
Switzerland,Zermatt,,peak
Switzerland,Zermatt,,peak
Switzerland,Zermatt,,peak
Switzerland,Zermatt,,peak
Switzerland,Zermatt,,peak
Switzerland,Zermatt,,peak
Switzerland,Zermatt,,peak
Switzerland,Zermatt,,peak
Switzerland,Zermatt,,peak
Switzerland,Zermatt,,peak
Switzerland,Zermatt,,peak
Switzerland,Zermatt,Gornergrat,peak
Switzerland,Zermatt,Unter Äschhorn,peak
Switzerland,Zermatt,Ober Äschhorn,peak
Switzerland,Zermatt,Furgghorn,peak
Switzerland,Zermatt,Unterrothorn,peak
Switzerland,Zermatt,Bösentrift,peak
Switzerland,Zermatt,Wisse Schijen,peak
Switzerland,Zermatt,Hohwänghorn,peak
Switzerland,Zermatt,Mittler Gabelhorn,peak
Switzerland,Zermatt,Pointe du Mountet,peak
Switzerland,Zermatt,Crête Sud de Moming,peak
Switzerland,Zermatt,Stockchnubel,peak
Switzerland,Zermatt,Gagenhaupt,peak
Switzerland,Zermatt,Getschung,peak
Switzerland,Zermatt,Unterer Blausatz,peak
Switzerland,Zermatt,Strahlchnubel,peak
Switzerland,Zermatt,Eseltschuggen,peak
Switzerland,Zermatt,Dossen,peak
Switzerland,Zermatt,Schwarzhörnli,peak
Switzerland,Zermatt,Wisse Schijen Südgipfel,peak
Switzerland,Interlaken,Gemmenalphorn,peak
Switzerland,Interlaken,Sieben Hengste,peak
Switzerland,Interlaken,Männlichen,peak
Switzerland,Interlaken,Bire,peak
Switzerland,Interlaken,Sigriswiler Rothorn,peak
Switzerland,Interlaken,Augstmatthorn,peak
Switzerland,Interlaken,Blasenhubel,peak
Switzerland,Interlaken,Greberegg,peak
Switzerland,Interlaken,Niederhorn,peak
Switzerland,Interlaken,Oberberghorn,peak
Switzerland,Interlaken,Kleiner Rugen,peak
Switzerland,Interlaken,Sulegg,peak
Switzerland,Interlaken,Bällenhöchst,peak
Switzerland,Interlaken,Morgenberghorn,peak
Switzerland,Interlaken,Höhi Egg,peak
Switzerland,Interlaken,Wannichnubel,peak
Switzerland,Interlaken,Roteflue,peak
Switzerland,Interlaken,Spitzi Flue,peak
Switzerland,Interlaken,Burgfeldstand,peak
Switzerland,Interlaken,Burst,peak
Switzerland,Interlaken,Ramsgrind,peak
Switzerland,Interlaken,Winterröscht,peak
Switzerland,Interlaken,Bolberg,peak
Switzerland,Interlaken,Stand,peak
Switzerland,Interlaken,Suggiturm,peak
Switzerland,Interlaken,Bira,peak
Switzerland,Interlaken,Burg,peak
Switzerland,Interlaken,Loucherhorn,peak
Switzerland,Interlaken,Indoor Skiing,
Switzerland,Interlaken,,peak
Switzerland,Interlaken,Lobhörner,peak
Switzerland,Interlaken,Schwabhoren,peak
Switzerland,Interlaken,Roriwanghorn,peak
Switzerland,Interlaken,,peak
Switzerland,Interlaken,Gumihorn,peak
Switzerland,Interlaken,Geiss,peak
Switzerland,Interlaken,Daube,peak
Switzerland,Interlaken,Rengghorn,peak
Switzerland,Interlaken,Birchizand,peak
Switzerland,Interlaken,Merra,peak
Switzerland,Interlaken,Mittaghorn,peak
Switzerland,Interlaken,,peak
Switzerland,Interlaken,Wytlouwihoren,peak
Switzerland,Interlaken,Bluemhorn,peak
Switzerland,Interlaken,Schibe,peak
Switzerland,Interlaken,Schönbüel,peak
Switzerland,Interlaken,Leimere,peak
Switzerland,Interlaken,Heitbüel,peak
Switzerland,Interlaken,Uf Vorsess,peak
Switzerland,Interlaken,Flöschhorn,peak
Switzerland,Interlaken,Senggfluh,peak
Switzerland,Interlaken,Twiri,peak
Switzerland,Interlaken,Guggihürli,peak
Switzerland,Interlaken,,peak
Switzerland,Interlaken,,peak
Switzerland,Interlaken,Hüenderhubel,peak
Switzerland,Interlaken,,peak
Switzerland,Interlaken,,peak
Switzerland,Interlaken,Kifferinseli,park
Switzerland,Interlaken,Leiterhorn,peak
Switzerland,Interlaken,Schwarzhore,peak
Switzerland,Interlaken,Vreneli,peak
Switzerland,Interlaken,Strandbad Neuhaus,park
Switzerland,Interlaken,Gälba Schopf,peak
Switzerland,Interlaken,Ars,peak
Switzerland,Interlaken,,peak
Switzerland,Interlaken,,peak
Switzerland,Interlaken,,peak
Switzerland,Interlaken,,peak
Switzerland,Interlaken,Kleines Lobhorn,peak
Switzerland,Interlaken,Schärihubel,peak
Switzerland,Interlaken,Schnäbel,peak
Switzerland,Interlaken,Schwarze Schopf,peak
Switzerland,Interlaken,Ussri Sägissa,peak
Switzerland,Interlaken,Tissel,peak
Switzerland,Interlaken,Bira,peak
Switzerland,Interlaken,Litschgiburg,peak
Switzerland,Interlaken,Höchst,peak
Switzerland,Interlaken,Bättenalpburg,peak
Switzerland,Interlaken,Indri Sägissa,peak
Switzerland,Interlaken,Hohtissel,peak
Switzerland,Interlaken,Rotenegg,peak
Switzerland,Interlaken,Gross-Schiffli,peak
Switzerland,Interlaken,Burg,peak
Switzerland,Interlaken,Grindegg,peak
Switzerland,Interlaken,Roteflue,peak
Switzerland,Interlaken,Grätli,peak
Switzerland,Interlaken,Rengghuppi,peak
Switzerland,Interlaken,Bärenbodengrind,peak
Switzerland,Interlaken,Furggenhoren,peak
Switzerland,Interlaken,Stellihorn,peak
Switzerland,Interlaken,Nideri Sulegg,peak
Switzerland,Interlaken,Doren,peak
Switzerland,Interlaken,Bärepfadhorn,peak
Switzerland,Interlaken,Burg,peak
Greece,Athens,Λυκαβηττός,peak
Greece,Athens,Κορακοβούνι (Β),peak
Greece,Athens,,peak
Greece,Athens,Καστέλλα,peak
Greece,Athens,Λόφος Φιλοπάππου,peak
Greece,Athens,Άρειος Πάγος Aereopago Atene,peak
Greece,Athens,,park
Greece,Athens,,peak
Greece,Athens,Λόφος Καλογήρου,peak
Greece,Athens,Κορακοβούνι,peak
Greece,Athens,Αιγάλεω Όρος,peak
Greece,Athens,Λόφος Κυνοσάργους,peak
Greece,Athens,Αιγάλεω Όρος,peak
Greece,Athens,,peak
Greece,Athens,,peak
Greece,Athens,,peak
Greece,Athens,Κόρακας,peak
Greece,Athens,Λόφος Νυμφών,peak
Greece,Athens,Λόφος Πνύκας,peak
Greece,Athens,,peak
Greece,Athens,,peak
Greece,Athens,,peak
Greece,Athens,,peak
Greece,Athens,,peak
Greece,Athens,ΝιεσΚου,park
Greece,Athens,,park
Greece,Athens,Μικρό πάρκο Κτελ,park
Greece,Athens,,peak
Greece,Athens,Κακόρεμα,peak
Greece,Athens,,peak
Greece,Athens,,peak
Greece,Athens,Τηγάνι,peak
Greece,Athens,Κύλλου Πήρα,peak
Greece,Athens,,peak
Greece,Athens,Αρδηττός,peak
Greece,Athens,,peak
Greece,Athens,Αλεποβούνι,peak
Greece,Athens,Προφήτης Ηλίας,peak
Greece,Athens,,peak
Greece,Athens,,peak
Greece,Athens,Ταμπούρι,peak
Greece,Athens,Κορυδαλλός,peak
Greece,Athens,Λόφος Κόκκου,peak
Greece,Athens,Τουρκοβούνια,peak
Greece,Athens,Καψαλώνα,peak
Greece,Athens,,peak
Greece,Athens,Κασκαντάμι,peak
Greece,Athens,Κατσικαδάμι,peak
Greece,Athens,Ζαχαρίτσα,peak
Greece,Athens,Κούκος,peak
Greece,Athens,Πάρκο υιοθετημένων δέντρων Γαλατσίου,park
Greece,Athens,Λόφος Γρανικού,peak
Greece,Athens,Άλσος Φολλερω Ραούλ και Μαγδαληνής,park
Greece,Athens,Άλσος Σταυριάνας,park
Greece,Athens,Δημοτικό Πάρκο Σκύλων Νέου Ηρακλείου,park
Greece,Athens,Εύζωνας,peak
Greece,Athens,,park
Greece,Thessaloniki,Ιππικός όμιλος ΚΤΗΜΑ ΔΕΔΑ,park
Greece,Thessaloniki,Κράνος,peak
Greece,Thessaloniki,Άρτεμις,peak
Greece,Thessaloniki,Πάρκο Γαλανού,park
Greece,Thessaloniki,Τούμπα,peak
Greece,Thessaloniki,Αμύντα,peak
Greece,Thessaloniki,Σταυρός,peak
Greece,Thessaloniki,Σκοτωμένος,peak
Greece,Thessaloniki,Δυο Τούμπες,peak
Greece,Thessaloniki,Αράπη Λόφος,peak
Greece,Thessaloniki,Τούμπα Πολίχνης,peak
Greece,Thessaloniki,Μαύρος Λόφος (Καρά Τεπέ),peak
Greece,Thessaloniki,Καρατάσιου,park
Greece,Thessaloniki,Προφήτης Ηλίας,peak
Greece,Thessaloniki,,peak
Greece,Thessaloniki,220,peak
Greece,Thessaloniki,268,peak
Greece,Thessaloniki,Τούζλα,peak
Greece,Thessaloniki,Κορυδαλλός,peak
Greece,Thessaloniki,Κωνσταντίνος,peak
Greece,Thessaloniki,Άγιος Παντελεήμων,peak
Greece,Thessaloniki,Πολύζος,peak
Greece,Thessaloniki,Πάρκο Προποντίδος,park
Greece,Thessaloniki,Κόκκινος Λόφος,peak
Greece,Thessaloniki,Μαύρη Πέτρα,peak
Greece,Thessaloniki,Τραπέζι,peak
Greece,Thessaloniki,,peak
Greece,Thessaloniki,Ακρόπολη,peak
Greece,Thessaloniki,Πτηνοτροφεία (κορυφή),peak
Greece,Thessaloniki,,peak
Greece,Thessaloniki,Εικονοστάσι,peak
Greece,Thessaloniki,Κρυσταλλένια,peak
Greece,Thessaloniki,Μαύρη Πέτρα,peak
Greece,Thessaloniki,Λαγουδάκι,peak
Greece,Thessaloniki,Λαγοκορυφή,peak
Greece,Thessaloniki,Ξερή Ρεματιά,peak
Greece,Santorini,Προφήτης Ηλίας,peak
Greece,Santorini,Σκάρος,peak
Greece,Santorini,,peak
Greece,Santorini,,peak
Greece,Santorini,,peak
Greece,Santorini,,peak
Greece,Santorini,,peak
Greece,Santorini,,peak
Greece,Santorini,,peak
Greece,Santorini,Μέσα Βουνό,peak
Greece,Santorini,,peak
Greece,Santorini,,peak
Greece,Mykonos,Κύνθος,peak
Greece,Mykonos,,peak
Greece,Mykonos,,peak
Greece,Mykonos,Γκαμήλα,peak
Greece,Rhodes,Φιλέρημος,peak
Greece,Rhodes,,peak
Greece,Rhodes,Χάρακας,peak
Greece,Rhodes,,peak
Greece,Rhodes,,peak
Greece,Rhodes,,peak
Greece,Rhodes,,peak
Greece,Rhodes,,peak
Greece,Rhodes,,peak
Greece,Rhodes,,peak
Greece,Rhodes,,peak
Greece,Rhodes,,peak
Greece,Rhodes,,peak
Greece,Rhodes,,peak
Greece,Rhodes,,peak
Greece,Rhodes,,peak
Greece,Rhodes,,peak
Greece,Rhodes,,peak
Greece,Rhodes,,peak
Greece,Rhodes,,peak
Greece,Rhodes,,peak
Greece,Rhodes,,peak
Greece,Rhodes,,peak
Greece,Rhodes,,peak
Greece,Rhodes,,peak
Greece,Rhodes,,peak
Greece,Rhodes,,peak
Greece,Rhodes,,peak
Greece,Rhodes,,peak
Greece,Rhodes,,peak
Greece,Rhodes,,peak
Greece,Rhodes,,peak
Greece,Rhodes,,peak
Greece,Rhodes,,peak
Greece,Rhodes,,peak
Italy,Rome,Monte Mario,peak
Italy,Rome,Parco per bambini,park
Italy,Rome,Monte Ciocci,peak
Italy,Rome,Cedro 1,park
Italy,Rome,Cedro 2,park
Italy,Rome,Magnolia,park
Italy,Rome,Colle Vaticano,peak
Italy,Rome,Villa Strohl Fern,park
Italy,Rome,Parco Villa Flaviana,park
Italy,Rome,,park
Italy,Rome,,park
Italy,Rome,,park
Italy,Rome,,park
Italy,Rome,Parco giochi,park
Italy,Rome,Collina INA,peak
Italy,Rome,,park
Italy,Milan,Monte Stella,peak
Italy,Milan,Collina del Parco Lambro,peak
Italy,Milan,Parco Torri,park
Italy,Milan,Chiostro Refaat Alareer,park
Italy,Florence,Poggio Pratone,peak
Italy,Florence,Monte Acuto,peak
Italy,Florence,Poggio Balletto,peak
Italy,Florence,Poggio Caselli,peak
Italy,Florence,Monte Cuccioli,peak
Italy,Florence,Monte Sant'Antonio,peak
Italy,Florence,Monte delle Sante Marie,peak
Italy,Florence,Monte di Meccoli,peak
Italy,Florence,Poggio Balestrieri,peak
Italy,Florence,Poggio Terra Bianca,peak
Italy,Florence,Poggio dell'Incontro,peak
Italy,Florence,Poggio al Giro,peak
Italy,Florence,La Poggiona,peak
Italy,Florence,Poggio Issi,peak
Italy,Florence,Poggio Valicaia,peak
Italy,Florence,Poggio delle Monache,peak
Italy,Florence,,park
Italy,Florence,Poggio al Torrino,peak
Italy,Florence,,peak
Italy,Florence,,peak
Italy,Florence,La Cipressa,park
Italy,Florence,Monte Pilli,peak
Italy,Florence,Monte Ceceri,peak
Italy,Florence,Poggio alle Tortore,peak
Italy,Florence,Cancello,park
Italy,Florence,,peak
Italy,Florence,Monte Govino,peak
Italy,Florence,Monte Rinaldi,peak
Italy,Florence,Poggio San Francesco,peak
Italy,Florence,Montenopoli,peak
Italy,Florence,Montepiano,peak
Italy,Florence,Monterivecchi,peak
Italy,Florence,Poggio Panichi,peak
Italy,Florence,Poggio Magrini,peak
Italy,Florence,Monte Muscoli,peak
Italy,Florence,Poggio Uccellare,peak
Italy,Venice,,park
Italy,Naples,Monte Spina,peak
Italy,Naples,Monte Echia,peak
Italy,Naples,Parco Urbano Meravilla,park
Italy,Naples,"Lungomare di Napoli, Via Francesco Caracciolo",park
Italy,Naples,Parco pubblico comunale,park
Italy,Naples,Giardinetti,park
Italy,Naples,Parco Giorgio Ascarelli,park
Italy,Naples,Pinnetina Monterosa,park
Italy,Naples,Parco Nani,park
Italy,Naples,Parco Urbano dei Camaldoli (Ingresso Sud),park
Italy,Naples,Collina dei Camaldoli,peak
Italy,Naples,Monte Coroglio,peak
Italy,Naples,,peak
Italy,Naples,Collina del Vomero,peak
Italy,Naples,Area 3,park
Italy,Naples,Area 4,park
Italy,Naples,Area 1,park
Italy,Naples,Area 2,park
Spain,Madrid,La Atalaya,peak
Spain,Madrid,Montaña de los gatos,peak
Spain,Madrid,Cerro de Morán,peak
Spain,Madrid,Cerro Almodóvar,peak
Spain,Madrid,Cerro de Garabitas,peak
Spain,Madrid,Parque de la Arganzuela,park
Spain,Madrid,Cerro de los Locos o de las Balas,peak
Spain,Madrid,Alto del Mojón,peak
Spain,Madrid,Mirador del Parque Lineal del Manzanares,peak
Spain,Madrid,Cerro de la Sartén,peak
Spain,Madrid,Cerro de las Figuras,peak
Spain,Madrid,Cerro de las Ánimas,peak
Spain,Madrid,,peak
Spain,Madrid,,peak
Spain,Madrid,,peak
Spain,Madrid,,peak
Spain,Madrid,,peak
Spain,Madrid,,peak
Spain,Madrid,,peak
Spain,Madrid,,peak
Spain,Madrid,,peak
Spain,Madrid,,peak
Spain,Madrid,,peak
Spain,Madrid,,peak
Spain,Madrid,,peak
Spain,Madrid,Cerro de las Canteras,peak
Spain,Madrid,,peak
Spain,Madrid,,peak
Spain,Madrid,,peak
Spain,Madrid,,peak
Spain,Madrid,Parque Estafeta,park
Spain,Madrid,Cerro de San Isidro,peak
Spain,Madrid,Microjardín Huerta del Bayo,park
Spain,Madrid,00 Calle Doctor Fourquet Campana,park
Spain,Madrid,La Sanchita,park
Spain,Madrid,,park
Spain,Madrid,Zona para Cometas,park
Spain,Madrid,Cerro de la Mica,peak
Spain,Madrid,,park
Spain,Madrid,,peak
Spain,Madrid,,peak
Spain,Madrid,Cerro del Espinillo,peak
Spain,Madrid,,peak
Spain,Madrid,,peak
Spain,Madrid,Plaza del Picadero,park
Spain,Madrid,,peak
Spain,Madrid,,peak
Spain,Madrid,,peak
Spain,Madrid,,peak
Spain,Madrid,,peak
Spain,Madrid,,peak
Spain,Madrid,,peak
Spain,Madrid,,peak
Spain,Madrid,,peak
Spain,Madrid,,peak
Spain,Madrid,,peak
Spain,Madrid,,peak
Spain,Madrid,,peak
Spain,Madrid,,peak
Spain,Madrid,,peak
Spain,Madrid,,peak
Spain,Madrid,,peak
Spain,Madrid,,peak
Spain,Madrid,,peak
Spain,Madrid,,peak
Spain,Madrid,,peak
Spain,Madrid,,peak
Spain,Madrid,,peak
Spain,Madrid,Parque Infantil Blas de Otero,park
Spain,Barcelona,Turó de Collserola,peak
Spain,Barcelona,Turó de Miralluna,peak
Spain,Barcelona,Turó del Puig,peak
Spain,Barcelona,Turó del Penitent,peak
Spain,Barcelona,Turó dels Mussols,peak
Spain,Barcelona,Turó d'en Ferrer,peak
Spain,Barcelona,Turó de Sant Cebrià,peak
Spain,Barcelona,Turó de Santa Maria,peak
Spain,Barcelona,Turó del Maltall de Magarola,peak
Spain,Barcelona,Turó de Valldaura,peak
Spain,Barcelona,Turó del Trac,peak
Spain,Barcelona,Sant Pere Màrtir,peak
Spain,Barcelona,Turó de Mont,peak
Spain,Barcelona,Turó de la Peira,peak
Spain,Barcelona,Turó d'en Corts,peak
Spain,Barcelona,Turó de la Rovira,peak
Spain,Barcelona,el Tibidabo,peak
Spain,Barcelona,Penya del Moro,peak
Spain,Barcelona,,peak
Spain,Barcelona,Mont Tàber,peak
Spain,Barcelona,Turó de Can Cerdà,peak
Spain,Barcelona,Turó de Monterols,peak
Spain,Barcelona,Turó de Roquetes,peak
Spain,Barcelona,Turó de la Coscollera,peak
Spain,Barcelona,Turó de Quatre Pins,peak
Spain,Barcelona,Turó de l'Espiral,peak
Spain,Barcelona,Turó de Sant Adjutori,peak
Spain,Barcelona,Turó Rodó,peak
Spain,Barcelona,Muntanya Pelada,peak
Spain,Barcelona,Coll del Portell,peak
Spain,Barcelona,Turó d'en Gras,peak
Spain,Barcelona,Turó Sul,peak
Spain,Barcelona,Turó Blau,peak
Spain,Barcelona,Turó d'en Segarra,peak
Spain,Barcelona,Turó del Mallol,peak
Spain,Barcelona,Turó de Sant Medir,peak
Spain,Barcelona,Turó de l'Alzinar,peak
Spain,Barcelona,Turó d'en Balasc,peak
Spain,Barcelona,Turó del Fumet,peak
Spain,Barcelona,Turó d'en Serra,peak
Spain,Barcelona,Turó de Can Mallol,peak
Spain,Barcelona,Turó de la Peça,peak
Spain,Barcelona,Turó de Castellví,peak
Spain,Barcelona,,peak
Spain,Barcelona,Puig Castellar,peak
Spain,Barcelona,Turó del Temple,peak
Spain,Barcelona,Turó d'en Ramoneda,peak
Spain,Barcelona,Turó del Carmel,peak
Spain,Barcelona,Turó de la Creueta del Coll,peak
Spain,Barcelona,Turó de les Tres Creus,peak
Spain,Barcelona,Turó del Putxet,peak
Spain,Barcelona,Turó de Modolell,peak
Spain,Barcelona,Turó alt d'en Solanes,peak
Spain,Barcelona,Turó de la Tina,peak
Spain,Barcelona,Turó d'en Merlès,peak
Spain,Barcelona,Turó de la Qüestió,peak
Spain,Barcelona,Turó de la Font Groga,peak
Spain,Barcelona,Turó de Llevallol,peak
Spain,Barcelona,Montjuïc,peak
Spain,Barcelona,Turó d'en Fotja,peak
Spain,Barcelona,Turó de la Qüestió,peak
Spain,Barcelona,Turó de la Guinardera,peak
Spain,Seville,Cerro Blanco,peak
Spain,Seville,Cerro de Santa Brígida,peak
Spain,Seville,"Aula de la Naturaleza ""Laguna Fuente del Rey""",park
Spain,Seville,Cerro de El Carambolo,peak
Spain,Seville,,park
Spain,Seville,,park
Spain,Seville,,park
Spain,Seville,,park
Spain,Seville,Plaza Doctor Andreu Urra,park
Spain,Seville,,park
Spain,Seville,Plaza Ingeniero Manuel Ríos,park
Spain,Seville,Parque Juan Castellano Martín,park
Spain,Seville,Plaza del Señor de la Resurrección,park
Spain,Seville,Glorieta Doña María García Montero,park
Spain,Seville,Plaza Francisca de Chaves,park
Spain,Seville,Parque María Gómez Lobo,park
Spain,Seville,Plaza Profesor Hugo Galera,park
Spain,Seville,Plaza las Constelaciones,park
Spain,Seville,Parque Fábrica de Contadores,park
Spain,Seville,Plaza Vicente Gallego,park
Spain,Seville,Plaza del Retiro,park
Spain,Seville,Plaza de las Cadenas,park
Spain,Seville,Jardines Marta del Castillo,park
Spain,Seville,Plaza Joaquín Morón,park
Spain,Seville,Plaza Poeta Luis Chamizo,park
Spain,Seville,Jardín Pepe da Rosa,park
Spain,Seville,Plaza Antonio Martín Caro,park
Spain,Seville,Rincón Manuel Molina,park
Spain,Seville,Plaza de la Virgen Milagrosa,park
Spain,Seville,Jardines de Felipe II,park
Spain,Seville,Plaza Las Constelaciones,park
Spain,Seville,Plaza de los Maldonados,park
Spain,Seville,Plaza Pedro Zerolo,park
Spain,Seville,Plaza Antonio Pozuelo Méndez,park
Spain,Seville,Plaza José Morgado Medina,park
Spain,Seville,Glorieta Astillero de Sevilla,park
Spain,Seville,Plaza Presidenta Loli Morales,park
Spain,Seville,Glorieta Bebés Robados,park
Spain,Seville,Plaza Eugenia Osuna Ansio,park
Spain,Seville,Plaza El Olivo,park
Spain,Seville,Plaza La Autonomía,park
Spain,Seville,Glorieta de Blas Infante,park
Spain,Seville,Plaza Manuel Garrido,park
Spain,Seville,Plaza San Antonio de Padua,park
Spain,Seville,Parque Luis Manuel Olivencia Brugger,park
Spain,Seville,Plaza Manolo Caracol,park
Spain,Seville,Glorieta Elvira y Fabiola Fiances,park
Spain,Seville,Plazuela del Marqués de la Vega Inclán,park
Spain,Seville,Plaza Cantores de Hispalis,park
Spain,Seville,Plazoleta Pepe Moreno,park
Spain,Seville,Plaza Ramón Ybarra llosent,park
Spain,Seville,Plaza Nuestro Padre Jesús de la Salud,park
Spain,Seville,Plaza Esperanza Macarena,park
Spain,Seville,Parque Chano Lobato,park
Spain,Seville,Jardín Periodista Valentín García,park
Spain,Seville,Plaza Organista Padre Ayarra,park
Spain,Seville,Jardines de Murillo,park
Spain,Seville,Parque Vecinal Pulmón Verde,park
Spain,Valencia,Jardins de l´Alqueria Nova,park
Spain,Valencia,,park
Spain,Valencia,Jardins del Castell,park
Spain,Valencia,,park
Spain,Valencia,Parc de Miguel Ángel Blanco,park
Spain,Valencia,Punt 1,park
Spain,Granada,Alto del Cierzo,peak
Spain,Granada,La Atalaya,peak
Spain,Granada,Monte Jate,peak
Spain,Granada,Majojos,peak
Spain,Granada,Cerro de Don Luis,peak
Spain,Granada,Cerro del Señorico,peak
Spain,Granada,Cerro de Loma Redonda,peak
Spain,Granada,Cerro de la Cruz,peak
Spain,Granada,Cerro Gordo,peak
Spain,Granada,Cerro Pindorón,peak
Spain,Granada,Cerro de la Huelga,peak
Spain,Granada,Cerro de Fuente Fría,peak
Spain,Granada,Cerro Viñaero,peak
Spain,Granada,Cerro de la Cruz,peak
Spain,Granada,Peña de los Agujeros,peak
Spain,Granada,Cerro del Pajarillo,peak
Spain,Granada,Cerro del Sol,peak
Spain,Granada,Cerro Culebra,peak
Spain,Granada,Cerro de las Tres Cruces,peak
Spain,Granada,Cerro del Cura,peak
Spain,Granada,Peñón del Grajo,peak
Spain,Granada,Cerro de las Caleras,peak
Spain,Granada,Peñón del Chico,peak
Spain,Granada,Cerro del Maúllo,peak
Spain,Granada,Cerro de La Atalaya,peak
Spain,Granada,Cerro de los Mártires,peak
Spain,Granada,Cerro Zapatera,peak
Spain,Granada,Cerro Castaños,peak
Spain,Granada,Cruz de Víznar,peak
Spain,Granada,Cerro de Malpasillo,peak
Spain,Granada,El Cerrón,peak
Spain,Granada,Cerro de San Miguel,peak
Spain,Granada,Cerro del Gavilán,peak
Spain,Granada,Alto de Crucero-Gallo,peak
Spain,Granada,Cerro de los Pinos,peak
Spain,Granada,Alto de las Tres Torres,peak
Spain,Granada,Cerro del Laúd,peak
Spain,Granada,,peak
Spain,Granada,Los Calares,peak
Spain,Granada,,peak
Spain,Granada,,peak
Spain,Granada,Cerro Terreras,peak
Spain,Granada,Cerro de las Peñuelas,peak
Spain,Granada,Cerro del Tambor,peak
Spain,Granada,,peak
Spain,Granada,Cerro del Tío Rojicas,peak
Spain,Granada,,peak
Spain,Granada,El Castillejo,peak
Spain,Granada,,peak
Spain,Granada,,peak
Spain,Granada,,peak
Spain,Granada,,peak
Spain,Granada,,peak
Spain,Granada,,peak
Spain,Granada,,peak
Spain,Granada,,peak
Spain,Granada,,peak
Spain,Granada,,peak
Spain,Granada,,peak
Spain,Granada,,peak
Spain,Granada,,peak
Spain,Granada,,peak
Spain,Granada,,peak
Spain,Granada,,peak
Spain,Granada,,peak
Spain,Granada,,peak
Spain,Granada,,peak
Spain,Granada,,peak
Spain,Granada,,peak
Spain,Granada,,peak
Spain,Granada,,peak
Spain,Granada,,peak
Spain,Granada,,peak
Spain,Granada,,peak
Spain,Granada,,peak
Spain,Granada,,peak
Spain,Granada,,peak
Spain,Granada,,peak
Spain,Granada,,peak
Spain,Granada,,peak
Spain,Granada,,peak
Spain,Granada,,peak
Spain,Granada,,peak
Spain,Granada,,peak
Spain,Granada,,peak
Spain,Granada,,peak
Spain,Granada,,peak
Spain,Granada,,peak
Spain,Granada,,peak
Spain,Granada,,peak
Spain,Granada,,peak
Spain,Granada,,peak
Spain,Granada,,peak
Spain,Granada,,peak
Spain,Granada,,peak
Spain,Granada,,peak
Spain,Granada,,peak
Spain,Granada,,peak
Spain,Granada,,peak
Spain,Granada,,peak
Spain,Granada,Cerro Zapatera,peak
Spain,Granada,,peak
Spain,Granada,,peak
Spain,Granada,,peak
Spain,Granada,,peak
Spain,Granada,,peak
Spain,Granada,,peak
Spain,Granada,,peak
Spain,Granada,,peak
Spain,Granada,,peak
Spain,Granada,Monte Vélez,peak
Spain,Granada,,peak
Spain,Granada,,peak
Spain,Granada,,peak
Spain,Granada,,peak
Spain,Granada,,peak
Spain,Granada,,peak
Spain,Granada,,peak
Spain,Granada,,peak
Spain,Granada,,peak
Spain,Granada,,peak
Spain,Granada,,peak
Spain,Granada,,peak
Spain,Granada,,peak
Spain,Granada,,peak
Spain,Granada,,peak
Spain,Granada,,peak
Spain,Granada,,peak
Spain,Granada,,peak
Spain,Granada,,peak
Spain,Granada,,peak
Spain,Granada,,peak
Spain,Granada,,peak
Spain,Granada,,peak
Spain,Granada,,peak
Spain,Granada,,peak
Spain,Granada,,peak
Spain,Granada,,peak
Spain,Granada,,peak
Spain,Granada,,peak
Spain,Granada,,peak
Spain,Granada,,peak
Spain,Granada,,peak
Spain,Granada,,peak
Spain,Granada,,peak
Spain,Granada,,peak
Spain,Granada,,peak
Spain,Granada,,peak
Spain,Granada,,peak
Spain,Granada,,peak
Spain,Granada,,peak
Spain,Granada,,peak
Spain,Granada,,peak
Spain,Granada,,peak
Spain,Granada,,peak
Spain,Granada,,peak
Spain,Granada,,peak
Spain,Granada,,peak
Spain,Granada,Cerro Castillejo,peak
Spain,Granada,,peak
Spain,Granada,,peak
Spain,Granada,,peak
Spain,Granada,,peak
Spain,Granada,,peak
Spain,Granada,,peak
Spain,Granada,,peak
Spain,Granada,,peak
Spain,Granada,,peak
Spain,Granada,,peak
Spain,Granada,,peak
Spain,Granada,,peak
Spain,Granada,,peak
Spain,Granada,,peak
Spain,Granada,,peak
Spain,Granada,,peak
Spain,Granada,,peak
Spain,Granada,,peak
Spain,Granada,,peak
Spain,Granada,,peak
Spain,Granada,,peak
Spain,Granada,,peak
Spain,Granada,,peak
Spain,Granada,,peak
Spain,Granada,,peak
Spain,Granada,,peak
Spain,Granada,,peak
Spain,Granada,,peak
Spain,Granada,,peak
Spain,Granada,,peak
Spain,Granada,,peak
Spain,Granada,,peak
Spain,Granada,,peak
Spain,Granada,,peak
Spain,Granada,,peak
Spain,Granada,,peak
Spain,Granada,,peak
Spain,Granada,,peak
Spain,Granada,,peak
Spain,Granada,,peak
Spain,Granada,,peak
Spain,Granada,,peak
Spain,Granada,,peak
Spain,Granada,,peak
Spain,Granada,,peak
Spain,Granada,,peak
Spain,Granada,,peak
Spain,Granada,,peak
Spain,Granada,,peak
Spain,Granada,,peak
Spain,Granada,,peak
Spain,Granada,,peak
Spain,Granada,,peak
Spain,Granada,,peak
Spain,Granada,,peak
Spain,Granada,Cerro de la Atalaya,peak
Spain,Granada,,peak
Spain,Granada,,peak
Spain,Granada,,peak
Spain,Granada,,peak
Spain,Granada,,peak
Spain,Granada,,peak
Spain,Granada,,peak
Spain,Granada,,peak
Spain,Granada,,peak
Spain,Granada,,peak
Spain,Granada,,peak
Spain,Granada,,peak
Spain,Granada,,peak
Spain,Granada,,peak
Spain,Granada,,peak
Spain,Granada,,peak
Spain,Granada,,peak
Spain,Granada,,peak
Spain,Granada,El Cerro,peak
England,London,Ecology Centre,nature_reserve
England,London,,peak
England,London,,peak
England,London,Mill Hill,peak
England,London,Parliament Hill,peak
England,London,Westbere Copse,nature_reserve
England,London,Primrose Hill,peak
England,London,Olympic Rings,peak
England,London,Park Hill,peak
England,London,,park
England,London,,park
England,London,Birdwatch,park
England,London,Sydenham Hill,peak
England,London,Hampstead Heath,peak
England,London,Forest Hill,peak
England,London,Levita House Plantation,park
England,London,,park
England,London,,peak
England,London,Mabley Edible Garden,park
England,London,Bird watching area,park
England,London,,peak
England,London,,peak
England,London,Bug Hotel,nature_reserve
England,London,,peak
England,London,,peak
England,London,,peak
England,London,The Mound,peak
England,London,Lambeth Walk Doorstep Green,park
England,London,,park
England,London,Anthill Yellow Meadow Ants,nature_reserve
England,London,Laburnum Close Green,park
England,Manchester,Priory Gardens,peak
England,Manchester,Parrenthorn,peak
England,Manchester,Clarkes Hill,peak
England,Manchester,Lily Lane park,park
England,Manchester,Didsbury Community Orchard,park
England,Manchester,Royle Basin,park
England,Manchester,Langworthy Park,park
England,Birmingham,Old Bury Hill,peak
England,Birmingham,Warley Hill,peak
England,Birmingham,Barnford Hill,peak
England,Birmingham,Barr Beacon,peak
England,Birmingham,Flight watch area,park
England,Birmingham,City Centre Gardens,park
England,Birmingham,Carrs Lane Park,park
England,Birmingham,Pigeon Park,park
England,Birmingham,Galton Bridge,park
England,Birmingham,Lightwoods Hill,peak
England,Liverpool,The Dips,park
England,Liverpool,Upton Meadow,park
England,Liverpool,Arno Hill,park
England,Liverpool,New Ferry Butterfly Park,nature_reserve
England,Liverpool,Bidston Hill,peak
England,Liverpool,Woolton Hill,peak
England,Liverpool,Prenton Hill,peak
England,Liverpool,Camp Hill,peak
England,Liverpool,Everton Brow,peak
England,Liverpool,Gorse Hill,peak
England,Liverpool,Mossley Hill,peak
England,Liverpool,Ditton Lane Nature Area,nature_reserve
England,Liverpool,"Rupert Lane Recreation Ground, Everton Park",park
England,Liverpool,"Brow Side Gardens, Everton Park",park
England,Liverpool,"Whitley Gardens, Everton Park",park
England,Liverpool,BAAP22 Open land between Irlam Road and the Asda Store,park
England,Oxford,Shotover Hill,peak
England,Oxford,Castle Hill,peak
England,Oxford,Pickett's Heath,peak
England,Oxford,Hurst Hill,peak
England,Oxford,,peak
England,Oxford,,park
England,Oxford,Beacon Hill,peak
England,Oxford,Windmill Hill,peak
England,Oxford,Wytham Hill,peak
England,Oxford,Boars Hill,peak
England,Oxford,Red Hill,peak
England,Oxford,Beckley Hill,peak
England,Oxford,Drun's Hill,peak
England,Oxford,Wadley Hill,peak
England,Oxford,Lyme Hill,peak
England,Oxford,Thorn Hill,peak
France,Paris,Square Georges Contenot,park
France,Paris,,park
France,Paris,Le Génie de la Liberté,park
France,Paris,Montagne Sainte-Geneviève,peak
France,Paris,Belleville,peak
France,Paris,,park
France,Paris,Théâtre de Verdure,park
France,Paris,cour du Bon conseil,park
France,Paris,Butte aux Papillons,peak
France,Paris,,peak
France,Paris,Jardin Espérance,park
France,Paris,Butte Montmartre,peak
France,Paris,Square des moineaux,park
France,Paris,Paris Eiffel Tower,park
France,Nice,Mont Macaron,peak
France,Nice,Mont Chauve d'Aspremont,peak
France,Nice,Le Reboisat,peak
France,Nice,Mont Alban,peak
France,Nice,Mont Bastide,peak
France,Nice,Mont Gros,peak
France,Nice,Mont Leuze,peak
France,Nice,,peak
France,Nice,Mont Chauve de Tourrette,peak
France,Nice,,peak
France,Nice,La Croix de Cuor,peak
France,Nice,Mont Boron,peak
France,Nice,Mont Barri,peak
France,Nice,Mont de l'Ubac,peak
France,Nice,Colline de Saint-Pierre,peak
France,Nice,Camp Lucéram,peak
France,Nice,Collet de Grisella,peak
France,Nice,Cime de l'Eurier,peak
France,Nice,Mont Fourche,peak
France,Nice,Colline de Pierrefeu,peak
France,Nice,Cicilia,peak
France,Nice,Mont Revel,peak
France,Nice,Colle du Mont Gros,peak
France,Nice,Pueï de la Madone,peak
France,Nice,Mont Vinaigrier,peak
France,Nice,Pointe de Rougier,peak
France,Nice,Collet du Baron,peak
France,Nice,Colline de Pessicart,peak
France,Nice,,peak
France,Nice,,peak
France,Nice,,peak
France,Nice,Collet des Étoiles,peak
France,Nice,Collet de Roustan,peak
France,Nice,Collet Sigaut,peak
France,Nice,Colle de Saint-Isidore,peak
France,Lyon,Mont Cindre,peak
France,Lyon,Mont Thou,peak
France,Lyon,Mont Narcel,peak
France,Lyon,,park
France,Lyon,Mont La Roche,peak
France,Lyon,gruyere,park
France,Lyon,Esplanade Cadichon,park
France,Lyon,Colline de Fourvière,peak
France,Lyon,La Bonne Maison,park
France,Lyon,square Elisa Lemonier,park
France,Lyon,Jardin du Presbytère,park
France,Lyon,Micro-forêt des Alytes,nature_reserve
France,Lyon,"Pendant l'été 2023, il y avait un un potager en auto-géré ici, ajd jsp si des gens continuent à entretenir.",park
France,Marseille,Marseilleveyre,peak
France,Marseille,Mont Saint-Cyr,peak
France,Marseille,Mont Carpiagne,peak
France,Marseille,Sommet Ouest de l'Homme Mort,peak
France,Marseille,Signal Est de l'Homme Mort,peak
France,Marseille,Béouveyre,peak
France,Marseille,Tête de la Mounine,peak
France,Marseille,Pic de la Famille,peak
France,Marseille,Rocher Saint-Michel d'Eau Douce,peak
France,Marseille,Rocher des Goudes,peak
France,Marseille,,peak
France,Marseille,Pointe Piazza,peak
France,Marseille,Tête du Miougranier,peak
France,Marseille,Pointe Callot,peak
France,Marseille,La Mitre,peak
France,Marseille,Tête de la Melette,peak
France,Marseille,Aiguille de la Melette,peak
France,Marseille,Butte de la Pinède,peak
France,Marseille,Têtes de Malvallon,peak
France,Marseille,La Bougie,peak
France,Marseille,Aiguille Charlotte,peak
France,Marseille,Promontoire de l'Escu,peak
France,Marseille,Mont de Luminy,peak
France,Marseille,Aiguille Bompard,peak
France,Marseille,Tour Carrée des Walkyries,peak
France,Marseille,Signal Sud de l'Homme Mort,peak
France,Marseille,Grand Chameau,peak
France,Marseille,Montagne de l'Aigle,peak
France,Marseille,Mont Sainte-Croix,peak
France,Marseille,Mont Rouvière,peak
France,Marseille,Roc de la Croix,peak
France,Marseille,,peak
France,Marseille,Sommet de l'Île Maïre,peak
France,Marseille,Tiboulen de Maïre,peak
France,Marseille,Sommet de l'Île Pomègues (Frioul),peak
France,Marseille,Sommet de l'Île Ratonneau (Frioul),peak
France,Marseille,Île d'If,peak
France,Marseille,Pic des Gabians,peak
France,Marseille,Aiguille des Baumettes,peak
France,Marseille,Sommet des Escampons,peak
France,Marseille,Mont Rose,peak
France,Marseille,Fortin de Goudes,peak
France,Marseille,Mont Redon,peak
France,Marseille,Monts de la Gineste,peak
France,Marseille,Sommet du plateau de la Mounine,peak
France,Marseille,,peak
France,Marseille,,park
France,Marseille,,peak
France,Marseille,,peak
France,Marseille,,peak
France,Marseille,,peak
France,Marseille,Jardin des Héros,park
France,Toulouse,Friche maraîchère Daurat,park
France,Toulouse,"îlot de biodiversité (gîtes, nichoirs...)",nature_reserve
France,Toulouse,Patio du café,park
France,Toulouse,Wam Park - Toulouse - Sesquières,park
France,Toulouse,,park
France,Toulouse,Odyssud,park
France,Toulouse,les bancs sous l'arbre,park
