country,city,temperature,weather,humidity,wind_speed
Portugal,Lisbon,12.56,few clouds,87,4.63
Portugal,Porto,13.24,few clouds,75,3.09
Portugal,Sintra,12.15,scattered clouds,82,7.72
Portugal,Funchal,16.23,light rain,72,4.63
Portugal,Coimbra,16.64,overcast clouds,61,4.55
Switzerland,Zurich,0.89,overcast clouds,81,3.09
Switzerland,Geneva,2.22,overcast clouds,80,2.57
Switzerland,Lucerne,1.14,overcast clouds,81,1.54
Switzerland,Zermatt,5.35,scattered clouds,51,3.39
Switzerland,Interlaken,1.06,few clouds,80,1.03
Greece,Athens,14.57,scattered clouds,63,2.68
Greece,Thessaloniki,7.38,mist,83,4.12
Greece,Santorini,17.57,light rain,59,1.54
Greece,Mykonos,13.73,scattered clouds,76,6.69
Greece,Rhodes,15.79,scattered clouds,84,3.09
Italy,Rome,10.11,scattered clouds,72,3.09
Italy,Milan,5.64,broken clouds,71,1.54
Italy,Florence,8.81,scattered clouds,63,0.51
Italy,Venice,3.07,broken clouds,61,3.6
Italy,Naples,13.72,clear sky,63,1.54
Spain,Madrid,11.49,clear sky,68,3.09
Spain,Barcelona,13.67,broken clouds,73,1.54
Spain,Seville,13.21,overcast clouds,86,2.06
Spain,Valencia,15.61,overcast clouds,70,1.34
Spain,Granada,16.81,clear sky,40,3.09
England,London,4.46,broken clouds,75,0.89
England,Manchester,3.7,overcast clouds,69,2.57
England,Birmingham,2.5,overcast clouds,78,5.66
England,Liverpool,3.5,clear sky,69,8.23
England,Oxford,3.98,clear sky,73,4.63
France,Paris,3.71,clear sky,76,4.63
France,Nice,11.78,broken clouds,82,1.54
France,Lyon,6.78,broken clouds,68,2.06
France,Marseille,12.37,overcast clouds,70,2.57
France,Toulouse,11.97,overcast clouds,82,7.72
