city,name,type,latitude,longitude,stars,operator
Copenhagen,Cabinn City,hotel,55.6705905,12.5708002,Unknown,Unknown
Copenhagen,Skovshoved Hotel,hotel,55.7590907,12.596782,Unknown,Unknown
Copenhagen,Cab-Inn,hotel,55.6795619,12.5503985,Unknown,Unknown
Copenhagen,Cab-Inn Scandinavia,hotel,55.6808153,12.5555225,Unknown,Unknown
Copenhagen,Scandic Front,hotel,55.6813212,12.593295,4,Unknown
Copenhagen,The Square,hotel,55.6761571,12.5669727,4,Unknown
Copenhagen,Copenhagen Strand,hotel,55.67723,12.590152,4,Unknown
Copenhagen,Copenhagen Island,hotel,55.6633682,12.5632675,Unknown,Arp Hansen Group
Copenhagen,Hellerup Park Hotel,hotel,55.7374203,12.5752591,Unknown,Unknown
Copenhagen,Comfort Hotel Vesterbro,hotel,55.6728626,12.5591356,Unknown,Comfort Hotels
Copenhagen,Ibsens Hotel,hotel,55.6846523,12.566266,Unknown,Unknown
Copenhagen,DGI-byens Hotel,hotel,55.6689142,12.5640943,Unknown,Unknown
Copenhagen,Savoy,hotel,55.6725796,12.5563501,Unknown,Unknown
Copenhagen,Avenue,hotel,55.684789,12.5524304,Unknown,Unknown
Copenhagen,Hotel Sankt Annæ,hotel,55.6812356,12.5917532,4,Unknown
Copenhagen,Phoenix Copenhagen,hotel,55.6829397,12.5889295,4,Unknown
Copenhagen,Hotel Christian IV,hotel,55.6845384,12.5834327,Unknown,Unknown
Copenhagen,Rossini,hotel,55.6641351,12.5185785,Unknown,Unknown
Copenhagen,Best Western Plus Airport Hotel Copenhagen,hotel,55.6371074,12.6420358,3,Core Hospitality
Copenhagen,Ansgar,hotel,55.6708191,12.5637437,Unknown,Unknown
Copenhagen,Løven,hotel,55.6726976,12.5569343,Unknown,Unknown
Copenhagen,Tiffany,hotel,55.6708934,12.5631637,Unknown,Unknown
Copenhagen,Go Hotel Saga,hotel,55.6715774,12.5624497,2,Go Hotel Copenhagen
Copenhagen,Hotel Du Nord,hotel,55.6720731,12.5619597,3,Unknown
Copenhagen,Hebron,hotel,55.6726211,12.5607845,Unknown,Best Western
Copenhagen,City Hotel Nebo,hotel,55.6723046,12.5627761,Unknown,Unknown
Copenhagen,Comfort Hotel Excelsior,hotel,55.6726087,12.5616921,Unknown,Unknown
Copenhagen,Andersen Hotel,hotel,55.6718769,12.561113,Unknown,Absalon Hotel Group
Copenhagen,Mercur Hotel,hotel,55.6765536,12.561795,Unknown,Ligula Hospitality Group AB
Copenhagen,Richmond Hotel,hotel,55.678613,12.562586,Unknown,Ligula Hospitality Group AB
Copenhagen,Kong Arthur,hotel,55.6847597,12.5649941,Unknown,Unknown
Copenhagen,Comfort Hotel Esplanaden,hotel,55.6873256,12.5932342,Unknown,Unknown
Copenhagen,Sleep in Heaven,hostel,55.6867883,12.5505333,Unknown,Unknown
Copenhagen,Adina Hotel Copenhagen,hotel,55.6979906,12.5934474,Unknown,Unknown
Copenhagen,Hotel SP34,hotel,55.6787261,12.566462,Unknown,Unknown
Copenhagen,Copenhagen Downtown Hostel,hostel,55.6759488,12.5742396,Unknown,Danhostel
Copenhagen,City Public Hostel,hostel,55.6717017,12.5532398,Unknown,Unknown
Copenhagen,Hotel West,hotel,55.6718007,12.5523627,Unknown,Unknown
Copenhagen,Central Hotel & Cafe,hotel,55.6739396,12.5515186,Unknown,Unknown
Copenhagen,Vogelkop,guest_house,55.6663792,12.5473684,Unknown,Unknown
Copenhagen,Hotel Bethel,hotel,55.6794098,12.5909843,Unknown,Unknown
Copenhagen,Hotel Maritime,hotel,55.6775061,12.5894719,3,Unknown
Copenhagen,Hotel City,hotel,55.6773527,12.5889809,4,Unknown
Copenhagen,Hotel Amager,hotel,55.6657036,12.599445,Unknown,Unknown
Copenhagen,CPH Living,hotel,55.6701818,12.5800651,Unknown,Unknown
Copenhagen,Scandic Sydhavnen,hotel,55.654466,12.5416392,Unknown,Unknown
Copenhagen,Rent a Room,hotel,55.6678939,12.5967924,Unknown,Unknown
Copenhagen,Generator Copenhagen,hostel,55.6829255,12.5826069,Unknown,Generator
Copenhagen,Hostel Belægningen,hostel,55.6325794,12.4465334,Unknown,Unknown
Copenhagen,Charlottehaven Hotellejligheder,hotel,55.7053695,12.5885243,Unknown,Unknown
Copenhagen,Scandic Palace Hotel,hotel,55.6762339,12.5703021,Unknown,Scandic Hotels
Copenhagen,Rye115,hotel,55.6977279,12.5763723,Unknown,Unknown
Copenhagen,Carlton Guldsmeden,hotel,55.672976,12.5525497,Unknown,Unknown
Copenhagen,Cottage Farm,hotel,55.6019866,12.6469895,Unknown,Unknown
Copenhagen,Livjæger Hotel Pension,hotel,55.6971357,12.5875014,Unknown,Unknown
Copenhagen,Hotel Euroglobe,hotel,55.6784566,12.5497563,Unknown,Unknown
Copenhagen,Ejendomsmægler København,guest_house,55.6707189,12.5836686,Unknown,Unknown
Copenhagen,Urban House,hostel,55.6722103,12.5623271,Unknown,Unknown
Copenhagen,Hotel Schæffergården,hotel,55.7638099,12.5347221,Unknown,Unknown
Copenhagen,Church of Scientology Hotel,hotel,55.6730773,12.5584646,Unknown,Unknown
Copenhagen,Bernstorff Slot,hotel,55.7592942,12.553419,Unknown,Unknown
Copenhagen,Herlev Kro,hotel,55.723904,12.438989,Unknown,Bo Terp
Copenhagen,Babette Guldsmeden Hotel,hotel,55.6874714,12.5931312,3,Unknown
Copenhagen,Manon les Suites,hotel,55.6803806,12.5612532,Unknown,Unknown
Copenhagen,Hotellet,hotel,55.670911,12.549967,Unknown,Københavns Kommune
Copenhagen,Sanct Thomas,hotel,55.672848,12.548297,Unknown,Unknown
Copenhagen,Imperial,hotel,55.6756448,12.5616263,4,Unknown
Copenhagen,Globalhagen Hostel,hostel,55.6886922,12.5619414,Unknown,Unknown
Copenhagen,Hotel Windsor,hotel,55.6845251,12.5697764,Unknown,Unknown
Copenhagen,Guldsmeden København,hotel,55.6727216,12.5524159,Unknown,Unknown
Copenhagen,Absalon Hotel,hotel,55.6716638,12.561597,Unknown,Absalon Hotel Group
Copenhagen,Idrættens Hus Hotel og Konference,hotel,55.647279,12.417826,Unknown,Unknown
Copenhagen,YMCA Interpoint Hostel,hostel,55.6709188,12.5487885,Unknown,Unknown
Copenhagen,Zleep Hotel Copenhagen City,hotel,55.6715632,12.5612214,Unknown,Zleep Hotels
Copenhagen,Bedwood Hostel,hostel,55.6799751,12.5927888,Unknown,Unknown
Copenhagen,Woodah Boutique Hostel,hostel,55.6719237,12.5579467,Unknown,Unknown
Copenhagen,Copenhagen Backpackers,hostel,55.6728398,12.5625637,Unknown,Unknown
Copenhagen,Ascot Hotel,hotel,55.67687,12.56538,Unknown,Unknown
Copenhagen,Hotel Alexandra,hotel,55.67701,12.56607,Unknown,Unknown
Copenhagen,MS Mary,hotel,55.6792814,12.5929566,Unknown,Unknown
Copenhagen,STAY Seaport,hotel,55.708245,12.5987369,Unknown,Unknown
Copenhagen,Hotel 9 små hjem,hotel,55.6972305,12.5844639,Unknown,Unknown
Copenhagen,Axel Guldsmeden,hotel,55.672079,12.5620255,Unknown,Unknown
Copenhagen,A Hotels,hotel,55.6654396,12.4202474,Unknown,Unknown
Copenhagen,Steel House,hostel,55.676257,12.560096,Unknown,Unknown
Copenhagen,A&O Hostel Nørrebro,hostel,55.7055243,12.5430722,Unknown,Unknown
Copenhagen,Hotel Sanders,hotel,55.6784296,12.5875614,5,Unknown
Copenhagen,the Socialist,hotel,55.6788948,12.5827207,Unknown,Unknown
Copenhagen,Herlev Kro og Hotel,hotel,55.723746,12.4387265,Unknown,Herløv Kro og Hotel
Copenhagen,Hotel Ottilia,hotel,55.6668782,12.5330838,Unknown,Unknown
Copenhagen,CitizenM Rådhuspladsen,hotel,55.676601,12.566396,Unknown,Unknown
Copenhagen,Good Morning City Copenhagen Star,hotel,55.6719041,12.5625434,Unknown,Unknown
Copenhagen,Wakeup Bernstorffsgade,hotel,55.669055,12.571691,Unknown,Unknown
Copenhagen,Turist Hotellet,hotel,55.6716956,12.5634589,Unknown,Unknown
Copenhagen,Annex Copenhagen,hotel,55.6713478,12.5617494,Unknown,Absalon Hotel Group
Copenhagen,Unknown,guest_house,55.6646339,12.6030309,Unknown,Unknown
Copenhagen,Coco Hotel,hotel,55.6723901,12.556593,Unknown,Unknown
Copenhagen,Urban Camper,hostel,55.7021709,12.5377668,Unknown,Unknown
Copenhagen,Bibis Cosy Little Crib,guest_house,55.6583886,12.4729612,Unknown,Unknown
Copenhagen,Villa Copenhagen,hotel,55.6714034,12.5677356,5,Unknown
Copenhagen,SleepCph,hotel,55.6652004,12.6188979,Unknown,Unknown
Copenhagen,Bryggen Guldesmeden Hotels,hotel,55.6624151,12.5791082,Unknown,Øvrige engros-kæder
Copenhagen,Kanalhuset,hotel,55.67452,12.595033,Unknown,Unknown
Copenhagen,Go Hotel City,hotel,55.664172,12.624615,Unknown,Unknown
Copenhagen,Zleep Hotel Copenhagen Arena,hotel,55.625586,12.577203,Unknown,Zleep Hotels
Copenhagen,Eric Vökel Boutique Apartments,hotel,55.6709396,12.5636125,Unknown,Unknown
Copenhagen,A-Hotels City,hotel,55.6723846,12.557274,Unknown,Unknown
Copenhagen,CityHub,hostel,55.671656,12.546626,Unknown,Unknown
Copenhagen,Scandic Webers Hotel,hotel,55.673118,12.5608649,Unknown,Unknown
Copenhagen,Zoku Copenhagen,hotel,55.6566126,12.5918803,Unknown,Unknown
Copenhagen,Hotel Valby,hotel,55.6642104,12.5185585,3,Unknown
Copenhagen,Scandic CPH Strandpark,hotel,55.635382,12.654912,Unknown,Scandic Hotels
Copenhagen,a&o Kobenhavn-Sydhavn,hostel,55.6528502,12.5408236,Unknown,a&o Hostels
Copenhagen,Scandic Nørreport,hotel,55.6838015,12.5717839,Unknown,Unknown
Copenhagen,25Hours,hotel,55.6816539,12.5771263,Unknown,Unknown
Copenhagen,Next House,hostel,55.6696312,12.5709088,Unknown,Arp Hansen
Copenhagen,Comfort Hotel Copenhavn Airport,hotel,55.6302757,12.6526051,Unknown,Unknown
Copenhagen,Apēron Apartment Hotel,hotel,55.6823105,12.5754536,Unknown,Unknown
Copenhagen,Ana's Bed & Kitchen,guest_house,55.7194985,12.5534952,Unknown,Unknown
Copenhagen,Ibis Styles Copenhagen Ørestad,hotel,55.6371284,12.5831317,Unknown,Unknown
Copenhagen,CPH Hotel,hotel,55.6689146,12.5640893,Unknown,Unknown
Copenhagen,Residence Inn - Fairfield Nordhavn Copenhagen,hotel,55.7071872,12.600604,Unknown,Unknown
Copenhagen,Brik Apartment Hotel,hotel,55.6646556,12.6194108,Unknown,Unknown
Copenhagen,Hotel Bethel,hotel,55.6794823,12.5907444,Unknown,Unknown
Copenhagen,Hotel Bella Grande,hotel,55.6775123,12.5676777,Unknown,Unknown
Copenhagen,25hours Hotel Paper Island,hotel,55.6793152,12.5996598,Unknown,Unknown
Copenhagen,Bob W,hotel,55.7074904,12.558787,Unknown,Unknown
Copenhagen,STAY Nordhavn,hotel,55.7098785,12.5948175,Unknown,Unknown
Aarhus,Hotel Ritz,hotel,56.1509681,10.2034389,Unknown,Unknown
Aarhus,Comfort Hotel Atlantic,hotel,56.1528092,10.2121879,Unknown,Unknown
Aarhus,Scandic - The Mayor,hotel,56.1508323,10.202756,Unknown,Unknown
Aarhus,Radisson Blu Scandinavia Hotel Aarhus,hotel,56.1523243,10.1973894,Unknown,Unknown
Aarhus,Cabinn Aarhus,hotel,56.1558527,10.2103684,Unknown,Unknown
Aarhus,Villa Provence,hotel,56.1541636,10.2093354,Unknown,Unknown
Aarhus,Aarhus City Apartments,hotel,56.15379,10.2091,Unknown,Unknown
Aarhus,Hotel Oasia,hotel,56.14986,10.20032,Unknown,Unknown
Aarhus,Hotel Faber,hotel,56.1519306,10.195908,Unknown,Unknown
Aarhus,Hotel Guldsmeden,hotel,56.16002,10.20791,Unknown,Unknown
Aarhus,Boutique Hotel Royal Århus,hotel,56.1574564,10.2098763,4,Unknown
Aarhus,Ferdinand,hotel,56.1551103,10.210603,Unknown,Unknown
Aarhus,Ab Centrum bed w/o breakfast,hostel,56.2141848,10.1813044,Unknown,Unknown
Aarhus,SimpleBed Hostel,hostel,56.1563385,10.2041428,Unknown,Unknown
Aarhus,BB-Hotel Aarhus Havnehotellet,hotel,56.139294,10.214726,Unknown,Unknown
Aarhus,Danhostel Aarhus // Hallo Café,hostel,56.1560337,10.207432,Unknown,Unknown
Aarhus,Hørhavegården Bed & Breakfast,guest_house,56.1120696,10.2269198,Unknown,Unknown
Aarhus,Zleep,hotel,56.1959083,10.174523,Unknown,Unknown
Aarhus,GUESTapart/aarhus,hotel,56.1938898,10.1760959,Unknown,Unknown
Aarhus,Radisson Red,hotel,56.1535737,10.202761,Unknown,Unknown
Aarhus,Lyng Guest House,guest_house,56.1790048,10.0497808,Unknown,Unknown
Aarhus,Patienthotellet,hotel,56.1897067,10.1705467,Unknown,Unknown
Aarhus,Hotel Oasia,hotel,56.1503991,10.2000971,Unknown,Unknown
Aarhus,Horisont Hotel & Konference,hotel,56.2018402,10.1540288,Unknown,Unknown
Aarhus,Gæsteetage,guest_house,56.1666135,10.1996396,Unknown,Aarhus Universitet
Aarhus,Risskov Bellevue Guesthouse,guest_house,56.1935914,10.2448219,Unknown,Unknown
Aarhus,Aura Apartment Hotel,hotel,56.1597667,10.2029472,Unknown,Nord Collection
Odense,Scandic Odense,hotel,55.3609506,10.3421632,Unknown,Unknown
Odense,Hotel Windsor,hotel,55.3983765,10.3829201,Unknown,Unknown
Odense,Milling Mini 11,hotel,55.398828,10.3824364,2,Unknown
Odense,Hotel Ansgar,hotel,55.3996658,10.3816762,Unknown,Unknown
Odense,Odense Danhostel Kragsbjerggaard,hostel,55.3852163,10.4078469,Unknown,Danhostel
Odense,Danhostel Odense,hostel,55.4011744,10.3864735,Unknown,Danhostel
Odense,Store Ejlstrup Bed & Breakfast,guest_house,55.407117,10.2683552,Unknown,Unknown
Odense,Knudsens Gaard,hotel,55.3813974,10.3946965,Unknown,Unknown
Odense,Frederik VIs Hotel,hotel,55.421717,10.25746,Unknown,Unknown
Odense,Hotel Odense,hotel,55.3706793,10.4498432,Unknown,Unknown
Odense,Alberte Bed & Breakfast,guest_house,55.4079963,10.396138,Unknown,Unknown
Odense,Amalie Bed & Breakfast,guest_house,55.4061127,10.3941838,Unknown,Unknown
Odense,Krudthuset Byferie,guest_house,55.394964,10.3725405,Unknown,Unknown
Odense,City Hotel Nattergalen,hotel,55.3992162,10.3941966,Unknown,Unknown
Odense,EngholmBB,guest_house,55.4197557,10.3707633,Unknown,Unknown
Odense,Milling Hotel Mini 19,hotel,55.3994056,10.3818575,Unknown,Unknown
Odense,Odense City B&B,guest_house,55.3973666,10.3787368,Unknown,Unknown
Aalborg,Krogen,hotel,57.047274,9.896507,Unknown,Unknown
Aalborg,Danhostel Aalborg,hostel,57.0539796,9.8730287,Unknown,Danhostel
Aalborg,CabInn,hotel,57.0482415,9.9263911,Unknown,Unknown
Aalborg,Anneberg B & B,guest_house,57.0499642,9.8971562,Unknown,Unknown
Aalborg,Hotel Jomfru Ane,hotel,57.049569,9.918568,Unknown,Unknown
Aalborg,Gultentorp Bed & Breakfast,hotel,56.9788223,9.9400813,Unknown,Unknown
Aalborg,Scandic Aalborg City,hotel,57.043956,9.912992,Unknown,Unknown
Aalborg,Prinsens Hotel,hotel,57.044313,9.916891,Unknown,Unknown
Aalborg,Hotel Scheelsminde,hotel,57.0200194,9.9036096,Unknown,Unknown
Aalborg,"Gestus, Aalborg",hotel,57.0469061,9.9146276,Unknown,Unknown
Aalborg,Zleep Hotel Aalborg,hotel,57.041234,9.9200186,Unknown,Unknown
Aalborg,Patienthotellet Aalborg Universitetshospital,hotel,57.0372211,9.907883,Unknown,Unknown
Aalborg,Danhostel Nørresundby,hostel,57.0646098,9.9349284,Unknown,Unknown
Aalborg,Pier 5 Hotel,hotel,57.0483895,9.9281557,Unknown,Unknown
Aalborg,Rundvejen Guest House,guest_house,57.0302592,9.9302159,Unknown,Unknown
Aalborg,B&B HOTEL Aalborg,hotel,57.0421561,9.9254371,Unknown,Unknown
Esbjerg,Scandic Olympic Esbjerg,hotel,55.4670664,8.4419282,Unknown,Unknown
Esbjerg,Hjerting Badehotel,hotel,55.5233136,8.3538991,Unknown,Unknown
Esbjerg,Danland,hotel,55.4341636,8.3648978,Unknown,Unknown
Esbjerg,Fanø Krogaard,hotel,55.4479392,8.4065203,Unknown,Unknown
Esbjerg,Danhostel Esbjerg,hostel,55.4802625,8.4389094,Unknown,Danhostel
Esbjerg,272 Bed & Breakfast,guest_house,55.5181773,8.4535622,Unknown,Unknown
Esbjerg,Hotel Ansgar,hotel,55.46688,8.451064,Unknown,Unknown
Esbjerg,Nørbygaard,hotel,55.4381283,8.3936284,Unknown,Unknown
Esbjerg,Villa Quisisana,guest_house,55.4327,8.365491,Unknown,Unknown
Esbjerg,Hotel Britannia,hotel,55.4674338,8.4512022,4,Unknown
Esbjerg,CoCo Bed and Breakfast,guest_house,55.501485,8.5350628,Unknown,Unknown
Esbjerg,Staytel,guest_house,55.466743,8.4608359,Unknown,MS Ejendomme
Esbjerg,Haven Fanø,guest_house,55.445083,8.403874,Unknown,Unknown
Esbjerg,Møllesti bed & breakfast,guest_house,55.4437392,8.4008746,Unknown,Unknown
Esbjerg,Høloftet B&B,guest_house,55.5402667,8.3658045,Unknown,Unknown
Esbjerg,A Place To Hotels · Esbjerg,hotel,55.4790236,8.435281,Unknown,Unknown
Esbjerg,BB Esbjerg,guest_house,55.5286962,8.4211184,Unknown,Unknown
Esbjerg,Badehotellet Fanø,hotel,55.4458732,8.405338,Unknown,Unknown
Esbjerg,Hotel Fanø Havn,hotel,55.453912,8.3992133,Unknown,Unknown
Roskilde,Roskilde Danhostel,hostel,55.649794,12.0775124,Unknown,Danhostel
Roskilde,BB Albertine,guest_house,55.5946734,12.1702946,Unknown,Claus Olesen
Roskilde,Roskilde B&B,guest_house,55.56917,12.15123,Unknown,"Pernille Svensson, M.Sc."
Roskilde,Hos Sanne,guest_house,55.6339554,12.0138859,Unknown,Unknown
Helsingør,Marienlyst,hotel,56.0451212,12.6037605,Unknown,Unknown
Helsingør,Hotell Linnéa,hotel,56.0439659,12.6962312,4,Unknown
Helsingør,Helsingborgs Vandrarhem Centrum,hostel,56.0400094,12.7035372,Unknown,Unknown
Helsingør,Clarion Grand Hotel,hotel,56.0464793,12.6945916,Unknown,Nordic Choice Hotels
Helsingør,Hotel Stadsparken,hotel,56.043434,12.6974594,4,Unknown
Helsingør,Elite Hotel Mollberg,hotel,56.0469202,12.6957466,Unknown,Elite Hotels
Helsingør,Hotell Kärnan,hotel,56.0441901,12.6954981,3,Unknown
Helsingør,The Vault Hotel,hotel,56.0471388,12.6960981,Unknown,Unknown
Helsingør,V Hotel,hotel,56.0488219,12.6933576,Unknown,Unknown
Helsingør,Sleep 2 Night,hotel,56.0207787,12.5658001,Unknown,Unknown
Helsingør,Cityvandrarhemmet,hostel,56.0411507,12.6984327,Unknown,Unknown
Helsingør,Villa Thalassa,hotel,56.0704841,12.6756076,Unknown,Unknown
Helsingør,Sauntehus Slotshotel,hotel,56.0729068,12.488703,Unknown,Unknown
Helsingør,Radisson Blu Metropol Hotel,hotel,56.0407452,12.7000643,Unknown,Radisson
Helsingør,Hotel Hamlet,hotel,56.0339759,12.612991,Unknown,Unknown
Helsingør,Skandia,hotel,56.0335887,12.6135685,Unknown,Unknown
Helsingør,Maria Inn,hotel,56.0213306,12.7183914,Unknown,Unknown
Helsingør,Hotell H5,hotel,56.0459704,12.6951125,Unknown,Unknown
Helsingør,Scandic Oceanhamnen,hotel,56.0422632,12.6900616,Unknown,Unknown
Helsingør,Katrinelund Køkken,guest_house,56.0099895,12.4641849,Unknown,Unknown
Helsingør,Staykvick Boutique Hostel,hostel,56.046624,12.6899807,Unknown,Unknown
Vejle,Vejle Golf Bed & Breakfast,guest_house,55.6678984,9.6100296,Unknown,Unknown
Vejle,Munkebjerg Bed & Breakfast,guest_house,55.6783232,9.6427859,Unknown,Unknown
Vejle,BB-Hotel Vejle,hotel,55.7090305,9.5316822,Unknown,Unknown
Vejle,Heddahgaarden,guest_house,55.7391766,9.6133071,Unknown,Unknown
Vejle,Hotel Cabinn,hotel,55.70514,9.533198,Unknown,Unknown
Vejle,Hotel Hedegården,hotel,55.72309,9.5695257,Unknown,Unknown
Vejle,Best Western Torvehallerne,hotel,55.7068006,9.533916,Unknown,Unknown
Vejle,Zleep Hotel Vejle,hotel,55.706772,9.5536994,Unknown,Unknown
Vejle,B&B Hotel Vejle,hotel,55.7059292,9.535609,Unknown,Unknown
Herning,Herning Vandrerhjem,hostel,56.1580948,8.964003,Unknown,Danhostel
Herning,Scandic Hotel,hotel,56.1333406,8.9788805,Unknown,Unknown
Herning,Hotel Eyde,hotel,56.1361627,8.9755182,Unknown,Unknown
Herning,Herning City Hotel,hotel,56.1364855,8.9722865,Unknown,Unknown
Herning,Hotel Homeland,hotel,56.1537585,8.8682071,Unknown,Unknown
Herning,Hotel DGI Huset Herning,hotel,56.1368966,8.979556,Unknown,Unknown
Herning,Hotel Herning,hotel,56.119183,8.9490272,Unknown,Unknown
Herning,BB-Hotel Herning,hotel,56.1341364,8.9083188,Unknown,Unknown
Herning,B & B Gødstrup,guest_house,56.1600908,8.887288,Unknown,Unknown
Herning,Dolphin Hotel Herning,hotel,56.134987,9.009734,Unknown,Unknown
Silkeborg,Ny Hattenæs,hotel,56.1481521,9.5809097,Unknown,Unknown
Silkeborg,Radisson,hotel,56.1714361,9.5554788,Unknown,Unknown
Silkeborg,Hotel Dania,hotel,56.1696017,9.5494244,4,Unknown
Silkeborg,Gl. Skovridergaard,hotel,56.1566116,9.5571344,Unknown,Unknown
