city,name,type,latitude,longitude,elevation
Copenhagen,Affaldsbjerget,peak,55.6473076,12.5735014,17.5
Copenhagen,Frederiksberg Bakke,peak,55.6690252,12.5246133,31
Copenhagen,Unknown,peak,55.7123942,12.5218238,32
Copenhagen,Unknown,peak,55.7065703,12.5669814,12
Copenhagen,Unknown,peak,55.700271,12.5072004,36
Copenhagen,Engelsk Have,park,55.6811008,12.599423,Unknown
Copenhagen,Cherry Grove,park,55.6811726,12.6002223,Unknown
Copenhagen,Nordamerikansk Skov,park,55.6809617,12.6009089,Unknown
Copenhagen,Egeskov,park,55.6803848,12.6003376,Unknown
Copenhagen,Birkeskov,park,55.6805549,12.5995705,Unknown
Copenhagen,Vinterhave,park,55.6808615,12.6000117,Unknown
Aarhus,Grimhøj,peak,56.1672432,10.1294811,95
Aarhus,Bakkekammen,peak,56.1682128,10.1418402,105
Aarhus,Bilbjerg,peak,56.1827058,10.1782682,84
Aarhus,Jelshøj,peak,56.0977117,10.1813242,128
Aarhus,Spiralen,peak,56.1709305,10.1425842,100
Aarhus,Unknown,peak,56.1557655,10.0809596,45
Aarhus,Unknown,peak,56.1827547,10.1606213,75
Aarhus,Espenhøj,peak,56.1669164,10.0843812,50
Aarhus,Tovhøj,peak,56.2100123,10.0962483,70
Aarhus,Plateauet,peak,56.1638751,10.1414952,82
Aarhus,Unknown,peak,56.1661314,10.1421314,92
Aarhus,Tvedhøj,peak,56.1760191,10.0494246,48
Aarhus,Blankhøj,peak,56.1744204,10.066057,69
Aarhus,Unknown,peak,56.1785473,10.0608053,58
Aarhus,Unknown,peak,56.1815851,10.0619894,61
Aarhus,Unknown,peak,56.1801521,10.0718951,69
Aarhus,Bohøj,peak,56.1757553,10.0785859,74
Aarhus,Unknown,peak,56.1717285,10.1245976,68
Aarhus,Unknown,peak,56.1709921,10.1286102,71
Aarhus,Låddenhøj,peak,56.2444802,10.2149679,76
Aarhus,Byhøj,peak,56.1908694,10.0672737,64
Aarhus,Ridder Palles Høj,peak,56.0955619,10.2172622,107
Aarhus,Katterhøj,peak,56.1053052,10.2137208,104
Aarhus,Stenhøj,peak,56.2081992,10.1465311,52
Aarhus,Unknown,peak,56.2474887,10.1817404,79
Aarhus,Unknown,peak,56.2477257,10.1654336,84
Aarhus,Unknown,peak,56.2416692,10.1660964,89
Aarhus,Unknown,peak,56.2367065,10.1696801,81
Aarhus,Kongsbjerg,peak,56.2306086,10.1681223,89
Aarhus,Unknown,peak,56.2304648,10.1726884,82
Aarhus,Unknown,peak,56.2278786,10.1726576,83
Aarhus,Unknown,peak,56.229127,10.1688745,88
Aarhus,Truelsbjerg,peak,56.2346379,10.1644598,87
Aarhus,Unknown,peak,56.237413,10.1616869,89
Aarhus,Brunbakke,peak,56.0961787,10.2109444,Unknown
Aarhus,Myreknold,peak,56.0952702,10.1753592,117
Aarhus,Bjerget,peak,56.1174905,10.144086,64
Aarhus,Unknown,peak,56.1195163,10.1452478,Unknown
Aarhus,Lortbjerg,peak,56.1860467,10.0584159,Unknown
Aarhus,Kalvehave,park,56.1375813,10.2026939,Unknown
Odense,Hindehøj,peak,55.4190864,10.4236645,16
Odense,Unknown,peak,55.4103686,10.4350739,22
Roskilde,Unknown,peak,55.6260844,12.1677499,71
Roskilde,Flintebjerg,peak,55.6259144,12.1724723,81
Roskilde,Unknown,peak,55.630748,12.1598535,57
Roskilde,Unknown,peak,55.6299545,12.1629435,56
Roskilde,54,peak,55.6274167,12.1596819,Unknown
Roskilde,Unknown,peak,55.6329034,12.1603363,53
Roskilde,Unknown,peak,55.6338193,12.1759413,53
Roskilde,Unknown,peak,55.6378124,12.174375,61
Roskilde,Unknown,peak,55.6334547,12.1543244,67
Roskilde,Unknown,peak,55.6366056,12.1566048,65
Helsingør,Unknown,park,55.9889931,12.5576648,Unknown
Helsingør,Unknown,peak,56.0085367,12.4975699,Unknown
Vejle,Gyllingehøj,peak,55.7134398,9.5854088,Unknown
Herning,Knudmosebjerget,peak,56.125559,8.9610747,79
Herning,Unknown,peak,56.1153004,8.9824176,62
Herning,Unknown,peak,56.1151149,8.9882469,61
Herning,Unknown,peak,56.11372,8.9926836,68
Herning,Unknown,peak,56.1129503,8.9977406,63
Silkeborg,Sindbjerg,peak,56.1476572,9.6080676,103
Silkeborg,Stoubjerg,peak,56.1464405,9.6143402,99
Silkeborg,Unknown,peak,56.1161442,9.6292909,100
Silkeborg,Storeknøs,peak,56.1112289,9.6455495,129
Silkeborg,Danskerknolden,peak,56.1150301,9.6508519,88
Silkeborg,Fasanknolden,peak,56.115129,9.6570124,Unknown
Silkeborg,Tyskerknolden,peak,56.1164165,9.653117,Unknown
Silkeborg,Duedal Bjerg,peak,56.1208141,9.5495074,117
Silkeborg,Lilleknøs,peak,56.113176,9.6492885,120
Silkeborg,Fiskers Plads,peak,56.1139324,9.6619808,Unknown
Silkeborg,Lovdal,peak,56.0979633,9.5168921,119
Silkeborg,Thorashøj,peak,56.1433795,9.5690462,46
Silkeborg,Svinebjerg,peak,56.1155028,9.6207782,79
Silkeborg,Tygesbjerg,peak,56.1148985,9.6145285,71
Silkeborg,Øster Lønbjerg,peak,56.1119519,9.6107811,97
Silkeborg,Unknown,peak,56.1178096,9.6403065,95
Silkeborg,Bryndumshøj,peak,56.1564031,9.5801776,Unknown
Silkeborg,Unknown,peak,56.1221962,9.6813904,42
Silkeborg,Unknown,peak,56.1320922,9.5663585,47
Silkeborg,Kongestolen,peak,56.1203313,9.6134661,83
Silkeborg,Unknown,peak,56.1105671,9.658021,113
Silkeborg,Unknown,peak,56.1045159,9.6519586,137
Silkeborg,Unknown,peak,56.1151045,9.5677879,82
Silkeborg,Unknown,peak,56.1172039,9.5699056,78
Silkeborg,Unknown,peak,56.1220422,9.5380959,96
Silkeborg,Unknown,peak,56.1187238,9.5272347,94
Silkeborg,Unknown,peak,56.1204421,9.5226415,87
Silkeborg,Unknown,peak,56.1211698,9.5165253,87
Silkeborg,Unknown,peak,56.1524584,9.5337671,48
Silkeborg,Agnesbænk,peak,56.1515003,9.5496524,47
Silkeborg,Unknown,peak,56.1451423,9.5568487,52
Silkeborg,Unknown,peak,56.1262443,9.543107,29
Silkeborg,Unknown,peak,56.1448465,9.4107712,93
Silkeborg,Vesterskov Banke,peak,56.1289386,9.4404512,91
Silkeborg,Saksbakke,peak,56.1837193,9.4085516,86
Silkeborg,Karlshøj,peak,56.1772818,9.4680418,96
Silkeborg,Stenknold,peak,56.1039424,9.4514256,126
Silkeborg,Unknown,peak,56.1355217,9.5328164,88
Silkeborg,Lundbjerg,peak,56.157127,9.6361193,93
Silkeborg,Frederikkehøj,peak,56.1304148,9.514533,Unknown
Silkeborg,Unknown,peak,56.1300484,9.5278535,80
Silkeborg,Unknown,peak,56.1327545,9.5043107,124
Silkeborg,Unknown,peak,56.130711,9.5075776,124
Silkeborg,Unknown,peak,56.1302809,9.5165503,113
Silkeborg,Unknown,peak,56.1381863,9.5278459,96
Silkeborg,Unknown,peak,56.1381736,9.5405865,82
Silkeborg,Unknown,peak,56.1089582,9.6410229,113
Silkeborg,Skulpturparken,park,56.1529079,9.524714,Unknown
Silkeborg,Eveshøj,peak,56.183023,9.588906,Unknown
Silkeborg,Blæsbjerg,peak,56.1853796,9.6133866,Unknown
Silkeborg,Drewsens Høj,peak,56.1511343,9.5190123,Unknown
Silkeborg,Gunilshøj,peak,56.1329549,9.5473373,Unknown
