city,place_id,name,rating,address,latitude,longitude,types
Copenhagen,ChIJV_neuJRNUkYRWbflSGPdtSU,Bernstorff castle,4.4,"Jægersborg Alle 93, Gentofte",55.7584216,12.5523677,"tourist_attraction, point_of_interest, establishment"
Copenhagen,ChIJ7ymjuBFTUkYRGnfQZO8hyWc,Caritas fountain by Statius Otto,4.3,"Vestergade, København",55.6780774,12.5723344,"tourist_attraction, park, point_of_interest, establishment"
Copenhagen,ChIJ1W-3dqKsU0YRzL9eo0eP3kw,Kastrup Fortress,4.2,"Amager Strandvej 246, København",55.6486111,12.6402778,"restaurant, tourist_attraction, food, point_of_interest, establishment"
Copenhagen,ChIJ11kDavtRUkYRaurtOWBmMpQ,Buddinge Batteri,3,"Gladsaxevej, Søborg",55.7393139,12.5004711,"tourist_attraction, point_of_interest, establishment"
Copenhagen,ChIJfXQRBBNTUkYRoec4408un1k,Ny Carlsberg Glyptotek,4.6,"Dantes Plads 7, København",55.67298,12.572543,"tourist_attraction, museum, point_of_interest, establishment"
Copenhagen,ChIJRZnqvxNTUkYRr1KKLRhldd4,National Museum of Denmark,4.5,"Ny Vestergade 10, København K",55.6744995,12.5746442,"tourist_attraction, museum, point_of_interest, establishment"
Copenhagen,ChIJ8-r2gBJTUkYRsCcLtQ0Ltdk,Tivoli Gardens,4.5,"Vesterbrogade 3, København V",55.6736841,12.5681471,"amusement_park, tourist_attraction, park, food, point_of_interest, establishment"
Copenhagen,ChIJbcIKQSNTUkYRYZYvgz1Q0eU,The Playhouse,4.5,"Sankt Annæ Plads 36, Indre By",55.680055,12.5946762,"tourist_attraction, point_of_interest, establishment"
Copenhagen,ChIJAyFCjeuQTEYRPB41ogyQqN8,The Little Mermaid,4.1,"Langelinie, København Ø",55.69286,12.5992828,"tourist_attraction, point_of_interest, establishment"
Copenhagen,ChIJHVOeQhtTUkYRPBsoRTOcNVI,Rosenborg Castle,4.6,"Øster Voldgade 4A, København",55.6858274,12.5772687,"tourist_attraction, museum, point_of_interest, establishment"
Copenhagen,ChIJ9ZSRDH2rU0YR3BGeFfl0E2M,Den Blå Planet,4.4,"Jacob Fortlingsvej 1, Kastrup",55.6381189,12.656221,"aquarium, tourist_attraction, point_of_interest, establishment"
Copenhagen,ChIJAT81qSVTUkYRJPOOnVNxCr4,Det Kongelige Teater - Operaen,4.6,"Ekvipagemestervej 10, København K",55.68217579999999,12.6000932,"tourist_attraction, point_of_interest, establishment"
Copenhagen,ChIJuT-bLnVTUkYRhsDbOa81Gj0,Museum of Copenhagen,4.3,"Stormgade 18, København",55.6743505,12.5724863,"tourist_attraction, museum, point_of_interest, establishment"
Copenhagen,ChIJjaXVDhJTUkYRjQHtvfmhuv4,Hans Christian Andersen Experience,3.8,"Rådhuspladsen 57, København",55.6763138,12.5699918,"tourist_attraction, point_of_interest, establishment"
Copenhagen,ChIJecok-N9SUkYRM2v7tTvxyPg,Kastellet,4.6,"Gl. Hovedvagt, Kastellet 1, København",55.69137600000001,12.594301,"tourist_attraction, point_of_interest, establishment"
Copenhagen,ChIJcwY-NiJTUkYRP1UVnat_8Vw,Amalienborg Palace,4.5,"Amalienborg Slotsplads, København K",55.6840588,12.5930201,"tourist_attraction, museum, point_of_interest, establishment"
Copenhagen,ChIJHVOeQhtTUkYRaKzp1xE05Q0,The King's Garden,4.6,"Øster Voldgade 4A, København",55.6852905,12.5798452,"tourist_attraction, park, point_of_interest, establishment"
Copenhagen,ChIJmR7d-w1TUkYREP3tqhywFyc,City Hall Square,4.4,Copenhagen,55.67591419999999,12.5691284,"tourist_attraction, point_of_interest, establishment"
Copenhagen,ChIJMTzE6yFTUkYR90_sHEhzRqc,Designmuseum Danmark,4.3,"Bredgade 68, København",55.6865563,12.5928422,"museum, tourist_attraction, point_of_interest, establishment"
Copenhagen,ChIJoZv7gxBTUkYRN6Q-o22fOuc,The Round Tower,4.5,"Købmagergade 52A, København",55.681347,12.57573,"tourist_attraction, point_of_interest, establishment"
Copenhagen,ChIJhwUoPJRTUkYR78kejeKf2zs,Copenhagen Zoo,4.4,"Roskildevej 32, Frederiksberg",55.671691,12.523429,"zoo, tourist_attraction, point_of_interest, establishment"
Copenhagen,ChIJhaniNzxTUkYRb49PigcFdtM,Danish Architecture Centre,4.3,"Bryghusgade 10, København",55.6722883,12.5789266,"museum, tourist_attraction, point_of_interest, establishment"
Copenhagen,ChIJ0VKKcwtTUkYRYskOpknXs7A,Planetarium,3.8,"Gammel Kongevej 10, Indre By",55.67465079999999,12.5580804,"tourist_attraction, movie_theater, museum, point_of_interest, establishment"
Copenhagen,ChIJye06RjlTUkYRK7RPt-oBGME,Church of Our Saviour,4.6,"Sankt Annæ Gade 29, København",55.6729387,12.5942102,"church, tourist_attraction, place_of_worship, point_of_interest, establishment"
Copenhagen,ChIJvYWnuhhTUkYR3m95N7vDrmo,Frederik's Church,4.6,"Frederiksgade 4, København",55.6848926,12.589986,"church, tourist_attraction, place_of_worship, point_of_interest, establishment"
Copenhagen,ChIJO9KdFKxTUkYR6_1IrFJ9jgY,Assistens Cemetery,4.7,"Kapelvej 2, Nørrebro",55.6910102,12.5501533,"cemetery, tourist_attraction, point_of_interest, establishment"
Copenhagen,ChIJ36KzuxVTUkYRDDCgC3HCTGw,"Det Kgl. Bibliotek, The Royal Library",4.7,"Søren Kierkegaards Plads 1, Indre By",55.6733994,12.5826588,"library, tourist_attraction, point_of_interest, establishment"
Copenhagen,ChIJRZnqvxNTUkYRqzD4wYluqq4,The Victorian Home,4.4,"Frederiksholms Kanal 18, København",55.67438319999999,12.5768164,"museum, tourist_attraction, point_of_interest, establishment"
Copenhagen,ChIJP1Iq_yBTUkYRWZIXkjpa5bE,Museum of Danish Resistance,4.3,"Esplanaden 13, København",55.6881676,12.5959675,"tourist_attraction, museum, point_of_interest, establishment"
Copenhagen,ChIJh3wvJx1TUkYRsBM5GKdGnxs,Hirschsprung Collection,4.6,"Stockholmsgade 20, København",55.68999299999999,12.5773931,"tourist_attraction, museum, point_of_interest, establishment"
Copenhagen,ChIJF2rIsxZTUkYRwtHCYRGSY5c,Thorvaldsens Museum,4.5,"Bertel Thorvaldsens Plads 2, København K",55.6765485,12.5782685,"tourist_attraction, museum, point_of_interest, establishment"
Copenhagen,ChIJ0TCvI-hNUkYRX0SeGQg_QaE,ARKEN Museum of Contemporary Art,4.3,"Skovvej 100, Ishøj",55.606182,12.3876347,"tourist_attraction, museum, point_of_interest, establishment"
Copenhagen,ChIJfyjMH5dTUkYRb6MBP3wrqC0,Cisterns in Søndermarken,4.2,"Roskildevej 25A, Frederiksberg",55.6695374,12.5242031,"museum, tourist_attraction, point_of_interest, establishment"
Copenhagen,ChIJaYrImBxTUkYRTv3YfV7vceY,Museum of Natural History,4.1,"Øster Voldgade 5, 7, Indre By",55.6874652,12.5767806,"museum, tourist_attraction, point_of_interest, establishment"
Copenhagen,ChIJXYp1kiBTUkYRrjkQMxuLT8o,Gefion Fountain,4.6,"Churchillparken, København K",55.6893283,12.5976365,"tourist_attraction, park, point_of_interest, establishment"
Copenhagen,ChIJJ7ITIBhTUkYR4AvPXAdIYgM,Kongens Nytorv,4.5,"Kongens Nytorv, Indre By",55.680522,12.585957,"tourist_attraction, park, point_of_interest, establishment"
Copenhagen,ChIJ7TqF1w9TUkYRJ0He5c0Ay6s,Saint Petri Church,4.3,"Sankt Peders Stræde 2, København",55.6800569,12.5707868,"church, tourist_attraction, place_of_worship, point_of_interest, establishment"
Copenhagen,ChIJncXEL1pOUkYRN3Oia9AfiDo,The Open Air Museum,4.6,"Kongevejen 100, Kongens Lyngby",55.78567959999999,12.4901441,"museum, tourist_attraction, point_of_interest, establishment"
Copenhagen,ChIJp8jZW2pTUkYRQmmHh_lfaPk,Amager Beachpark,4.6,"Amager Strand Promenaden 1, København",55.65453249999999,12.6496067,"park, tourist_attraction, point_of_interest, establishment"
Copenhagen,ChIJY47XZhZTUkYRVa7TqtZPkss,Børsen,4.5,Indre By,55.67550130000001,12.5840127,"tourist_attraction, point_of_interest, establishment"
Copenhagen,ChIJ0zpeghdTUkYRc3uAuuHgZ50,Guinness World Records Museum,3.5,"Østergade 16, København",55.6802207,12.5838497,"tourist_attraction, point_of_interest, establishment"
Copenhagen,ChIJRb36Tz5TUkYRKdh_2I2YIlI,Christian's Church,4.5,"Strandgade 1, København",55.67237540000001,12.5872175,"tourist_attraction, church, place_of_worship, point_of_interest, establishment"
Copenhagen,ChIJYwKWn5ZTUkYR_NPLdkpx0Xo,Frederiksberg Palace,4.5,"Roskildevej 28 A, Frederiksberg C",55.67210970000001,12.5253483,"tourist_attraction, point_of_interest, establishment"
Copenhagen,ChIJW7zM0hBTUkYR6ZKVuxWzFgw,Stork Fountain,4.4,"Amagertorv 6, København",55.67883560000001,12.579573,"tourist_attraction, park, point_of_interest, establishment"
Copenhagen,ChIJVZnk3BBTUkYR5bFt3-L7j2c,Church of the Holy Spirit,4.4,"Niels Hemmingsens Gade 5, København",55.6789754,12.5766239,"tourist_attraction, church, place_of_worship, point_of_interest, establishment"
Copenhagen,ChIJc6Dg8CFTUkYRMb9YySXljOQ,Medicinsk Museion,4.4,"Bredgade 62, København",55.68598489999999,12.5917864,"tourist_attraction, museum, point_of_interest, establishment"
Copenhagen,ChIJZ7XgGRdTUkYRmi-Kary7yRs,Nikolaj Art Gallery,4.1,"Nikolaj Plads 10, København",55.678644,12.5815874,"tourist_attraction, museum, point_of_interest, establishment"
Copenhagen,ChIJhYY5HQVTUkYRU7nk0bC9YhU,Workers Museum,4.4,"Rømersgade 22, København",55.6849417,12.5701915,"museum, tourist_attraction, point_of_interest, establishment"
Copenhagen,ChIJ29Bo2ZdTUkYRfFLOXgQMGJc,Storm P. Museum,4.3,"Frederiksberg Runddel, Frederiksberg",55.67451390000001,12.5320843,"museum, tourist_attraction, point_of_interest, establishment"
Copenhagen,ChIJS7YcxRVTUkYRQ0ZvaPs-cGo,Danish Jewish Museum,4,"Proviantpassagen 6, København",55.67427199999999,12.582269,"museum, tourist_attraction, point_of_interest, establishment"
Copenhagen,ChIJgRvPWb9NUkYRZ0H_K9PuqYY,Ordrupgaard,4.5,"Vilvordevej 110, Charlottenlund",55.7668196,12.5625076,"tourist_attraction, museum, point_of_interest, establishment"
Copenhagen,ChIJFUMgvgBTUkYRGwrGYOWsLP4,Politimuseet - Danish Police Museum,4.4,"Fælledvej 20, København",55.6901224,12.5608252,"museum, tourist_attraction, point_of_interest, establishment"
Copenhagen,ChIJa3JPQRZTUkYR_IXRgbTSM7M,Church of Holmen,4.6,"Holmens Kanal 21, Indre By",55.6766342,12.5836016,"church, tourist_attraction, place_of_worship, point_of_interest, establishment"
Copenhagen,ChIJw_XJaDtTUkYRfVOCvQxdfIY,North Atlantic House,4.3,"Strandgade 91, København",55.6776793,12.5966259,"art_gallery, tourist_attraction, museum, restaurant, food, point_of_interest, establishment"
Copenhagen,ChIJPwVYDhBTUkYRNkwCykidSnY,Trinitatis Kirke,4.5,"Landemærket 2, København",55.6815933,12.5761475,"tourist_attraction, church, place_of_worship, point_of_interest, establishment"
Copenhagen,ChIJp_7i9CBTUkYRC0PyZvIx2Pg,St Alban's Church,4.6,"Churchillparken 11, Indre By",55.6891773,12.5970079,"tourist_attraction, church, place_of_worship, point_of_interest, establishment"
Copenhagen,ChIJG7BEIxRTUkYRpKmcPLGhqDw,The War Museum,4.5,"Tøjhusgade 3, København",55.67415099999999,12.5803648,"tourist_attraction, museum, point_of_interest, establishment"
Copenhagen,ChIJHWOjuSNTUkYR4F-CiktZrfE,Amaliehaven,4.5,"Toldbodgade, København",55.6835645,12.595153,"tourist_attraction, park, point_of_interest, establishment"
Copenhagen,ChIJQdVeBJpWUkYRqP9lJ6TkwEY,Forstadsmuseet,4.2,"Alarmpladsen 3, Hvidovre",55.6321862,12.4482748,"tourist_attraction, museum, point_of_interest, establishment"
Copenhagen,ChIJ15YwRP5NUkYR43n51gE8GFs,Vangede Church,4.5,"Vangedevej 50, Gentofte",55.7471534,12.5217516,"church, tourist_attraction, place_of_worship, point_of_interest, establishment"
Aarhus,ChIJiWrEWuk_TEYRyfbuF2pOVrU,The Old Town,4.6,"Viborgvej 2, Aarhus Centrum",56.1578104,10.1936446,"tourist_attraction, museum, point_of_interest, establishment"
Aarhus,ChIJBWqPwpI_TEYRiGBijr8Hph4,ARoS Aarhus Art Museum,4.5,"Aros Allé 2, Aarhus",56.15391899999999,10.199716,"tourist_attraction, museum, point_of_interest, establishment"
Aarhus,ChIJR1WUocc_TEYRNL3QY1_kDP4,"Museum of Ancient Art, Aarhus",4.4,"Victor Albecks Vej 3, Aarhus Centrum",56.1704672,10.2004485,"museum, tourist_attraction, point_of_interest, establishment"
Aarhus,ChIJ9RBuRnZATEYR4w2MuG6RNxg,Tivoli Friheden,4.3,"Skovbrynet 5, Aarhus",56.136601,10.1978533,"amusement_park, tourist_attraction, point_of_interest, establishment"
Aarhus,ChIJvVT_ypY_TEYRturIlG-89cI,Aarhus Cathedral,4.5,"Store Torv, Aarhus",56.1568917,10.2108812,"tourist_attraction, church, place_of_worship, point_of_interest, establishment"
Aarhus,ChIJjx7hNJE_TEYRjru35i02LOc,Viking Museum,3.9,"Sankt Clemens Torv 6, Aarhus Centrum",56.1566146,10.209081,"tourist_attraction, museum, point_of_interest, establishment"
Aarhus,ChIJ7998_40_TEYRduBonWDmOFI,Catholic Church of Our Lady,4.6,"Ryesgade 26, Aarhus Centrum",56.1515127,10.204666,"tourist_attraction, church, place_of_worship, point_of_interest, establishment"
Aarhus,ChIJzaI7QYpATEYR0L66RI7N3D8,Marselisborg Deer Park,4.8,"Ørneredevej 6, Højbjerg",56.12267569999999,10.2190309,"zoo, tourist_attraction, park, point_of_interest, establishment"
Aarhus,ChIJcWSPyZY_TEYROgE5wrb5Hfk,Store Torv,4.1,"Store Torv, Aarhus Centrum",56.15722659999999,10.2092619,"tourist_attraction, point_of_interest, establishment"
Aarhus,ChIJfUUOLJE_TEYR9Yy4AFzAZFw,Bishop's Square,4.3,"Bispetorvet, Aarhus",56.1564564,10.2102168,"tourist_attraction, point_of_interest, establishment"
Aarhus,ChIJ2eUoDJQ_TEYRts9C1rLNw1Q,Atomkraft - Nej tak,3.6,"Vestergade 7, Aarhus Centrum",56.15757869999999,10.2056876,"tourist_attraction, point_of_interest, establishment"
Aarhus,ChIJJUNnxJY_TEYRRhoBph2oxPo,RoyalCasino Aarhus,3.6,"Store Torv 4, Aarhus Centrum",56.15760379999999,10.2100526,"casino, tourist_attraction, point_of_interest, establishment"
Aarhus,ChIJ_cx-fGJATEYRTrNsu0lDRvQ,The Infinite Bridge,4.4,"Ørneredevej 3, Aarhus Centrum",56.1246662,10.2183349,"tourist_attraction, point_of_interest, establishment"
Aarhus,ChIJH74EBZQ_TEYRE9qvLagI3SE,Spejdermuseet Århus,4.8,"Søren Nymarks Vej 19, Højbjerg",56.1060057,10.1518544,"museum, tourist_attraction, point_of_interest, establishment"
Aarhus,ChIJOe0hoClATEYRYv25krph9Rc,Rush Trampoline Park,4.4,"Søren Nymarks Vej 8F, G, Højbjerg",56.10656239999999,10.14993,"amusement_park, gym, tourist_attraction, health, point_of_interest, establishment"
Aarhus,ChIJP6cYLHhqTEYRQR3xr3bvPxk,Naturcenter Tranbjerg,4.3,"Kirkevænget 339, Tranbjerg",56.0901337,10.1360776,"museum, tourist_attraction, point_of_interest, establishment"
Aarhus,ChIJjVeRPrI5TEYRo6DqWoOn2-g,Flintsmeden,4.1,"Hundshøjevej 15, Knebel",56.1746466,10.3893846,"museum, tourist_attraction, point_of_interest, establishment"
Aarhus,ChIJZQLR5R8UTEYR8x9ED8l_g8c,Østjydsk Indkøbsforening,N/A,"Trigevej 20, Hinnerup",56.23886339999999,10.0972379,"tourist_attraction, point_of_interest, establishment"
Aarhus,ChIJFeHVNv05TEYRCSDX1A0-AJY,Tved Kirke,4.6,"Tved Kirkebakke 12, Knebel",56.19962,10.443994,"church, tourist_attraction, place_of_worship, point_of_interest, establishment"
Aarhus,ChIJoYRqt29ATEYR9ywqbXJ4X5k,Marselisborg Castle,4.5,"Kongevejen 100, Aarhus",56.1278027,10.2028009,"tourist_attraction, point_of_interest, establishment"
Aarhus,ChIJy9dTKJc_TEYRFSZTCv2Jc44,KØN - Gender Museum Denmark,3.7,"Domkirkepladsen 5, Aarhus",56.15731290000001,10.2114058,"museum, tourist_attraction, point_of_interest, establishment"
Aarhus,ChIJK7UXso4_TEYRG_BmGuB602g,St. Paul's Church,4.4,"Sankt Pauls Kirkeplads 1, Aarhus Centrum",56.1462598,10.2038819,"tourist_attraction, church, place_of_worship, point_of_interest, establishment"
Aarhus,ChIJ75PnXr8_TEYRCIv7KiIlpa8,Naturhistorisk Museum Aarhus,4.3,"Wilhelm Meyers Allé 10, Aarhus Centrum",56.16742179999999,10.2026842,"tourist_attraction, museum, point_of_interest, establishment"
Aarhus,ChIJCUUcCYs_TEYRF-yg6IQq-v8,Sankt Lukas Church,4.4,"Sankt Lucas Kirkeplads 1, Aarhus Centrum",56.1447339,10.1941506,"tourist_attraction, church, place_of_worship, point_of_interest, establishment"
Aarhus,ChIJOToCepQ_TEYRuQDujL0NLXU,Our Lady Church,4.5,"Frue Kirkeplads 3, Aarhus Centrum",56.15808060000001,10.2047496,"tourist_attraction, church, place_of_worship, point_of_interest, establishment"
Aarhus,ChIJiWrEWuk_TEYR8AoCPOPjXQU,Danish Poster Museum,4.3,"Viborgvej 2, Aarhus Centrum",56.15845400000001,10.193557,"tourist_attraction, museum, point_of_interest, establishment"
Aarhus,ChIJBWV6Z7k_TEYRDBAN9sA5SuI,"St. John's Church, Aarhus",4.5,"Peter Sabroes Gade 20, Aarhus",56.1691131,10.2101014,"tourist_attraction, church, place_of_worship, point_of_interest, establishment"
Aarhus,ChIJYei1jzc-TEYRVCPilTwilZs,Vejlby Church,4.5,"Bredkildegade 5, Risskov",56.19514419999999,10.2117826,"tourist_attraction, church, place_of_worship, point_of_interest, establishment"
Aarhus,ChIJJYSJqVY-TEYR8t6_4VQiEXE,Risskov Kirke,4.5,"Risskov Kirkegård, Solbakken 2A, Risskov",56.188205,10.2362119,"tourist_attraction, church, place_of_worship, point_of_interest, establishment"
Aarhus,ChIJD7xt1mYVTEYRR6k4Z_T91wk,Hasle Church,4.2,"Haslegårdsvej 4, Aarhus",56.169723,10.161064,"church, tourist_attraction, place_of_worship, point_of_interest, establishment"
Aarhus,ChIJ2UQogxtBTEYR3QBzDq4qJ40,Moesgaard Museum,4.7,"Moesgård Allé 15, Højbjerg",56.0887158,10.2235017,"museum, tourist_attraction, point_of_interest, establishment"
Aarhus,ChIJgUwrgL8_TEYRaYSUGYiiOuc,Steno Museum,4.5,"C. F. Møllers Allé 2, Aarhus",56.1655348,10.2028374,"tourist_attraction, museum, point_of_interest, establishment"
Aarhus,ChIJw8IZt21ATEYRa9-dSABCBeE,Ole Rømer Observatory,4.5,"Observatorievejen 1, Aarhus",56.1276723,10.1931674,"tourist_attraction, museum, point_of_interest, establishment"
Aarhus,ChIJ3URg9lI-TEYR-DkI0ELIHEc,Museum Ovartaci,4.4,"Olof Palmes Allé 11, Aarhus N",56.1862349,10.1881743,"tourist_attraction, museum, point_of_interest, establishment"
Aarhus,ChIJU6_luOs_TEYRLcHaxOtVeo8,Greenhouses in the Botanical Garden,4.6,"Møllevejen, Peter Holms Vej 10A, Aarhus",56.1601785,10.1932961,"tourist_attraction, park, point_of_interest, food, establishment"
Aarhus,ChIJh4X0eJI_TEYRnt0H5Dv7TGA,Rådhusparken,4.3,"Park Allé 2, Aarhus",56.1516094,10.2015481,"tourist_attraction, park, point_of_interest, establishment"
Aarhus,ChIJKfOmHWU_TEYR_WRgpPzhvnQ,Mindrebæltsbroen,4.5,"Klostergade 28, Aarhus Centrum",56.1590967,10.2066076,"tourist_attraction, point_of_interest, establishment"
Aarhus,ChIJ41WevoY_TEYR4gV92Ux62Sg,History Hunts med Hvem,4,"Paradisgade 7, Aarhus Centrum",56.1600313,10.209561,"tourist_attraction, point_of_interest, establishment"
Aarhus,ChIJz067TQA_TEYRRIEloy_Rg6U,Monkey & Bird mural,5,"Klostergade 80, Aarhus",56.1585717,10.2026279,"tourist_attraction, point_of_interest, establishment"
Aarhus,ChIJOToCepQ_TEYRoqFEWtNHH8M,Klosterkirken,4.6,"Klostergade 59, Aarhus Centrum",56.1582418,10.204636,"church, tourist_attraction, place_of_worship, point_of_interest, establishment"
Aarhus,ChIJBTIKFpQ_TEYR3TPHtto8phc,Klostertorvet,3.7,"Klostertorvet, Aarhus",56.1583333,10.2061111,"tourist_attraction, point_of_interest, establishment"
Aarhus,ChIJL48pfgA_TEYRFUV1cX9I6tY,AmoRomA Giebelfassade,N/A,"Vestergade, Aarhus",56.15752680000001,10.2013205,"tourist_attraction, point_of_interest, establishment"
Aarhus,ChIJHxMDqJY_TEYRJrv1cunHouc,Lille Torv,4.2,"Lille Torv, Aarhus",56.1576102,10.2072903,"tourist_attraction, point_of_interest, establishment"
Aarhus,ChIJle0tsJc_TEYRgA8bp5eooJ4,Escape Factory Aarhus,4.6,"Mejlgade 52, Aarhus Centrum",56.1600166,10.2132012,"tourist_attraction, point_of_interest, establishment"
Aarhus,ChIJ-6NQVZE_TEYR7ob-mTyrj_s,Vadestedet,4.5,"Åboulevarden 66, Aarhus Centrum",56.1567878,10.2071653,"tourist_attraction, point_of_interest, establishment"
Aarhus,ChIJ_cuVY1c_TEYRptJQEEUBNfk,Latin Quarter,4.4,"Mejlgade, Aarhus",56.1581546,10.2120436,"tourist_attraction, point_of_interest, establishment"
Aarhus,ChIJrVXUnxQ_TEYROnNQy5YO3KI,Møllen i botanisk have Århus,4.6,"Vesterbro, Aarhus",56.1594495,10.1935662,"tourist_attraction, point_of_interest, establishment"
Aarhus,ChIJnUnuq8I_TEYRjNvmVoklRVE,Sankt Clements Torv,5,"Sankt Clemens Torv 10, Aarhus Centrum",56.1559282,10.2082025,"tourist_attraction, point_of_interest, establishment"
Aarhus,ChIJmQE4aww_TEYR0xAqYLFUaWE,Flodhestefontæne,4.9,"Frederiksgade 27, Aarhus",56.1555174,10.2055555,"tourist_attraction, point_of_interest, establishment"
Aarhus,ChIJc728fb0_TEYRCB_wJKw2qhg,Flemming Bamse Jørgensens Plads,4.1,"Hjortholmsvej, Aarhus",56.1629965,10.2173044,"tourist_attraction, point_of_interest, establishment"
Aarhus,ChIJtyvcxH0_TEYRBrgaVdoJfNU,Museumsbroen,2.7,"Museumsgade 24, Aarhus Centrum",56.1561223,10.1971441,"tourist_attraction, point_of_interest, establishment"
Aarhus,ChIJMfsIpeQ_TEYRdcyZP_JFSq8,Herman Sallings Plads,4.4,"Midtbyen, Aarhus",56.15717109999999,10.2135217,"tourist_attraction, point_of_interest, establishment"
Aarhus,ChIJi3BQXZc_TEYRnQAFXQSN83k,Aarhus Havnefronten,4.5,"Midtbyen, Aarhus",56.15772,10.2145312,"tourist_attraction, point_of_interest, establishment"
Aarhus,ChIJ250dUJc_TEYRIRu3Stkaz78,Endless Connection,4.5,"havnepladsen, Aarhus",56.1565804,10.2140217,"tourist_attraction, point_of_interest, establishment"
Aarhus,ChIJlRptdTk_TEYRMNF8kkJo5MU,Strøget,4.4,"Søndergade, Aarhus",56.1541636,10.2063505,"tourist_attraction, point_of_interest, establishment"
Aarhus,ChIJ36zuApE_TEYRNv-rPB6yzrg,Mural - The Seagull Kiss,5,"Fiskergade 90, Aarhus Centrum",56.1545,10.2099661,"tourist_attraction, point_of_interest, establishment"
Aarhus,ChIJzx2W22k_TEYRF3BFlQsKmks,AU Garden,3,"Nordre Ringgade 58, Aarhus N",56.17187149999999,10.2081024,"tourist_attraction, point_of_interest, establishment"
Aarhus,ChIJDf6Qr0A_TEYR7nIRLG8A0AQ,"Street Art Mural - ""Careful""",4,"Fredensgade 16, Aarhus",56.1539119,10.2089187,"tourist_attraction, point_of_interest, establishment"
Aarhus,ChIJyy_QBQA_TEYRfPLVE02unFM,Fonden Jakob,N/A,"Hack Kampmanns Plads 2, Aarhus Centrum",56.1543333,10.2144889,"tourist_attraction, point_of_interest, establishment"
Aarhus,ChIJb2ezCpI_TEYRzypE-Fmn7oQ,Århus Rådhustårn,4.7,"Park Allé 2, Aarhus Centrum",56.15173799999999,10.202892,"tourist_attraction, point_of_interest, establishment"
Odense,ChIJE5A-n_jfTEYR-4i_f-2b97c,H. C. Andersens House,4.1,"H.C. Andersen Haven 1, Odense C",55.39840450000001,10.3905187,"museum, tourist_attraction, point_of_interest, establishment"
Odense,ChIJXf9puI7fTEYRPAbnHWMaeTs,Odense Zoo,4.5,"Søndre Boulevard 306, Odense C",55.3779343,10.3731413,"zoo, tourist_attraction, point_of_interest, establishment"
Odense,ChIJYU7Y9P7fTEYROEJitDkDk1U,Danmarks Jernbanemuseum,4.6,"Dannebrogsgade 24, Odense",55.402702,10.386525,"tourist_attraction, museum, point_of_interest, establishment"
Odense,ChIJk38bD_jfTEYROvpQ5IMujIM,Odense Cathedral - St. Canute's Church,4.5,"Klingenberg 19, Odense",55.39540900000001,10.3885818,"tourist_attraction, church, place_of_worship, point_of_interest, establishment"
Odense,ChIJCVI6b_jfTEYRLKubBK_7png,Odense City Hall,4.4,"Flakhaven 2, Odense",55.3960351,10.3885214,"city_hall, tourist_attraction, local_government_office, point_of_interest, establishment"
Odense,ChIJ1VJH5AYgTUYR-hDXiUHxuvQ,Church of Our Lady,4.5,"Frue Kirkestræde 10, Odense",55.3976858,10.3951753,"tourist_attraction, church, place_of_worship, point_of_interest, establishment"
Odense,ChIJ_RyMH_jfTEYRzT9Y8q5cndg,Hans Christian Andersen's Childhood Home,4,"Munkemøllestræde 3, Odense",55.3945279,10.3872878,"tourist_attraction, museum, point_of_interest, establishment"
Odense,ChIJdagLmgcgTUYRzbXUs-hCJnM,Odense Noble Virgin Convent,4.3,"Albani Torv 6, Odense",55.3962161,10.3916174,"tourist_attraction, point_of_interest, establishment"
Odense,ChIJWc7udm3gTEYR5ehhqt6GuT4,Gallery Galschiøt,4.7,"Banevænget 22, Odense N",55.420015,10.3627818,"tourist_attraction, museum, point_of_interest, establishment"
Odense,ChIJRTP63_nfTEYRapht7QJICVo,Odense River Sailing,4.3,"Filosofgangen 30B, Odense C",55.39221320000001,10.3806925,"tourist_attraction, point_of_interest, establishment"
Odense,ChIJRV_A7vnfTEYRLRYnrWhq3VY,Forening H C Andersen Festivalen,4,"Vintapperstræde 14, Odense C",55.39573999999999,10.383108,"tourist_attraction, point_of_interest, establishment"
Odense,ChIJj0srPCEgTUYRGnB34eLPWow,Cultural-botanical Garden,4.2,Odense,55.3990457,10.4303289,"tourist_attraction, park, point_of_interest, establishment"
Odense,ChIJNURjvhMgTUYRhhdQ7hfW8AU,Bunkermuseum Of Odense,4.8,"Kragsbjergvej 99, Odense M",55.3853865,10.407611,"tourist_attraction, museum, point_of_interest, establishment"
Odense,ChIJE9CzT_7fTEYRGg3xY2tKxm8,Fyns Militærhistoriske Museum,4.2,"Odense Kaserne, Søndre Boulevard 21, Odense C",55.3862622,10.3726183,"tourist_attraction, museum, point_of_interest, establishment"
Odense,ChIJNzmAeEcgTUYROIGt2TANv8U,Go monkey odense,4.5,"Stærmosegårdsvej 57, Odense M",55.37977679999999,10.4263203,"amusement_park, tourist_attraction, point_of_interest, establishment"
Odense,ChIJHS1tVHvgTEYRUr22OlVmt8o,Carolinekilden,4.4,Odense,55.4205623,10.3439315,"tourist_attraction, park, point_of_interest, establishment"
Odense,ChIJZeAJ9n_fTEYRY5L1ncjVVAE,The old Dalum combined heat and power plant,4.8,"Dalumvej 116, Odense SV",55.3630624,10.3793147,"tourist_attraction, point_of_interest, establishment"
Odense,ChIJgb6i_ErgTEYR6hLnVIiHdcY,Lumby Mølle,4.4,"Slettensvej 294, Odense",55.449276,10.37494,"tourist_attraction, point_of_interest, establishment"
Odense,ChIJRfCD-S0eTUYRgZGqQRIaVg8,Sortehusene,4.5,"Østre Kanalvej 1, Odense C",55.4558038,10.4304518,"tourist_attraction, point_of_interest, establishment"
Odense,ChIJOylUbRThTEYRc-_bFXhKXF0,Besættelsesmuseum Fyn... Besættelsesmuseum Fyn er kun åben den første søndag i måneden fra kl 11 til 15.,4.5,"Lufthavnvej 136, Odense N",55.47290760000001,10.3302008,"tourist_attraction, museum, point_of_interest, establishment"
Odense,ChIJD78AUO8ZTUYRULym72EbPVo,Kølstrup Sogn,4.6,"Kølstrup, Kølstrup Bygade 25C, Kerteminde",55.4251244,10.5831234,"church, tourist_attraction, place_of_worship, point_of_interest, establishment"
Odense,ChIJk8h5TkQZTUYRIg0V-VTDWxE,Gl. Munkebo Miniby,4.4,"Bakkely 50, Munkebo",55.46481499999999,10.5674194,"tourist_attraction, point_of_interest, establishment"
Odense,ChIJ695-r6YjTUYRMFWVNOSxmCw,Davinde Stenmuseum,4.4,"Udlodgyden 52, Odense SØ",55.3306967,10.5507099,"museum, tourist_attraction, point_of_interest, establishment"
Odense,ChIJu8T5rkQZTUYRa-haUrSVqTQ,Munkebo Bakke,4.5,"Loddenhøj Alle 304, Munkebo",55.467232,10.571971,"tourist_attraction, point_of_interest, establishment"
Odense,ChIJ9ROLrOgYTUYRLT4Slf3gcF0,Ulriksholm Slot,4.4,"Ulriksholmvej 96, Kerteminde",55.423009,10.569724,"tourist_attraction, point_of_interest, establishment"
Odense,ChIJaSpkF_rfTEYRz1TtdPrgHCs,Art Museum Brandts,4.4,"Amfipladsen 7, Odense",55.395948,10.3808117,"tourist_attraction, cafe, museum, food, point_of_interest, establishment"
Odense,ChIJE6BsM3kgTUYRY9JdZyzTNTI,The Funen Village,4.5,"Sejerskovvej 20, Odense",55.3665461,10.3853203,"tourist_attraction, museum, point_of_interest, establishment"
Odense,ChIJAWbCGAcgTUYRR3gy8xK3sdQ,TIME - Museum for Odense,4.3,"Møntestræde 1, Odense C",55.3987292,10.3938365,"tourist_attraction, museum, point_of_interest, establishment"
Odense,ChIJ-U3m5_jfTEYRnSGdQFta6lg,Odense Castle,4.1,"Nørregade 36, Odense",55.3992788,10.3864706,"tourist_attraction, point_of_interest, establishment"
Odense,ChIJhxdjmwcgTUYREXuuJEWBk_Y,St. Alban's Church,4.5,"Adelgade 1, Odense",55.39633019999999,10.3908411,"tourist_attraction, church, place_of_worship, point_of_interest, establishment"
Odense,ChIJmbgxB_rfTEYRQskWgA8JmWQ,Tidens Samling,4.6,"Brandts Klædefabrik, Farvergården 7, Odense C",55.39490199999999,10.3811223,"museum, tourist_attraction, point_of_interest, establishment"
Odense,ChIJq3K_NpvnTEYRakhASTKd6mg,Langesø,4.5,"Langesøvej 146A, Morud",55.4323766,10.2018588,"tourist_attraction, point_of_interest, establishment"
Odense,ChIJ3ZjNiy_fTEYR6HDsXGh6Ftk,Bellinge Church,4.4,"Kirkelundvej 18, Odense SV",55.3335613,10.3139402,"church, tourist_attraction, place_of_worship, point_of_interest, establishment"
Odense,ChIJIcZnrfnfTEYRL-6mHaSNc9M,Greyfriar's Monastery,4.4,"Gråbrødre Plads 1, Odense",55.3964319,10.3863026,"tourist_attraction, place_of_worship, point_of_interest, establishment"
Odense,ChIJwdkfnh3fTEYRsFB5_XxAvno,Borgerhus,5,"Skibhusvej 27, Odense C",55.4036985,10.3922243,"tourist_attraction, point_of_interest, establishment"
Odense,ChIJp2BdLsPhTEYRnechuwPWOxQ,Andelstrappen og Fortællegyngestolen,5,Odense,55.406656,10.3924004,"tourist_attraction, point_of_interest, establishment"
Odense,ChIJzcWyiRUhTUYR97bNOXlm7Q0,Blackfriars Square,4.7,Odense,55.3984405,10.3922403,"tourist_attraction, point_of_interest, establishment"
Odense,ChIJ-wbwZtUhTUYRLJySGAkHUvU,Odense Comediehuus,4,"Sortebrødre Torv 1, Odense C",55.3981418,10.3922423,"tourist_attraction, point_of_interest, establishment"
Odense,ChIJJ8QpkQDgTEYRasH2GetBTO0,Thriges Kraftcentral,4.4,"Haubergsvej 1, Odense C",55.40635409999999,10.38841,"museum, tourist_attraction, point_of_interest, establishment"
Odense,ChIJY-0qZYkhTUYR7pOrtPIEzUU,Hans Christian Andersen Mural,4.1,"Bangs Boder 24, Odense C",55.3979568,10.3914854,"tourist_attraction, point_of_interest, establishment"
Odense,ChIJx0CVfF_fTEYRf2tc7nzVr4Y,Sankt Hans Præstegård,5,"Nørregade 42, Odense",55.39953810000001,10.3881842,"tourist_attraction, point_of_interest, establishment"
Odense,ChIJ2bkTF_IhTUYR6dF5wtQCJDI,Klods Hans billedevæg,5,Odense,55.3961025,10.3927823,"tourist_attraction, point_of_interest, establishment"
Odense,ChIJhZesxiQhTUYRlDcmNluLAxs,Washing Site at Odense River,4.9,"Paaskestræde 20, Odense C",55.3960269,10.3926711,"tourist_attraction, point_of_interest, establishment"
Odense,ChIJNSdAG5rfTEYROLBQvUznzmk,Tomb of Don Augustin Mollon of the dragoon regiment Almanza,4.5,Odense,55.3994868,10.38732,"tourist_attraction, point_of_interest, establishment"
Odense,ChIJbyQqgMvfTEYRNGRpdY3Bj9Q,King's Garden,4.4,"Jernbanegade, Odense",55.400066,10.3857209,"park, tourist_attraction, point_of_interest, establishment"
Odense,ChIJqQuZ1t_fTEYR13uOUAVMCmU,Vægmaleri,N/A,"Vestergade 7, Odense",55.3965705,10.3885446,"tourist_attraction, point_of_interest, establishment"
Odense,ChIJI2oex28hTUYRGUCeuLFgORw,Klokkedybet,4.5,Odense Å,55.3951992,10.3909747,"tourist_attraction, point_of_interest, establishment"
Odense,ChIJp67BD_zfTEYRSSNNQhoGQwI,The City's Bridge,4.4,"Østre Stationsvej 39, Odense C",55.40112970000001,10.382809,"tourist_attraction, point_of_interest, establishment"
Odense,ChIJ38CJOD3hTEYRxv1HcbSXPL4,H. C. Andersen skulptur i havnen (af Jens Galschiøt),4.6,Odense Fjord,55.40666539999999,10.3827815,"tourist_attraction, point_of_interest, establishment"
Odense,ChIJv5e9XmLfTEYRiLw_ZaUTe3Y,The maiden jump,4,"Munkemøllestræde 4, Odense C",55.3950654,10.3876212,"tourist_attraction, point_of_interest, establishment"
Odense,ChIJAWYDRx7hTEYRdqIb_COFANw,Promenaden Treppe,4.7,Odense-Fjord,55.4075952,10.3811765,"tourist_attraction, point_of_interest, establishment"
Odense,ChIJxSeRivXfTEYRcxi74iZ73h0,The Darning Needle,4.8,"Vestergade 48, Odense",55.3952756,10.3848318,"tourist_attraction, point_of_interest, establishment"
Odense,ChIJ12FecwDhTEYR9w9_EMVsDd8,Street Art - Odense Havn,4.7,"Helsingborggade, Odense",55.4116738,10.3829397,"tourist_attraction, point_of_interest, establishment"
Odense,ChIJbZ9iFTrfTEYRfPYsasCDQO0,Hermes (gud for handlende) vandskulptur,4.8,Odense,55.3987993,10.3794247,"tourist_attraction, point_of_interest, establishment"
Odense,ChIJa0LD9jffTEYRd-voNEAi--0,Hyldest til John Lennon,1.7,Odense,55.3957545,10.3810529,"tourist_attraction, point_of_interest, establishment"
Odense,ChIJ0zBo9ODfTEYRdQNSgiVVehg,Pantheonsfrisen,3,"Pantheonsgade, Odense",55.3942817,10.3808293,"tourist_attraction, point_of_interest, establishment"
Odense,ChIJebgvlGshTUYRD-Cs1LnfHnI,Soluret,4,Odense,55.3880326,10.3996153,"tourist_attraction, point_of_interest, establishment"
Odense,ChIJF5K8LfffTEYRt1G-a3wCv_8,The Sea Horse,4.3,"Ny Vestergade 19, Odense C",55.3925462,10.3819597,"tourist_attraction, point_of_interest, establishment"
Odense,ChIJLws6Mv_fTEYRXhoJ4PrVJjE,UDEN TITEL | Pierre Schumann.,4.5,"Jagtvej 94, Odense C",55.3911423,10.3821022,"tourist_attraction, point_of_interest, establishment"
Odense,ChIJj8TU2fTfTEYRGA9OhMnsooA,Kvægtorvet,3.7,Odense,55.3994568,10.3719396,"tourist_attraction, point_of_interest, establishment"
Aalborg,ChIJRb2uxFkySUYRHxg7nzJNtzY,Aalborg Zoo,4.4,"Mølleparkvej 63, Aalborg",57.0370298,9.898043899999998,"zoo, tourist_attraction, point_of_interest, establishment"
Aalborg,ChIJoTYxvPIySUYRC5jUUkY9eQQ,Church of Our Lady,4.5,"Vor Frue Plads 1, Aalborg",57.04635219999999,9.923946299999999,"church, tourist_attraction, place_of_worship, point_of_interest, establishment"
Aalborg,ChIJ5_q4C40ySUYR0j1qj0LjV_k,Aalborghus Castle,4,"Aalborghus Slot, Slotspladsen 1, Aalborg",57.0495587,9.924495299999998,"tourist_attraction, point_of_interest, establishment"
Aalborg,ChIJyQT6SpMySUYRi2nFE0th5Jk,Nordkraft,4.4,"Kjellerups Torv 1, Aalborg",57.0465471,9.932136999999999,"tourist_attraction, point_of_interest, establishment"
Aalborg,ChIJPeM7w4wySUYRb3jI0s3H66M,Apotekersamlingen,4.7,"Østerågade 9, 4. sal, Aalborg",57.04846239999999,9.921128899999998,"museum, tourist_attraction, point_of_interest, establishment"
Aalborg,ChIJAy5ImosySUYRk5Fgt8XwSXc,Håndværkerhuset Aalborg,4.7,"Kattesundet 20, Aalborg",57.0509704,9.9176304,"museum, tourist_attraction, point_of_interest, establishment"
Aalborg,ChIJMc-UmvoySUYRuB15BcEVC-U,Limfjordsbanen,4.6,"Hjulmagervej 56, Aalborg",57.0364223,9.917566099999998,"museum, tourist_attraction, point_of_interest, establishment"
Aalborg,ChIJi7-ktecySUYRd98q1_4tvLE,Leo's Legeland,4.2,"Poul Larsens Vej 12, Aalborg",57.0338998,9.933543900000002,"amusement_park, cafe, tourist_attraction, restaurant, food, store, point_of_interest, establishment"
Aalborg,ChIJcyRr_FkySUYRkSPTX83kHP8,Klatreparken Aalborg,4.6,"Faunavej 7, Aalborg",57.03804589999999,9.897830999999998,"amusement_park, tourist_attraction, point_of_interest, establishment"
Aalborg,ChIJtVhP2uEySUYRzQj6KXu5GJM,Aalborg Miniby,4.5,"Vestre Fjordvej 81, Aalborg",57.0588584,9.8936105,"tourist_attraction, point_of_interest, establishment"
Aalborg,ChIJKSvW0lcwSUYRR3EptWvrz44,Gestus,3.5,"Oldenborrevej 2, c/o Karen-Marie Hovmøller, Aalborg",57.03796999999999,9.758118999999997,"tourist_attraction, point_of_interest, establishment"
Aalborg,ChIJkXp3TxAwSUYRBRI0vrV7YNY,Bruuns Kapel,3.8,"Isbakkevej, Aabybro",57.07118089999999,9.735404599999999,"tourist_attraction, point_of_interest, establishment"
Aalborg,ChIJyVu_tIwySUYRw7QbwLa5Bfo,Budolfi Church,4.5,"Aalborg Domkirke, Algade 40, Aalborg",57.0478769,9.9194474,"tourist_attraction, church, place_of_worship, point_of_interest, establishment"
Aalborg,ChIJa0wIMtoySUYRsPafD64-OIQ,Urania Observatory,4.6,"Borgmester Jørgensens Vej 13, Aalborg",57.0287452,9.9489436,"tourist_attraction, museum, point_of_interest, establishment"
Aalborg,ChIJAbkEQYQtSUYROH2Zm8qB7rA,Vikingemuseet Lindholm Høje,4.5,"Vendilavej 11, Nørresundby",57.078249,9.910072999999999,"tourist_attraction, museum, point_of_interest, establishment"
Aalborg,ChIJ50PguW8ySUYRtmBFuHP_WE4,Springeren - Maritime Experience Centre,4.4,"Vestre Fjordvej 81, Aalborg",57.0591434,9.8935843,"museum, tourist_attraction, point_of_interest, establishment"
Aalborg,ChIJTW1RqIwySUYRiV-IMdyQPWg,Aalborg Historical Museum,4.3,"Algade 48, Aalborg",57.048163,9.91788,"tourist_attraction, museum, point_of_interest, establishment"
Aalborg,ChIJ0TqQv1gySUYR7JJs5DPISqE,Aalborgtårnet,4.2,"Søndre Skovvej 30, Aalborg",57.0417929,9.904547599999999,"tourist_attraction, point_of_interest, establishment"
Aalborg,ChIJhQgTn4wySUYR-GMHL_lyTc4,Aalborg Kloster,4.6,"Klosterjordet 1, Aalborg",57.04885239999999,9.918384099999999,"tourist_attraction, point_of_interest, establishment"
Aalborg,ChIJdUMBHvQySUYR0ic7a5mHano,Kildeparken,4.4,"Gammel Kærvej 11, Aalborg",57.0423074,9.914023799999997,"park, tourist_attraction, point_of_interest, establishment"
Aalborg,ChIJg_wfgWwySUYRmhmA-lC3tVA,Defence and Garrison Museum,4.5,"Skydebanevej 22, Aalborg",57.05614929999999,9.883448999999997,"tourist_attraction, museum, point_of_interest, establishment"
Aalborg,ChIJhwQqK_MySUYRpa6vLu7ZMHM,Gråbrødrekloster Museum,4.2,"Algade 19, Aalborg",57.0472103,9.9219058,"tourist_attraction, museum, point_of_interest, establishment"
Aalborg,ChIJUcaezvQySUYRCbuq3Jg53nU,Gåsepigen af Gerhard Henning,4.2,"Vesterbro 65, Aalborg",57.0476222,9.914960299999997,"tourist_attraction, point_of_interest, establishment"
Aalborg,ChIJwSExKuwzSUYRLAYkr0YNHj4,Jens Bangs Stonehouse,4.5,"Jens Bangs Stenhus, Østerågade 9, 2 tv, Aalborg",57.04853439999999,9.9211108,"tourist_attraction, art_gallery, point_of_interest, establishment"
Aalborg,ChIJg08GVOEzSUYRypJap_8MasE,Nytorv,4.4,"Nytorv, Aalborg",57.0494292,9.922282899999999,"tourist_attraction, point_of_interest, establishment"
Aalborg,ChIJy9TaHsszSUYReoYcz_PzkxU,Klostertorvet,4.4,Aalborg,57.0482974,9.9202848,"tourist_attraction, point_of_interest, establishment"
Aalborg,ChIJpZQ1EgAzSUYRSg6THz9vkbo,"SStreet art ""Out in the Open"" - Joram Roukes",N/A,"Bispensgade 8, 10, Aalborg",57.0495659,9.9204118,"tourist_attraction, point_of_interest, establishment"
Aalborg,ChIJRRC4HZQzSUYRpDpO8WSpY10,Fontana - Toldbod Plads,4.5,Aalborg,57.0502993,9.922970199999998,"tourist_attraction, point_of_interest, establishment"
Aalborg,ChIJP1l2sPQzSUYRn25HlsTms1g,Fritz Kochs Kiosk,4,"Gabels Torv 2, Aalborg",57.0478874,9.924658800000001,"tourist_attraction, point_of_interest, establishment"
Aalborg,ChIJl9IZGiYzSUYRaxY9Wbo3QSw,Latinergyden,5,"Latinergyden, Aalborg",57.0486711,9.9176194,"tourist_attraction, point_of_interest, establishment"
Aalborg,ChIJzRbvRV8zSUYR6LSllz_J89s,Frø springvand,4,"Bispensgade, Aalborg",57.0494605,9.9177977,"tourist_attraction, point_of_interest, establishment"
Aalborg,ChIJ6Rm9XAYzSUYRN6fiWlYiNlU,Hjelmerstald,4.6,"Hjelmerstald, Aalborg",57.04653649999999,9.922180899999999,"tourist_attraction, point_of_interest, establishment"
Aalborg,ChIJ04N5WosySUYR8iMz21zbcok,Aalborg Centrum,4.7,"Gravensgade 18, Aalborg",57.0481624,9.9173267,"tourist_attraction, point_of_interest, establishment"
Aalborg,ChIJZ7dSpD8zSUYRU_XcH3iyAHo,Aalborgmanden,4.5,"Boulevarden 13, Aalborg",57.04631870000001,9.919251599999999,"tourist_attraction, point_of_interest, establishment"
Aalborg,ChIJ6_YrXBIzSUYRSoOhZ_Vx-V8,Mindeplaque Onkel Tom,4.5,"Urbansgade 20, Aalborg",57.04956279999999,9.915762999999998,"tourist_attraction, point_of_interest, establishment"
Aalborg,ChIJDd_X-l0zSUYRiC41c4Xlgz8,Street Art Mural - Nändo Väzquez,5,"Danmarksgade 27A, Aalborg",57.0454135,9.921662099999999,"tourist_attraction, point_of_interest, establishment"
Aalborg,ChIJhZZ3z-MzSUYR150yxx_DkVY,Viewpoint Aalborg Harbour,5,"Aalborg Harbour, Aalborg",57.0524234,9.9194855,"tourist_attraction, point_of_interest, establishment"
Aalborg,ChIJJUejLMUzSUYRzeWWgm2ETqk,Banegårdspladsen,3.9,"John F. Kennedys Plads, Aalborg",57.04320919999999,9.917157999999999,"tourist_attraction, point_of_interest, establishment"
Aalborg,ChIJs27X53YzSUYRxY5XlOuEXFQ,Park of Music,4.5,Aalborg,57.0431421,9.9155036,"tourist_attraction, point_of_interest, establishment"
Aalborg,ChIJDb7VZgAzSUYRx-1NmzGYvxA,Drengen og den lille havfrue af C. J. Bonnesen,N/A,"Kildeparken, John F. Kennedys Plads 3, Aalborg",57.04220249999999,9.9154277,"tourist_attraction, point_of_interest, establishment"
Aalborg,ChIJK2YpeKczSUYRA-9fSmtwZys,Street Art,5,Norresundby,57.0571096,9.9222398,"tourist_attraction, point_of_interest, establishment"
Aalborg,ChIJpUMtSWozSUYRvITQ7X4kAqI,"""Studie i form og tern"" (1967) skulptur af Egon Fischer",N/A,"Mellem Broerne 15, Nørresundby",57.0578223,9.918354800000001,"tourist_attraction, point_of_interest, establishment"
Aalborg,ChIJWalBoWwzSUYRJIYwcXy4Ffc,Stephanie Dyrby Art Studio & Gallery,4.7,"Akvavitvej 23, Aalborg",57.05548630000001,9.9090703,"art_gallery, tourist_attraction, cafe, store, food, point_of_interest, establishment"
Aalborg,ChIJrd7Feq8zSUYRe9yBARcDlfI,"""Generationernes møde"" (2000) skulptur af billedehugger Lene Rasmussen",3.3,Norresundby,57.0583842,9.9224636,"tourist_attraction, point_of_interest, establishment"
Aalborg,ChIJ7caqUXYzSUYRxGw7RtbOS5Y,Moses Plads,5,"Kastetvej 36, Aalborg",57.0535627,9.905105200000001,"tourist_attraction, point_of_interest, establishment"
Aalborg,ChIJOeJ_ZrozSUYRp41U2Y5nUnY,Vikingeæltring (1992) skupltur af Hanne Varming,3,"Unnamed Road,9400",57.0591875,9.9180038,"tourist_attraction, point_of_interest, establishment"
Aalborg,ChIJ5dfIO_YySUYRcOUF1pQr1HM,Urbans Kælder,4.2,"Søndre Skovvej 10, Aalborg",57.040772,9.9087359,"museum, tourist_attraction, point_of_interest, establishment"
Aalborg,ChIJkzgFkeoySUYRtX-XwX5gzDI,Østre Anlæg,4.5,"Bonnesensgade 9000, Aalborg",57.0435853,9.939565,"park, tourist_attraction, point_of_interest, establishment"
Aalborg,ChIJkZKcQn0zSUYRMdZt7oUkVRo,Henning Jensens Plads og skulptur,5,"Stigsborg Parkvej 138, Nørresundby",57.0564191,9.9418796,"tourist_attraction, point_of_interest, establishment"
Aalborg,ChIJnZafZgAzSUYRpJfd2GHMV_4,Karl-Otto´s Monument,5,"3W3V+RJ, Norresundby",57.054599,9.94404,"tourist_attraction, point_of_interest, establishment"
Aalborg,ChIJj1uSiMszSUYRh3BT9hi2C6Y,Nørresundby Vandtårn på Skansebakken,N/A,"Skansevej, Nørresundby",57.063975,9.9251987,"tourist_attraction, point_of_interest, establishment"
Aalborg,ChIJ7zqpolMzSUYRSsOrjclQp3E,The interior of Inés,4.7,"Skydebanevej 14, Aalborg",57.0566516,9.888881899999998,"tourist_attraction, point_of_interest, establishment"
Aalborg,ChIJd_WbPbgySUYRQH1OpwyEIhE,Hvilehøj,5,Aalborg,57.04583659999999,9.9578582,"tourist_attraction, point_of_interest, establishment"
Aalborg,ChIJIQSKw7kySUYRRp5KEvpcbno,Signalhøj,4.3,"Carl Blochs Vej, Aalborg",57.0481989,9.958698700000001,"tourist_attraction, landmark, point_of_interest, establishment"
Aalborg,ChIJkxmrktkySUYRkPykH7tMg6Q,Sohngårdsholmparken,4.3,"Borgmester Jørgensens Vej 9B, Aalborg",57.0322511,9.946641099999999,"park, tourist_attraction, point_of_interest, establishment"
Aalborg,ChIJhSQyurwzSUYRZozctB7aM7w,Udsigtstårn Østerådalen,4.3,"Unnamed Road, Aalborg",57.01946539999999,9.917612000000002,"tourist_attraction, point_of_interest, establishment"
Aalborg,ChIJ-TQmhWozSUYR5ZS9jDUBlmU,Østerådalen,4.7,"Indkildevej, Aalborg SØ",57.0161063,9.9182796,"tourist_attraction, point_of_interest, establishment"
Aalborg,ChIJwSHcswExSUYR4zmel1o4yh4,Shelter Hasseris Skov,4.2,Aalborg,57.0442901,9.8345091,"tourist_attraction, point_of_interest, establishment"
Aalborg,ChIJcXN-kAQxSUYRPmw6EqYmOY4,Egholm Trolden,4.5,"Egholm, Aalborg",57.06856149999999,9.833734999999999,"tourist_attraction, point_of_interest, establishment"
Aalborg,ChIJ3wNmtekxSUYRdlbzuf_iSYo,Vestligste udsigtspunkt,4,"Egholm, Aalborg",57.0640236,9.8164988,"tourist_attraction, landmark, point_of_interest, establishment"
Esbjerg,ChIJmfg5hNQmS0YRzRZyux52gi0,Esbjerg Bypark,4.2,"Havnegade 20, Esbjerg",55.4640284,8.450749799999999,"tourist_attraction, park, point_of_interest, establishment"
Esbjerg,ChIJmW-4RtMmS0YR8WROb_PM_Fs,Esbjerg Printing Museum,4.3,"Borgergade 6, Esbjerg",55.4647343,8.455807699999998,"museum, tourist_attraction, point_of_interest, establishment"
Esbjerg,ChIJg3_QK0AnS0YRK9MOGoVBOLY,Fanø Skibsfarts- & Dragtsamling,4.5,"Hovedgaden 28, Fanø",55.44729579999999,8.406218099999998,"museum, tourist_attraction, point_of_interest, establishment"
Esbjerg,ChIJaSDepy8hS0YR5pZhzAfGfXI,GAME Streetmekka Esbjerg,4.4,"Nørrebrogade 1C, Esbjerg",55.4743927,8.463130300000001,"tourist_attraction, point_of_interest, establishment"
Esbjerg,ChIJh8zzLqQhS0YR0LcWDiUoWsc,"""Lyshøjen"" | Eva Koch og Steen Høyers 1997",4.4,"Landemærket, Esbjerg",55.51499579999999,8.4830458,"tourist_attraction, point_of_interest, establishment"
Esbjerg,ChIJsbCpCvAeS0YRNLtJCbOSldo,CityJump,4.3,"Tømrervej 9, Esbjerg",55.50670849999999,8.406645900000001,"amusement_park, tourist_attraction, point_of_interest, establishment"
Esbjerg,ChIJMaEoR2onS0YRehlMUbLZTPA,Fanø Museum,4.5,"Skolevej 2, Fanø",55.4454496,8.403611999999999,"museum, tourist_attraction, point_of_interest, establishment"
Esbjerg,ChIJm2k_e8khS0YRVXZdIX5_IDg,Bryndum Kirke,4.2,"Bryndumvej 115, Esbjerg N",55.53486849999999,8.4772741,"tourist_attraction, church, place_of_worship, point_of_interest, establishment"
Esbjerg,ChIJDbPfJ4bYSkYR0eUybQuUHlo,Fanø Bad Beach,4.8,Fanø,55.4315828,8.358025999999997,"tourist_attraction, point_of_interest, establishment"
Esbjerg,ChIJicH_EpsnS0YRQv03ZXV3Bss,Rindby beach,4.7,Fanø,55.4185475,8.3752268,"tourist_attraction, point_of_interest, establishment"
Esbjerg,ChIJiX3_cyAmS0YR9BbFxSrPjeg,Sønderho Gl. Fuglekøje,4.3,"Landevejen 105, Fanø",55.38476559999999,8.451277,"museum, tourist_attraction, point_of_interest, establishment"
Esbjerg,ChIJQVlLTyomS0YRk9I0JpWzRjg,Skovlegeplads,4.8,"Landevejen 107, Fanø",55.3810082,8.425262399999998,"tourist_attraction, point_of_interest, establishment"
Esbjerg,ChIJxbeup70gS0YRX1LA4lkojWE,Fiskeri- og Søfartsmuseet,4.5,"Tarphagevej 2, Esbjerg V",55.489528,8.4109673,"museum, tourist_attraction, aquarium, point_of_interest, establishment"
Esbjerg,ChIJEwzCaiohS0YRayq3BNuBz2k,Sankt Nikolaj Kirke,4.7,"Kirkegade 58, Esbjerg",55.4700391,8.4500701,"church, tourist_attraction, place_of_worship, point_of_interest, establishment"
Esbjerg,ChIJVcF3oyohS0YRei87rtB47Jo,Church of Our Saviour,4.3,"Kirkegade 24, Esbjerg",55.4675632,8.448922999999997,"tourist_attraction, church, place_of_worship, point_of_interest, establishment"
Esbjerg,ChIJD7TIpSshS0YRZNKh9V8noy8,Esbjerg Museum,4.4,"Torvegade 45, Esbjerg",55.46943959999999,8.453213,"tourist_attraction, museum, point_of_interest, establishment"
Esbjerg,ChIJ6SAZ3JsgS0YRmTP7pvZb914,Sædden Church,4.3,"Fyrvej 30, Esbjerg V",55.4977785,8.4045613,"church, tourist_attraction, place_of_worship, point_of_interest, establishment"
Esbjerg,ChIJ8z_44tQmS0YR0JN5kqg6QXc,Esbjerg Art Museum,4.3,"Havnegade 20, Esbjerg",55.4643935,8.450707300000001,"tourist_attraction, museum, point_of_interest, establishment"
Esbjerg,ChIJlw4_iKTfSkYRv3kETfYDU5A,Hjerting Kirke,4.4,"Hjerting Byvej 13, Esbjerg V",55.5257399,8.3569765,"tourist_attraction, church, place_of_worship, point_of_interest, establishment"
Esbjerg,ChIJBxCSr_kgS0YRF9K3FeHfURk,Gjesing Church,4.1,"Ulvevej 110, Esbjerg",55.5077376,8.447581699999999,"church, tourist_attraction, place_of_worship, point_of_interest, establishment"
Esbjerg,ChIJX4C7qm4nS0YRarFNzifKx-U,Nordby Kirke,4.6,"Nordby, Hovedgaden 105A, Fanø",55.4404479,8.3974356,"tourist_attraction, church, place_of_worship, point_of_interest, establishment"
Esbjerg,ChIJX59eWbkhS0YRlZmm-P-ryoU,Brunnen Park,5,"Kirkegade 43, Esbjerg",55.4688342,8.449224599999999,"tourist_attraction, point_of_interest, establishment"
Esbjerg,ChIJ0TsZOzwhS0YRIwhE-V-Zh10,Skulptur “Kobberkors”,3,"Grådybet 23, Esbjerg",55.4775153,8.4424523,"tourist_attraction, point_of_interest, establishment"
Esbjerg,ChIJ00iQMishS0YRLBYAueRrnN8,"Christian IX statue, Esbjerg",4.3,"Torvet 12, Esbjerg",55.4664355,8.4520419,"tourist_attraction, point_of_interest, establishment"
Esbjerg,ChIJPZ9Z85shS0YRBMyYXAi7EEY,Mosaicvæg “Verdensarven Vadehavet”,2.3,"Skolegade 52, Esbjerg",55.4669719,8.4483579,"tourist_attraction, point_of_interest, establishment"
Esbjerg,ChIJRROYH2chS0YRQ1DI5yunft0,Skulptur “Frihedskæmpere”,4,"Gl Vardevej 78M, Esbjerg",55.4797701,8.4392304,"tourist_attraction, point_of_interest, establishment"
Esbjerg,ChIJ7QezeSkhS0YRXzzBlitECj8,Vognsbølparken,4.6,"Vognsbølparken, 6700, 6700",55.484243,8.442501,"park, tourist_attraction, point_of_interest, establishment"
Esbjerg,ChIJ9T96HNUmS0YRny7YraFacbQ,Esbjerg Vandtårn,4.2,"Havnegade 22, Esbjerg",55.46449299999999,8.449856399999998,"museum, tourist_attraction, point_of_interest, establishment"
Esbjerg,ChIJP9ZLadUmS0YRmx9e_jRbDX8,Landgangen,4.5,"Havnegade 45-51, Esbjerg",55.4646804,8.448379,"tourist_attraction, point_of_interest, establishment"
Esbjerg,ChIJLSK6_1MnS0YRdQUkB0mYK0Q,"Gangbroen over Toldbodvej, Esbjerg Havn",4.2,"Hulvejen 1, Esbjerg",55.46382149999999,8.4470513,"tourist_attraction, point_of_interest, establishment"
Esbjerg,ChIJk8--AuYgS0YROiFk9Uuv8w4,Dyrehaven,4.7,"Gl Vardevej 101, Esbjerg N",55.4943058,8.440331700000002,"park, tourist_attraction, point_of_interest, establishment"
Esbjerg,ChIJpdQMeL4hS0YRrYH0Ifc8Jhk,Esbjerg Havn,4.2,"Doggerkaj, Esbjerg",55.475145,8.415096499999999,"tourist_attraction, point_of_interest, establishment"
Esbjerg,ChIJa517vuEhS0YR_du5tfL4SMQ,Museumsfyrskibet Horns Rev,4.6,"Esbjerg Strand, Esbjerg",55.4829872,8.410822699999997,"museum, tourist_attraction, point_of_interest, establishment"
Esbjerg,ChIJBQ5C570gS0YRWHgnFv3r3yM,Brillesøerne,4.5,"Gravlundvej 1, Esbjerg V",55.4897924,8.4147163,"tourist_attraction, park, point_of_interest, establishment"
Esbjerg,ChIJvdB7oWUnS0YRaX_P5z9_tdQ,Nördlich Odden (Let flakbatteri),4.3,"Vesternasen 17, Fanø",55.4618005,8.403781899999998,"tourist_attraction, point_of_interest, establishment"
Esbjerg,ChIJB8OyJN4jS0YRDQlW6hC_-Lk,Østskoven,4.4,Esbjerg Ø,55.48445299999999,8.520697,"tourist_attraction, park, point_of_interest, establishment"
Esbjerg,ChIJN6PNjZchS0YRoRa3iM9eg2o,Sædding Mellem Fyr,4,"Fyrparken 9, Esbjerg V",55.4990304,8.4058928,"tourist_attraction, point_of_interest, establishment"
Esbjerg,ChIJydLgk6QhS0YRknZCnLcFPHw,Tarp Bunkermuseum,4.8,"Tarp Byvej 131, Esbjerg N",55.51786869999999,8.485410300000002,"tourist_attraction, museum, point_of_interest, establishment"
Esbjerg,ChIJW1K9F3snS0YRO8XKbcOrOwk,Fanø Vesterland Festival,4.9,"Storetoft 11, Fanø",55.4452235,8.3927175,"tourist_attraction, point_of_interest, establishment"
Esbjerg,ChIJt9RTveMjS0YR4b33ZBTGUuU,Majs Labyrint Toftegård,5,"Skads Mosevej, Esbjerg",55.4998346,8.5554196,"tourist_attraction, point_of_interest, establishment"
Esbjerg,ChIJvXoBe4_fSkYRVNSaPDDA04Y,Guldager Mølledam,4.5,"Møllevej, Esbjerg V",55.5266563,8.392538499999999,"park, tourist_attraction, point_of_interest, establishment"
Esbjerg,ChIJvxksPQAnS0YRkZHvYkeDuuc,Skovhaven Torp Plantage,4,"Rindby Strand, Fanø",55.4312361,8.3805616,"tourist_attraction, point_of_interest, establishment"
Esbjerg,ChIJ_5w9T-cnS0YR6RKApnTVvbA,P-plads Paradisdalen og Gåsehullerne,4.4,Fanø,55.4079115,8.4136951,"tourist_attraction, point_of_interest, establishment"
Esbjerg,ChIJ6zdahHDZSkYRrlTmnC3nc7c,Strandgut - Strandfischerei Monument,4.9,"C8QQ+VQ, Fanø",55.4396864,8.3394421,"tourist_attraction, point_of_interest, establishment"
Esbjerg,ChIJBcCFwvcnS0YRZYzlJ7X8jAU,Albue Fuglekøje,3.6,"Albuevej 41, Fanø",55.3942106,8.4416484,"tourist_attraction, point_of_interest, establishment"
Esbjerg,ChIJRzbeJezfSkYRq38nOcU7ors,Skalling Ende,4.7,Blåvand,55.4788058,8.2972197,"tourist_attraction, point_of_interest, establishment"
Roskilde,ChIJbesLMUReUkYRDm_iOum_jKM,Himmelev skov,4.4,"Herregårdsvej, Roskilde",55.6635472,12.1204519,"tourist_attraction, park, point_of_interest, establishment"
Roskilde,ChIJGyQBctNfUkYRINx5nkEoaYg,Viking Ship Museum,4.5,"Vindeboder 12, Roskilde",55.6501515,12.0790694,"tourist_attraction, museum, point_of_interest, establishment"
Roskilde,ChIJ6c2rMhOKUkYRoDYBmGyP5mU,Ledreborg Castle,4.4,"Ledreborg Alle 2, Lejre",55.6054955,11.9502876,"tourist_attraction, point_of_interest, establishment"
Roskilde,ChIJk3RwlOlfUkYRIUiCcXH3BUE,"RAGNAROCK- Museet for pop, rock og ungdomskultur",4.4,"Rabalderstræde 16, Roskilde",55.628095,12.0827582,"museum, tourist_attraction, point_of_interest, establishment"
Roskilde,ChIJE1v-L9pfUkYRdkLkCCoGiCs,Håndværksmuseet,4.5,"Ringstedgade 6C, Roskilde",55.640071,12.075882,"museum, tourist_attraction, point_of_interest, establishment"
Roskilde,ChIJrZFXzdNfUkYRvRMUgvfiRuA,Sct Ibs Kilde,4.5,"Strandengen 2, Roskilde",55.6477941,12.0826623,"tourist_attraction, point_of_interest, establishment"
Roskilde,ChIJzfsq79NfUkYRC3sr5rseofo,Roskilde Mini Town,3.9,"Sankt Ibs Vej, Roskilde",55.6482522,12.0802512,"museum, tourist_attraction, point_of_interest, establishment"
Roskilde,ChIJjXP09wZhUkYR06_0nPmDJXM,National Park Skjoldungernes Land,4.5,"Ledreborg Alle 2B, Lejre",55.6646522,11.9987827,"tourist_attraction, park, point_of_interest, establishment"
Roskilde,ChIJG2Iys9deUkYRTAYci8ayTZ0,"Minijernbanen i Hedeland, Roskilde",4.6,"Brandhøjgårdsvej 2, Hedehusene",55.63794439999999,12.1858851,"tourist_attraction, point_of_interest, establishment"
Roskilde,ChIJRYYmU1tfUkYRwCZAsnog1NA,Hedeland Vinlaug,4.5,Tune,55.6109439,12.1623494,"tourist_attraction, park, point_of_interest, establishment"
Roskilde,ChIJBR9qudJTUkYR0V_N4unpII4,Hamlet Tours,4.8,"Brordrupvej 39, Gadstrup",55.5771902,12.0777747,"tourist_attraction, travel_agency, point_of_interest, establishment"
Roskilde,ChIJq2ymEXeKUkYRl8mPHPpdi8o,Viking Museum in Lejre | The Cradle of the Kingdom,4.4,"Orehøjvej 4B, Lejre",55.615298,11.969239,"tourist_attraction, museum, point_of_interest, establishment"
Roskilde,ChIJsTvjGdBfUkYRzwvsK6-Rfqw,Roskilde Museum,4.3,"Sankt Ols Stræde 3, Roskilde",55.6422512,12.0839407,"tourist_attraction, museum, point_of_interest, establishment"
Roskilde,ChIJy8_C5llcUkYRy25dIo3PpjY,Gundsømagle Sø,4.6,"Store Valbyvej 271, Veksø",55.7276551,12.1912361,"tourist_attraction, park, point_of_interest, establishment"
Roskilde,ChIJtwfvcNBfUkYR-no89aWgnj8,Museum of Contemporary Art,4.2,"Bagtæppet 10 (kontor, Roskilde",55.62749119999999,12.0812339,"tourist_attraction, museum, point_of_interest, establishment"
Roskilde,ChIJXWZDe1JfUkYR_2UEFYzn9CI,Hedeland,4.5,"Tranemosevej 2, Hedehusene",55.622569,12.182096,"park, tourist_attraction, point_of_interest, establishment"
Roskilde,ChIJq2DYInJZUkYRj3PMi_3MYyw,Hakkemosen,4.4,"Hakkemosevej 6, Taastrup",55.6624497,12.2663732,"park, tourist_attraction, point_of_interest, establishment"
Roskilde,ChIJj9jNhdpfUkYReO48wjdwhdY,"St. Catherine's Priory, Roskilde",4.5,"Sankt Peders Stræde 8E, Roskilde",55.64206280000001,12.0864538,"tourist_attraction, place_of_worship, point_of_interest, establishment"
Roskilde,ChIJk3RwlOlfUkYRRRaF59zt-SQ,Musicon-bydelen,4.3,Roskilde,55.628055,12.0836316,"tourist_attraction, point_of_interest, establishment"
Roskilde,ChIJ263Q19FfUkYRFqxL0oT-z1I,"Sankt Lawrence Catholic Church, Roskilde",4.6,"Frederiksborgvej 13, Roskilde",55.6443647,12.0835634,"tourist_attraction, church, place_of_worship, point_of_interest, establishment"
Roskilde,ChIJzyX0xdpfUkYRMxyuBQexoyE,Ayasofya moské,4.8,"Allehelgensgade 11B, Roskilde",55.6397398,12.0820687,"mosque, tourist_attraction, place_of_worship, point_of_interest, establishment"
Roskilde,ChIJySHlOgBfUkYRSKbNtZFRGY0,Augmented Reality Tales of War and Peace in Roskilde - an international augmented reality art exhibition.,N/A,"Stændertorvet 1, Roskilde",55.6415137,12.0805268,"tourist_attraction, point_of_interest, establishment"
Roskilde,ChIJj9jNhdpfUkYRGJ5yxSNzwkc,Skt. Laurentius,4.5,"Stændertorvet, Roskilde",55.6411602,12.0803875,"tourist_attraction, museum, point_of_interest, establishment"
Roskilde,ChIJj9jNhdpfUkYRXbi0-59gPT0,Cathedral Museum,4.5,"Domkirkepladsen 3, Roskilde",55.64248929999999,12.0797269,"museum, tourist_attraction, church, place_of_worship, point_of_interest, establishment"
Roskilde,ChIJEfc0uIxfUkYRvSqb_xaeTnQ,Gravmonument over Frederik IX,4.5,Roskilde,55.6430292,12.0798185,"tourist_attraction, point_of_interest, establishment"
Roskilde,ChIJiTUar9BfUkYR0zdW3DFJpCI,Rektorkilden,3,Roskilde,55.6425492,12.0769163,"tourist_attraction, point_of_interest, establishment"
Roskilde,ChIJDb_679BfUkYRLyH3s7MyuRk,Sct Hans Kilde,3.9,"Skolegade 17A, Roskilde",55.6438713,12.0797611,"tourist_attraction, point_of_interest, establishment"
Roskilde,ChIJ-1mHstBfUkYRiE0s__9YbYg,Maglekilde,4.2,"Maglekildevej 5, Roskilde",55.6430694,12.0763376,"tourist_attraction, point_of_interest, establishment"
Roskilde,ChIJH5_ZiJxfUkYRlndPUp4jpD4,Hestebrønden,N/A,"Hestetorvet, Roskilde",55.6405135,12.0886116,"tourist_attraction, point_of_interest, establishment"
Roskilde,ChIJuR9fkdFfUkYRyQvJLp8Adwo,Sct Gertruds Kilde,3,Roskilde,55.6460821,12.0834247,"tourist_attraction, point_of_interest, establishment"
Roskilde,ChIJbWU1jMVfUkYRwtXsRhHx3HY,Roskilde Jars,4.2,"Stændertorvet 3 C, Roskilde",55.6399175,12.0886934,"tourist_attraction, point_of_interest, establishment"
Roskilde,ChIJxU0_Uc5fUkYR_CJxPWv6GuY,Lovise Kilden,3.8,Roskilde,55.6441651,12.088715,"tourist_attraction, point_of_interest, establishment"
Roskilde,ChIJxzChp1JfUkYRfCFlA6P6daA,"Folkeparken, Roskilde",4.4,Roskilde,55.6455947,12.087794,"park, tourist_attraction, point_of_interest, establishment"
Roskilde,ChIJDxY-3HZfUkYR7nzGH2qUZp4,Helligkors Kilde,4,Roskilde,55.6392317,12.0699468,"tourist_attraction, point_of_interest, establishment"
Roskilde,ChIJY-m8l4NfUkYR_4tw_9OJhPA,Frøspringvandet,4.2,Roskilde,55.6440503,12.0911273,"tourist_attraction, point_of_interest, establishment"
Roskilde,ChIJ25nPfcVfUkYRitc8Fb1yMiU,Puppe,4,Roskilde,55.6488556,12.077525,"tourist_attraction, point_of_interest, establishment"
Roskilde,ChIJJ-zJleNfUkYRWTrE2aQZ18s,MC og Bil træf,5,"Unnamed Road,4000, Roskilde",55.6495698,12.0795912,"tourist_attraction, point_of_interest, establishment"
Roskilde,ChIJHYvkAQBhUkYRzodYrTnCKEs,Koncertkapellet,4.4,"Sankt Hans Gade 51, Roskilde",55.64839620000001,12.0694206,"tourist_attraction, point_of_interest, establishment"
Roskilde,ChIJ26_CCw1fUkYRHEtqV8jmxtA,Roskilde Oplevelseshavn,4.5,"Strandgade 2, Roskilde",55.6508817,12.0762569,"tourist_attraction, point_of_interest, establishment"
Roskilde,ChIJX7cq8S1fUkYROLcQACcUtlU,Hal 9,4.3,"Lydmuren 18, Roskilde",55.6283329,12.0828494,"tourist_attraction, point_of_interest, establishment"
Roskilde,ChIJmaS5ZwxhUkYRoFyNc44zvkw,"Ledreborg Allé (Ringstedvej), 4000 Roskilde, Dania",N/A,"Ledreborg Allé (Ringstedvej, Roskilde",55.6236032,12.0580531,"tourist_attraction, point_of_interest, establishment"
Roskilde,ChIJ98nUpy9hUkYRROyKLA6rq98,Rørmosen sti,4.3,"Hørhusene 75, Roskilde",55.651132,12.043636,"tourist_attraction, point_of_interest, establishment"
Roskilde,ChIJhxRCN05fUkYRlScSTbYB1a4,Masterhøj udsigtspost,4.3,Roskilde,55.66715019999999,12.1122648,"tourist_attraction, point_of_interest, establishment"
Roskilde,ChIJPUUZ6S5hUkYRp9bicIOqZvg,Lynghøjsøerne,4.4,"Gyldenkærnevej 41, Roskilde",55.62872999999999,12.0291992,"tourist_attraction, point_of_interest, establishment"
Roskilde,ChIJWVb7py9gUkYRHXJTujxALio,Lynghøj Lake,4.5,"Lyngageren 61, Roskilde",55.62668129999999,12.0198287,"tourist_attraction, park, point_of_interest, establishment"
Roskilde,ChIJydldsClhUkYRduxibYsj-BU,Trolden Runde Rie,4.7,"Lindenborgvej 51, Roskilde",55.6265981,12.0190726,"tourist_attraction, point_of_interest, establishment"
Roskilde,ChIJyfA-P_xgUkYRUtxVIpChxYM,Boserup skov,4.7,"Boserupvej 89, Roskilde",55.6661752,12.0177159,"tourist_attraction, point_of_interest, establishment"
Roskilde,ChIJnZvnSE1gUkYRhpHKnJj8mVc,Kornerup Å Trækfærge,4.3,"4000, Roskilde",55.6481333,12.0044667,"tourist_attraction, point_of_interest, establishment"
Roskilde,ChIJL4fpx2NfUkYR-UV-oqvgTVQ,Hedeland Naturtrail,4.5,"Herredsfogedvej 15, Roskilde",55.6055191,12.1404441,"tourist_attraction, park, point_of_interest, establishment"
Roskilde,ChIJCcuIV79fUkYR4UU3iJuYqeE,Månemor af Thomas Dambo,4.7,Hedehusene,55.63667520000001,12.1691716,"tourist_attraction, point_of_interest, establishment"
Roskilde,ChIJfU7a0AFfUkYR6Fc6-rYFglQ,Glade Anders,4.7,"J5J9+RQ, Hedehusene",55.6315568,12.1694509,"tourist_attraction, point_of_interest, establishment"
Roskilde,ChIJZQt82ZZdUkYRR2B1FLeG1xg,Bolundstenen,4.6,Roskilde,55.70028369999999,12.1080559,"tourist_attraction, point_of_interest, establishment"
Roskilde,ChIJT3IzG0hdUkYRG7g5azfjFFU,Bolund Halvø,4.6,Roskilde,55.7035738,12.0984022,"tourist_attraction, point_of_interest, establishment"
Roskilde,ChIJlytLZfpfUkYRGStwhmyiKIk,Egeskov Shelterplads,4.7,"Stenbuen 34, Hedehusene",55.6368874,12.1985927,"tourist_attraction, point_of_interest, establishment"
Roskilde,ChIJhyXOAmf1UkYRCBdw9_K5g9o,RC TruckTeam,4.4,"Snoldelev Bygade 26B, Gadstrup",55.57143,12.128053,"tourist_attraction, point_of_interest, establishment"
Roskilde,ChIJycUAe4eLUkYR2_d2vg1N_hs,Stenalderbopladsen Athra - Ertebøllehytter,4,Lejre,55.6198691,11.9503902,"tourist_attraction, point_of_interest, establishment"
Roskilde,ChIJhbD5Zp6LUkYRV31Bamrn15s,Sacrificial bog,5,Lejre,55.6180703,11.9512403,"tourist_attraction, point_of_interest, establishment"
Roskilde,ChIJGVNbL0eLUkYRQVergET8SgM,Aurochs hunter hut,4.5,Lejre,55.619938,11.9490916,"tourist_attraction, point_of_interest, establishment"
Roskilde,ChIJ39OVhhmLUkYRvwo7T7BO7Hk,Ice Age hunter tent,N/A,Lejre,55.61984469999999,11.9480248,"tourist_attraction, point_of_interest, establishment"
Roskilde,ChIJ7RN26LuLUkYRKp63W5UTQlM,Iron Age road,N/A,"Unnamed Road, Lejre",55.61798659999999,11.9486515,"tourist_attraction, point_of_interest, establishment"
Helsingør,ChIJq5pUwwc3UkYRTpARr0S5L2o,Louisiana Museum of Modern Art,4.6,"Gl Strandvej 13, Humlebæk",55.96954900000001,12.542784,"tourist_attraction, museum, point_of_interest, establishment"
Helsingør,ChIJ4-Xkiw0xUkYRNkDxwc3DAcI,Kronborg Castle,4.6,"Kronborg, Helsingør",56.039332,12.621799,"tourist_attraction, museum, point_of_interest, establishment"
Helsingør,ChIJ5biizUAyUkYRWdhpujzE10w,Tropikariet,4.5,"Hävertgatan 21, Helsingborg",56.058941,12.706033,"zoo, tourist_attraction, park, point_of_interest, establishment"
Helsingør,ChIJ_wmTjzUyUkYREXG0ilGIKDQ,St. Mary Church,4.6,"Mariagatan 8B, Helsingborg",56.0463068,12.6961601,"tourist_attraction, church, place_of_worship, point_of_interest, establishment"
Helsingør,ChIJVZqUfxAxUkYRq5uyEpYQMdo,St. Vincent's Church,4.4,"Nygade 8 B, Helsingør",56.03744030000001,12.6075552,"tourist_attraction, church, place_of_worship, point_of_interest, establishment"
Helsingør,ChIJVyFrnQ0xUkYRyg7ftR4Wm6I,Holger Danske castillo copado,4.7,"Kronborg 1B, Helsingør",56.0391758,12.621244,"tourist_attraction, point_of_interest, establishment"
Helsingør,ChIJ3VJd5Ck3UkYRqNY0V6cuTbk,Egebæksvang,4.5,"Danmark, Strandvejen 250, Snekkersten",56.00310109999999,12.5732737,"park, tourist_attraction, point_of_interest, establishment"
Helsingør,ChIJMbQZATEyUkYRrgtXVc8arU8,Breakout Sweden,4.6,"Karl Johans gata 4, Helsingborg",56.051409,12.6872913,"tourist_attraction, point_of_interest, establishment"
Helsingør,ChIJpS1sBDQyUkYRsC2V0fV1mLs,Sundstorget,4.2,"Kungsgatan 12, Helsingborg",56.04814930000001,12.6899931,"tourist_attraction, point_of_interest, establishment"
Helsingør,ChIJV3RT7UAyUkYRercmhQlcRpA,Zoégas historiska café & butik,4.6,"Drottninggatan 30, Helsingborg",56.0483333,12.6913889,"tourist_attraction, store, point_of_interest, establishment"
Helsingør,ChIJUbGnXkoyUkYRLpA3bHwAukI,St. Mary Parish,4.5,"Södra Storgatan 22, Helsingborg",56.0449472,12.6993252,"tourist_attraction, church, place_of_worship, point_of_interest, establishment"
Helsingør,ChIJZ76K-0kyUkYRb42D7NYiGkY,Slottshagen,4.5,"Stortorget 16, Helsingborg",56.0483272,12.6990789,"park, tourist_attraction, point_of_interest, establishment"
Helsingør,ChIJjUTGWOQxUkYROJFRJSJSv2E,Sofiero Palace,4.6,Sofierovägen 131,56.083939,12.6596384,"tourist_attraction, park, store, point_of_interest, establishment"
Helsingør,ChIJzelgdRk3UkYR9NKHb2JksqM,Tibberup Windmill,4.1,"Gammel Strandvej 410, Espergærde",55.9842702,12.5518477,"tourist_attraction, point_of_interest, establishment"
Helsingør,ChIJYQnQAhs3UkYR5JvYsJsuSQ4,Jarlens Grund (Strandhave jolleanlæg),4.4,"Gl Strandvej 217, Espergærde",55.9802447,12.5504161,"tourist_attraction, point_of_interest, establishment"
Helsingør,ChIJWWMBky8uUkYRstSJ4ssRcAw,Kulla Gunnarstorps Mölla,4.4,"Bella Vista-vägen 127, Helsingborg",56.1034223,12.6380593,"tourist_attraction, point_of_interest, establishment"
Helsingør,ChIJE18442QzUkYR6MrkruHs60Q,Ramparts of Råå,4.3,"Kustgatan, Råå",56.0016687,12.7295709,"tourist_attraction, point_of_interest, establishment"
Helsingør,ChIJhX209zMyUkYR23v1_qmcpyc,Dunkers,4.3,"Kungsgatan 11, Helsingborg",56.04784219999999,12.6890694,"tourist_attraction, point_of_interest, establishment"
Helsingør,ChIJ2ydNzkYyUkYRWG5Xw8COwRk,Fredriksdal Museum & Gardens,4.5,"Gisela Trapps väg 1, Helsingborg",56.0574452,12.7107954,"tourist_attraction, park, point_of_interest, establishment"
Helsingør,ChIJ01Bxo18zUkYRb1JfMoV4DU0,Råå museum,4.4,"Museiplanen 1, Råå",55.99341380000001,12.7427888,"tourist_attraction, museum, point_of_interest, establishment"
Helsingør,ChIJnbtNlA8xUkYR0HllVpOkKPU,Øresund Aquarium,4.3,"Strandpromenaden 5, Helsingør",56.041116,12.611345,"aquarium, tourist_attraction, museum, point_of_interest, establishment"
Helsingør,ChIJcXvLBTYyUkYRn4yoxCqlSvE,Kärnan,4.6,Helsingborg,56.0482863,12.697486,"tourist_attraction, museum, point_of_interest, establishment"
Helsingør,ChIJ7weroBExUkYRdQSW7PZuMP4,St. Mary's Church,4.6,"Sct Anna Gade 38, Helsingør",56.0368004,12.6132824,"church, tourist_attraction, place_of_worship, point_of_interest, establishment"
Helsingør,ChIJ_0RxccUwUkYRZCLv3Lxc8PA,Danish Museum of Science and Technology,4.4,"Fabriksvej 25, Helsingør",56.022367,12.563097,"tourist_attraction, museum, point_of_interest, establishment"
Helsingør,ChIJcSFtkxExUkYRjwQP_w0S0TI,Shipyard Museum,4.4,"Allegade 4, Helsingør",56.0379897,12.6140795,"tourist_attraction, museum, point_of_interest, establishment"
Helsingør,ChIJc4Ye_iM3UkYRRfB3LUUBIbI,Egebæksvang Kirke,4.3,"Strandvejen 336D, Espergærde",55.9949171,12.5609625,"church, tourist_attraction, place_of_worship, point_of_interest, establishment"
Helsingør,ChIJD4KAhEkyUkYRw4JZHl_3ya4,Medical History Museum in Helsingborg,4.6,"Bergaliden 20, Helsingborg",56.0479277,12.7014834,"museum, tourist_attraction, point_of_interest, establishment"
Helsingør,ChIJxccbyh8xUkYRq5Te_86dxUE,Vestervang Kirke,4.1,"Gurrevej 66, Helsingør",56.033252,12.5896145,"tourist_attraction, church, place_of_worship, point_of_interest, establishment"
Helsingør,ChIJAwAEDBExUkYR3lxUqkaHGfc,Elsinore Public Museums,4.1,"Allegade 2, Helsingør",56.0377711,12.6141173,"museum, tourist_attraction, point_of_interest, establishment"
Helsingør,ChIJvQWmbhExUkYRuaLBbRyH9bw,Saint Olai Church,4.4,"Sct Anna Gade 12, Helsingør",56.0357236,12.614047,"tourist_attraction, cemetery, church, place_of_worship, point_of_interest, establishment"
Helsingør,ChIJmXHo6jE3UkYRYlxaZPPsgkg,Flynderupgårdmuseet,4.4,"Agnetevej 9, Espergærde",56.00456,12.555688,"tourist_attraction, museum, point_of_interest, establishment"
Helsingør,ChIJv2VzHxEzUkYRtgpvKoOyc-I,Ramlösa health resort,4.4,"Södra Brunnsvägen, Helsingborg",56.02333039999999,12.7450135,"park, tourist_attraction, point_of_interest, establishment"
Helsingør,ChIJ09y8zlgxUkYRcUqZIaH3ivA,History of the churches ​​,4.4,"Hestemøllestræde, Helsingør",56.03641529999999,12.6133344,"tourist_attraction, point_of_interest, establishment"
Helsingør,ChIJXQsmVzAxUkYRQxJ3Ls5FeAY,Helsingør harbour,4.6,"Havnegade 9, Helsingør",56.03765379999999,12.614951,"tourist_attraction, point_of_interest, establishment"
Helsingør,ChIJTaPTegAxUkYRM0hMmTJ5tlU,Springpostporten,4,"Stengade 75, Helsingør",56.0354694,12.6148189,"tourist_attraction, point_of_interest, establishment"
Helsingør,ChIJV8N_NpsxUkYRYSULEgyCSuk,Fyrskibet nr. XVII,5,"Allegade 2, Helsingør",56.0372603,12.6157389,"tourist_attraction, point_of_interest, establishment"
Helsingør,ChIJw8cmJtAxUkYRNrYzb7tz9MI,Wibroe Plads,4.3,Helsingør,56.03553600000001,12.6156873,"tourist_attraction, point_of_interest, establishment"
Helsingør,ChIJCS8dAvsxUkYRULb3t4WCw1g,'Time of the shipyard' mural,4.5,"Kongensgade 23, Helsingør",56.0381678,12.6123135,"tourist_attraction, point_of_interest, establishment"
Helsingør,ChIJ_5Zynp0xUkYRlkHedBssBf4,'The maritime history' mural,5,"Allegade 7, Helsingør",56.0383976,12.6123191,"tourist_attraction, point_of_interest, establishment"
Helsingør,ChIJ99fj4xMxUkYRB57ekbJos-Q,Skibsklarerergaarden,4.6,"Strandgade 91, Helsingør",56.03484719999999,12.6151304,"tourist_attraction, museum, point_of_interest, establishment"
Helsingør,ChIJaWoIu1AxUkYRwWFkPwaOvFg,Dancer's fountain,4.5,"Allegade, Helsingør",56.0386913,12.6124411,"tourist_attraction, point_of_interest, establishment"
Helsingør,ChIJ2fz5BRMxUkYRRweRc3kf8uw,Heracles and the Hydra,4.4,"Kronborgvej 5, Helsingør",56.0353399,12.6198774,"tourist_attraction, point_of_interest, establishment"
Helsingør,ChIJUyeZeQAxUkYRvVUC_1zySwU,Helsingørs Ældste Bindingsværkshus fra 1577,5,"Strandgade 27, Helsingør",56.03271179999999,12.6104509,"tourist_attraction, point_of_interest, establishment"
Helsingør,ChIJNYDniZoxUkYRHlf37Akvjkc,Udsigtsplateau,4.8,Helsingør,56.0438128,12.6140472,"tourist_attraction, point_of_interest, establishment"
Helsingør,ChIJz6RRjg8xUkYR8tusZVnPC5E,Gummistranden,4.3,"Strandpromenaden, Helsingør",56.0434257,12.6073282,"tourist_attraction, point_of_interest, establishment"
Helsingør,ChIJo8XsYBUxUkYRFDMdgRr5Hlk,Promenaden,4.4,Helsingør,56.0457976,12.6039328,"tourist_attraction, point_of_interest, establishment"
Helsingør,ChIJ59Dc8IIxUkYRGKHkFBZIaFQ,UNDER THE ROOF,N/A,"Kingosvej, Helsingør",56.0360343,12.5777201,"tourist_attraction, point_of_interest, establishment"
Helsingør,ChIJx6QcC1cxUkYRtvkLJrzLXdQ,Master class Tunnel Art,5,"Blishøj, Helsingør",56.02184990000001,12.5827179,"tourist_attraction, point_of_interest, establishment"
Helsingør,ChIJN5FRlHwxUkYREyPce_pkzTc,Michael Wisniewski,5,"Rytterbakken, Helsingør",56.01989769999999,12.5843095,"tourist_attraction, point_of_interest, establishment"
Helsingør,ChIJq7UAlHMxUkYRRp7AqSUBxVI,Tidens Tunnel,5,"Blishøj, Helsingør",56.0218748,12.577953,"tourist_attraction, point_of_interest, establishment"
Helsingør,ChIJPW-4LdwxUkYRE5Fhaqhf10M,Vapnagård Tunnel 2,5,"Ponydalen, Helsingør",56.0171685,12.5842425,"tourist_attraction, point_of_interest, establishment"
Helsingør,ChIJkWmxv0UxUkYRgFRCEUHQCPg,Pindemosen sphagnummose,3,"2HM4+74, Helsingør",56.0331875,12.5553125,"tourist_attraction, point_of_interest, establishment"
Helsingør,ChIJSzSL5RkzUkYRDPLt7cJvehc,Parapeten,5,"Parapeten 1, Helsingborg",56.0457685,12.6862622,"tourist_attraction, point_of_interest, establishment"
Helsingør,ChIJ34wmegAzUkYRHqj-BSxpzlo,Helsingborg Beach side walk,4.6,"Karl Johans gata 28, Helsingborg",56.0533916,12.6831586,"tourist_attraction, point_of_interest, establishment"
Helsingør,ChIJf2K3LwMzUkYRIlAydeToE1g,Åderpålen,5,"Badhusgatan, Helsingborg",56.04633630000001,12.6888704,"tourist_attraction, point_of_interest, establishment"
Helsingør,ChIJ70VMQTEyUkYR9RgdEdgmvo4,Henry Dunkers Plats,4.2,"Drottninggatan, Helsingborg",56.0496183,12.6876168,"tourist_attraction, point_of_interest, establishment"
Helsingør,ChIJTdppgmkzUkYRq8EwpMsi13w,Harbour Square,4.6,"Hamntorget 2, Helsingborg",56.04558899999999,12.6904244,"tourist_attraction, point_of_interest, establishment"
Helsingør,ChIJGV45qA8zUkYRe1oZesYYYOg,"Mini golf, ice skating in the city (seasonal)",4.7,Helsingborg,56.04816820000001,12.6899386,"tourist_attraction, point_of_interest, establishment"
Helsingør,ChIJ98iJanAzUkYRcJAC9mab_mc,Kungstorget,4.7,"Kungsgatan, Helsingborg",56.04463510000001,12.6935164,"tourist_attraction, point_of_interest, establishment"
Helsingør,ChIJrWgsx8ozUkYROv2dKSSQ7ME,Kattegattleden etapp Helsingborg - Höganäs,5,"Järnvägsgatan, Helsingborg",56.04473669999999,12.6942867,"tourist_attraction, point_of_interest, establishment"
Vejle,ChIJUd1q21OCTEYRfPE1OPZ7bKQ,Økolariet,4.6,"Dæmningen 11, Vejle",55.70678849999999,9.535102799999999,"tourist_attraction, museum, travel_agency, point_of_interest, establishment"
Vejle,ChIJKQz5_FKCTEYR1-IifDpnZz0,"Himmelblå, aktivitets- og samværstilbud",5,"Langelinie 10A, Vejle",55.707714,9.5395939,"tourist_attraction, point_of_interest, establishment"
Vejle,ChIJH6noE1GCTEYRi1KqWSTVtbo,Vejle Art Museum,4.4,"Flegborg 16, 18, Vejle",55.70936829999999,9.5301855,"tourist_attraction, museum, point_of_interest, establishment"
Vejle,ChIJ4ZAa91CCTEYRVCG3HW2hiO8,Mariaparken,4.2,"Blegbanken 9, Vejle",55.7080803,9.5297098,"tourist_attraction, park, point_of_interest, establishment"
Vejle,ChIJFQdp9pGDTEYRNbY9GFGvinw,Vejle Kunstforening,4.6,"Søndermarksvej 1, Vejle",55.69971,9.530501599999997,"museum, tourist_attraction, point_of_interest, establishment"
Vejle,ChIJn7EWcf2CTEYRTBhAk2Bx1aM,Sønderskoven,4.6,Vejle,55.69059590000001,9.535285600000002,"park, tourist_attraction, point_of_interest, establishment"
Vejle,ChIJ7ykAOhSFTEYRczwoVuKfZtA,Kellers Minde,4.2,"H. O. Wildenskovsvej 10, Børkop",55.66895930000001,9.682795800000003,"museum, tourist_attraction, point_of_interest, establishment"
Vejle,ChIJ2wj7GIN-S0YRbhK6N5SxG0s,Kongernes Jelling,4.6,"Gormsgade 23, Jelling",55.7568179,9.4182786,"museum, tourist_attraction, point_of_interest, establishment"
Vejle,ChIJcdZXVo-ETEYR_cEc14XLW8I,Casino Munkebjerg,4.1,"Munkebjergvej 125, Vejle",55.687063,9.615335399999998,"tourist_attraction, bar, restaurant, point_of_interest, food, establishment"
Vejle,ChIJuVOqrNeaTEYRbx19VQN6mGI,Børkop Water Mill Friends,4,"Vandmøllevej 4A, Børkop",55.6379589,9.662212799999997,"museum, tourist_attraction, point_of_interest, establishment"
Vejle,ChIJYXY4BoN-S0YRH6JHkpVj77M,Jelling Church,4.5,"Thyrasvej 1, Jelling",55.7567141,9.419734399999998,"church, tourist_attraction, place_of_worship, point_of_interest, establishment"
Vejle,ChIJNxWx12qETEYRTTxWyoT2oF4,Tirsbæk Gods,4.3,"Tirsbækvej 135, Vejle Ø",55.713311,9.637350999999999,"tourist_attraction, point_of_interest, establishment"
Vejle,ChIJH4ftnk-CTEYRDqZu7N8TQOw,The Cul­tural Museum Vejle,4.3,"Spinderigade 11, Vejle",55.7134993,9.5301935,"tourist_attraction, museum, point_of_interest, establishment"
Vejle,ChIJ65LAA1qbTEYR8Pluszdl2es,Skærup Zoo,4.4,"Søndermarksvej 102, Børkop",55.6388043,9.590957200000002,"zoo, tourist_attraction, point_of_interest, establishment"
Vejle,ChIJ-dK7Rgp9S0YRAimeWEk3cq0,Skibet Kirke,4.3,"Skibetvej 168, Vejle",55.7052176,9.441091599999998,"church, tourist_attraction, place_of_worship, point_of_interest, establishment"
Vejle,ChIJ4zNilruDTEYR4-T-zOTeyuw,Gorilla Park Vejle,4.7,"Helligkildevej 60, Vejle",55.712068,9.566066,"amusement_park, tourist_attraction, cafe, point_of_interest, food, establishment"
Vejle,ChIJMRO8-q6DTEYRU-ZLLQZouGY,Brunnen Rathaus,4.3,"Rådhustorvet 1, Vejle",55.70799699999999,9.532715300000001,"tourist_attraction, point_of_interest, establishment"
Vejle,ChIJoxBDWfSDTEYRM9ICarioK-o,Kunsthal Vejle,5,"Banegårdspladsen, Vejle",55.70653339999999,9.535939099999998,"tourist_attraction, point_of_interest, establishment"
Vejle,ChIJ6WyHef-CTEYRhO3RyNbwCuc,Mølholms dammen/dalen,4.4,"Fredericiavej 1A, Vejle",55.6996491,9.5351328,"park, tourist_attraction, point_of_interest, establishment"
Vejle,ChIJPYYZp_iCTEYRfrLlVwxRGXY,Vejle Vindmølle,4.4,"Søndermarksvej 1, Vejle",55.6996838,9.530668600000002,"tourist_attraction, point_of_interest, establishment"
Vejle,ChIJo8NRT36DTEYR6KZWgln29Oo,Vejle Havn Mole,4.8,"Havneøen 1, Vejle",55.7056349,9.558161499999999,"tourist_attraction, point_of_interest, establishment"
Vejle,ChIJ5ZSapPaCTEYRlUf5g_Xo1xc,Pedersholm,4,"Pedersholms Allé 42, Vejle",55.6964096,9.515412799999998,"tourist_attraction, point_of_interest, establishment"
Vejle,ChIJJTGroTGDTEYREkzibZDkM-Y,Deer Park Vejle,4.7,Vejle,55.7105581,9.5675509,"tourist_attraction, park, zoo, point_of_interest, establishment"
Vejle,ChIJP1jztMWDTEYRSoxpdr50Bwg,"Bo-Vejle, døgntilbud på handicap - Grundet Bygade",5,"Grundet Bygade 19A, Grundet Bygade 19B, Vejle",55.7231896,9.555697399999998,"tourist_attraction, point_of_interest, establishment"
Vejle,ChIJQRQZ0IqCTEYRUWdVXQOJPmI,Fugletårn Kongens kær,4.5,Vejle,55.6995491,9.5068851,"tourist_attraction, park, point_of_interest, establishment"
Vejle,ChIJ6zm9nciDTEYRO8WctTjrKK8,"Karriereværkstedet, Butik Uniq",4.5,"Ellehammersvej 8, Vejle",55.7231818,9.5641622,"tourist_attraction, local_government_office, point_of_interest, establishment"
Vejle,ChIJTYowedSDTEYRkEyIpdeOJcU,"Karriereværkstedet, Servicegruppen",N/A,"Ellehammersvej 8, Vejle",55.723336,9.564374899999999,"tourist_attraction, point_of_interest, establishment"
Vejle,ChIJV2LLSWKCTEYRVtX2DjGAr_k,Kongens Kær,4.6,Vejle,55.70454239999999,9.4994639,"tourist_attraction, point_of_interest, establishment"
Vejle,ChIJ3_Lp4W-CTEYROOxmPIedNxw,Himmelpind,4.3,"Vardevej 200, Vejle",55.71477019999999,9.497312500000001,"tourist_attraction, point_of_interest, establishment"
Vejle,ChIJS8WXIHCCTEYRU890_2WInzE,Himmel Pind Bike Park,4.6,"Vardevej 198, Vejle",55.71529630000001,9.4973366,"park, tourist_attraction, point_of_interest, establishment"
Vejle,ChIJXTXCHSqDTEYR5ofm8-hvG40,Albuen Strand,4.5,"Tirsbæk Strandvej 20, Vejle",55.7050504,9.579932300000001,"tourist_attraction, point_of_interest, establishment"
Vejle,ChIJoaSjNzyDTEYR3ByASYXNXk8,"Karriereværkstedet, Matchpro, Cafe Pap og Uniq Job",1,"Hjulmagervej 3a, Vejle",55.67898590000001,9.578102300000001,"tourist_attraction, point_of_interest, establishment"
Vejle,ChIJTc4SrVB9S0YReTJvwWv3K-E,Udsigtstårn,2,"Østengårdvej 28, Vejle",55.71822289999999,9.469057099999999,"tourist_attraction, point_of_interest, establishment"
Vejle,ChIJIVUu45-DTEYRt5pPqf4M0ag,"RAF Mindesten, RAF Memorial",4.5,"Høgsholtvej, Vejle",55.7277715,9.473463899999999,"tourist_attraction, point_of_interest, establishment"
Vejle,ChIJIaWQ8IWETEYRjjBRLusp0Tc,Danish Golf Historical Society,5,"Munkebjergvej 125, Vejle",55.6867892,9.6147923,"museum, tourist_attraction, point_of_interest, establishment"
Vejle,ChIJYWj_WGd9S0YRptZ3XQFvLgE,Stenager Mølle,4.8,"Knabberupvej 164, Vejle",55.7128923,9.441763199999997,"tourist_attraction, point_of_interest, establishment"
Vejle,ChIJvbUcMmKFTEYRJjPe3j2cFN0,Land Rover Experience Danmark,3.9,"Tirsbækvej 135, Vejle Ø",55.7139335,9.636192200000002,"tourist_attraction, point_of_interest, establishment"
Vejle,ChIJ881Asix8S0YRWSxeUt7vVvs,Jelling Naturlegeplads,4.4,"Jelling Skovvej 2, Jelling",55.74624120000001,9.427939499999997,"tourist_attraction, point_of_interest, establishment"
Vejle,ChIJYXY4BoN-S0YRRhzI05pbuT0,"Jelling Mounds, Runic Stones and Church",4.6,"Thyrasvej 1, Jelling",55.7565664,9.4195713,"tourist_attraction, point_of_interest, establishment"
Vejle,ChIJnTzZ_YJ-S0YRXMfpC7lgbKU,Gorms høj,4.7,Jelling,55.75712490000001,9.4200891,"tourist_attraction, point_of_interest, establishment"
Vejle,ChIJy-cIB4t_S0YR6n2gQdIRnHE,Skibssætning Verdens største,4.6,"Tørringvej 2, Jelling",55.7582831,9.420940699999997,"tourist_attraction, point_of_interest, establishment"
Vejle,ChIJ9x5zXtx_S0YRbhJDpP7-tKQ,Lysningen Kollerup,N/A,"Præstegårdsvej, Jelling",55.78450309999999,9.454700299999999,"tourist_attraction, point_of_interest, establishment"
Vejle,ChIJT_DpUAB_S0YRfgWU3kEaYeI,Vindelev-skatten,3.5,"Vindelevvej 82, Jelling",55.7972929,9.4981698,"tourist_attraction, point_of_interest, establishment"
Vejle,ChIJRXpXJbSbTEYRR9o5l5uhKU4,Ene Øjesten - Børkop,4.7,"Vandmøllevej 4, Børkop",55.63786349999999,9.662136599999998,"tourist_attraction, point_of_interest, establishment"
Vejle,ChIJ_aO2922bTEYRfLGUzT0rPwI,Ene Øjesten. Kunstner: Thomas Dambo. Trold nr. 81,4.7,"Vandmøllevej 4, Børkop",55.6363773,9.662040700000002,"tourist_attraction, point_of_interest, establishment"
Herning,ChIJ4XlJGTu8S0YRElpGqa_tQFY,Elia,4,"Birk Centerpark 15, Herning",56.12720729999999,9.027042999999999,"tourist_attraction, point_of_interest, establishment"
Herning,ChIJLasU_va7S0YR6bPl-uuXYQI,Sdr. Anlæg,4.3,"Godsbanevej 2, Herning",56.13074590000001,8.978520999999997,"park, tourist_attraction, point_of_interest, establishment"
Herning,ChIJPUNgGBG5S0YR1Gbd3B1q09k,Løvbakke Naturcenter,4.5,"Løvbakkevej 32, Herning",56.17649389999999,8.9527611,"tourist_attraction, point_of_interest, establishment"
Herning,ChIJZ4jCGCO8S0YRFerbG_u_ar8,HEART Herning Museum Of Contemporary Art,4.1,"Bitten og Aage, Damgaards Plads 2, Herning",56.1321311,9.022248099999999,"tourist_attraction, museum, point_of_interest, establishment"
Herning,ChIJbYAWESO8S0YREvOmnI_OO7c,Carl Henning Pedersen og Else Alfeldt's Museet,4.5,"Birk Centerpark 1, Herning",56.1333875,9.0224639,"tourist_attraction, museum, point_of_interest, establishment"
Herning,ChIJ6xIwZAK7S0YRIUYrWR1kkj4,Lau Tune Møller,N/A,"Bredgade 40, 2th, Herning",56.1363409,8.969182199999999,"tourist_attraction, point_of_interest, establishment"
Herning,ChIJq6q6FBi8S0YRvtgqq1Kly_k,Locked - Escape Room,4.6,"Godsbanevej 7, Herning",56.13019999999999,8.988010100000002,"tourist_attraction, point_of_interest, establishment"
Herning,ChIJRd4sUe27S0YR7RsXVpRPPtk,"P-plads, Knudmosebjerget",4.1,Herning,56.1249388,8.965050999999999,"tourist_attraction, point_of_interest, establishment"
Herning,ChIJs5LYwam-S0YRABK-adejWh0,Herningsholm Museum,4.3,"Herregårdsparken 1, Herning",56.145651,8.998854999999997,"museum, tourist_attraction, point_of_interest, establishment"
Herning,ChIJe7_ugOW9S0YRcVBzuIt5jCs,Herning skulpturpark,4.7,Herning,56.1325498,9.0271821,"tourist_attraction, point_of_interest, establishment"
Herning,ChIJAZEa9kC5S0YRebop3-2G0yM,Gullestrup Church,4.4,"Gammel Løvbakkevej 9, Herning",56.16735420000001,8.969680100000001,"tourist_attraction, church, place_of_worship, point_of_interest, establishment"
Herning,ChIJ6acCaBq9S0YRQVKRsLU2bxE,Knudmosesøerne,N/A,"Knudmosevej 36, Herning",56.1100572,9.0186522,"tourist_attraction, point_of_interest, establishment"
Herning,ChIJNzjVsTG7S0YRUAs6YH3Yb-M,"Kløvertorvet, Snejbjerg",N/A,"Snejbjerg Hovedgade 42, Herning",56.1325409,8.898706499999998,"tourist_attraction, point_of_interest, establishment"
Herning,ChIJSRo3lkK5S0YRRwftEn4FJ84,Jens Vejmands gravsted,4.3,Herning,56.16864939999999,8.913661,"tourist_attraction, point_of_interest, establishment"
Herning,ChIJlybYyT-6S0YRJUmXTxDvXL4,Snejbjerg Mini Saab Museum,4.5,"Helstrupvej 8, Herning",56.1322619,8.8895132,"museum, tourist_attraction, point_of_interest, establishment"
Silkeborg,ChIJaQo713mLS0YRFqD1nHmkXeI,Art Center,4.4,"Gjessøvej 40, Silkeborg",56.15306709999999,9.525620599999998,"tourist_attraction, park, art_gallery, museum, store, point_of_interest, establishment"
Silkeborg,ChIJkWDtmBWLS0YRaBQ4EodUlNs,"Museum Silkeborg, Hovedgården",4.4,"Hovedgårdsvej 7, Silkeborg",56.1690494,9.5531112,"tourist_attraction, museum, point_of_interest, establishment"
Silkeborg,ChIJ-QFocyaKS0YR7F0Foqm-C8c,Labyrinthia,4.1,"Gamle Ryvej 2, Them",56.10653,9.575567000000001,"amusement_park, tourist_attraction, point_of_interest, establishment"
Silkeborg,ChIJdTRjM7TyS0YR-rLGwrl95KE,Slusekiosken´s Kano Udlejning v/Karsten Lunde Kristiansen,4.8,"Østergade 36, Silkeborg",56.1701403,9.5544697,"tourist_attraction, point_of_interest, establishment"
Silkeborg,ChIJ34S9AucKTEYRE52ewo_AWd0,Randershøj,4.4,"Hammelvej, Silkeborg",56.2054448,9.713569,"landmark, tourist_attraction, point_of_interest, establishment"
Silkeborg,ChIJDyrlPkiLS0YRuqNTmcywbjw,Himmelbjerget,4.4,"Himmelbjergvej, Ry",56.1053065,9.6848622,"tourist_attraction, point_of_interest, establishment"
Silkeborg,ChIJA1ud_gWLS0YRGl3FbSP8VIM,AQUA Aquarium & Wildlife Park,4.3,"Vejlsøvej 55, Silkeborg",56.1535287,9.559475400000002,"zoo, aquarium, amusement_park, tourist_attraction, point_of_interest, establishment"
Silkeborg,ChIJycwuJlXzS0YRRAmtcHZLJc0,Balle Kirke,4.4,"Balle Bygade 164, Silkeborg",56.19601290000001,9.5227039,"church, tourist_attraction, place_of_worship, point_of_interest, establishment"
Silkeborg,ChIJ8zadcHeLS0YRcbh08MjyWXQ,Silkeborg Bunkermuseum,4.3,"Gjessøvej 42, C, Silkeborg",56.15275099999999,9.523793,"tourist_attraction, museum, point_of_interest, establishment"
Silkeborg,ChIJw7n4QGuLS0YR42iv2v1iLrQ,Galerie Moderne Silkeborg,4.5,"Hostrupsgade 39, Silkeborg",56.16628290000001,9.5456969,"art_gallery, tourist_attraction, point_of_interest, establishment"
Silkeborg,ChIJdWh-GXKLS0YRi4goAXb2gig,Mariehøj Kirke,4.4,"Vestre Allé 9, Silkeborg",56.15901599999999,9.536371999999998,"church, tourist_attraction, place_of_worship, point_of_interest, establishment"
Silkeborg,ChIJLRDK_jeLS0YRKT9fYkLOeX8,Alderslyst Kirke,4.4,"Tulipanvej 13, Silkeborg",56.18148600000001,9.554577700000001,"tourist_attraction, church, place_of_worship, point_of_interest, establishment"
Silkeborg,ChIJ0xwhWC10TEYRNmmFJ04IXpw,Himmelbjergtårnet,4.5,"Himmelbjergvej 20, Ry",56.1051726,9.6849448,"tourist_attraction, point_of_interest, establishment"
Silkeborg,ChIJ9VWRGT6LS0YR0cMSkiBU4Jg,"Museum Silkeborg, Papirmuseet",4.5,"Papirfabrikken 78, Silkeborg",56.1705736,9.555219299999997,"museum, tourist_attraction, point_of_interest, establishment"
Silkeborg,ChIJ83jwVRCLS0YRDs0PuV3-xbs,"Museum Jorn, Silkeborg",4.3,"Gudenåvej 7-9, Silkeborg",56.1613,9.558157,"tourist_attraction, museum, point_of_interest, establishment"
Silkeborg,ChIJxaZbJ3YKTEYRw5qrW29-lKY,Tvilum Priory,4.5,"Klostervej 1, Tvilum, Fårvang",56.24331949999999,9.673679399999997,"tourist_attraction, church, place_of_worship, point_of_interest, establishment"
Silkeborg,ChIJH1VLiXaLS0YR1Dm19qX06Y0,"Wall Mural: ""Listen to the Walls""",5,"Vestergade 18, Silkeborg",56.16852400000001,9.5462103,"tourist_attraction, point_of_interest, establishment"
Silkeborg,ChIJdyC2IkeLS0YRgfOi9FjWTsM,Statue of Michael Drewsen,4.1,"Torvet, Silkeborg",56.16936369999999,9.548930299999999,"tourist_attraction, point_of_interest, establishment"
Silkeborg,ChIJhVWhzzyLS0YRbJSKUONNPgM,Vægmaleri,4,"Nygade 18C, Silkeborg",56.16734599999999,9.5474883,"tourist_attraction, point_of_interest, establishment"
Silkeborg,ChIJS2cOlXCLS0YRff1f_NqZc_I,Springvand,4.7,"8600, Søvej, Silkeborg",56.1720749,9.549033699999999,"tourist_attraction, point_of_interest, establishment"
Silkeborg,ChIJPR811mqLS0YRRsbJlJt3htY,Tollundmanden,4.8,"Hovedgårdsvej 7, Silkeborg",56.16862219999999,9.553170999999997,"tourist_attraction, point_of_interest, establishment"
Silkeborg,ChIJM2DL69OLS0YR1eCtWm_LZHQ,Slotsholmen,4.2,Silkeborg,56.1739936,9.556464799999999,"tourist_attraction, point_of_interest, establishment"
Silkeborg,ChIJB-GZ9xmLS0YRxWF5YBeEYik,Dronningestolen,4.3,Silkeborg,56.1636913,9.563162199999999,"tourist_attraction, point_of_interest, establishment"
Silkeborg,ChIJZbVE9fqLS0YRoHs1dLMz69M,Viewpoint - Birkehøj Silkeborg,4.4,"Ulvehovedvej, Silkeborg",56.15826819999999,9.5764062,"tourist_attraction, point_of_interest, establishment"
Silkeborg,ChIJQSA9_u-LS0YRioCSMEtSTEc,Odderpassager,5,"Østre Søbad (Silkeborg Kom, Silkeborg",56.14947549999999,9.554977000000001,"tourist_attraction, point_of_interest, establishment"
Silkeborg,ChIJ00zT80aLS0YRmh8gfDN-R0I,Kroghs Bænk,4.8,Silkeborg,56.1464693,9.545545700000002,"tourist_attraction, point_of_interest, establishment"
Silkeborg,ChIJBZYtTQ2LS0YRbw_b7k_K9cA,Stærke Storm af Thomas Dambo,4.7,"Gjessøvej 44, Silkeborg",56.1510514,9.5178086,"tourist_attraction, point_of_interest, establishment"
Silkeborg,ChIJ4Sx_TsiLS0YREcUSbmlz_DU,Ulvehoved,4.7,"Ulvehovedvej, Silkeborg",56.1547584,9.583598499999999,"tourist_attraction, point_of_interest, establishment"
Silkeborg,ChIJm4ODPvqKS0YRhor2vClwsLk,Lovisehøj,4.5,Silkeborg,56.1515931,9.588494899999999,"landmark, tourist_attraction, point_of_interest, establishment"
Silkeborg,ChIJdyC2IkeLS0YRqDfui44NYfY,De Små Fisk,4.4,"Sejsvej 40, Silkeborg",56.1452152,9.587846499999998,"tourist_attraction, point_of_interest, establishment"
Silkeborg,ChIJX6k0yZaLS0YR2JD7JxJyeX0,Knagerne Silkeborg,4.6,Silkeborg,56.1344345,9.5282646,"tourist_attraction, park, point_of_interest, establishment"
Silkeborg,ChIJHfOf_VqKS0YRYKyaiQ040ww,Shelter campsite - Østerskov at Midtvej,4.1,"Østerlundvej, Silkeborg",56.13586669999999,9.589037500000002,"tourist_attraction, point_of_interest, establishment"
Silkeborg,ChIJ9yP2eEWNS0YR-SkGJOnf0ok,Funder Ruin,4.3,"Funder Skovvej 17, Silkeborg",56.1424825,9.479788300000001,"tourist_attraction, point_of_interest, establishment"
Silkeborg,ChIJIci7xoiLS0YROxsVd4wa0jA,Duedal Bjerg,4,"8600, Silkeborg",56.12084439999999,9.549673599999998,"tourist_attraction, point_of_interest, establishment"
Silkeborg,ChIJk_M-CdOLS0YRG8TwNaHFqTM,Hummelsø,5,"6 4""E, Fredensborg",56.109879,9.555679,"tourist_attraction, point_of_interest, establishment"
Silkeborg,ChIJFyIXsSWLS0YRvoOn-pxej40,Kongestolen,4.6,Silkeborg,56.12182610000001,9.6133791,"tourist_attraction, point_of_interest, establishment"
Silkeborg,ChIJeSEZdQaKS0YRDn8Z_Wzphnc,Høgdal,4.5,"Høgdalvej 4, Them",56.1073664,9.6156011,"museum, tourist_attraction, point_of_interest, establishment"
Silkeborg,ChIJqYmxSf91TEYRzipQd9in2-8,Toften,3,Ry,56.11704609999999,9.6456269,"tourist_attraction, point_of_interest, establishment"
Silkeborg,ChIJl5GLLwCNS0YREDJ3ccuXQRM,Murermester Rasmus Nielsens Mindesten,N/A,Silkeborg,56.1712917,9.392854599999998,"tourist_attraction, point_of_interest, establishment"
Silkeborg,ChIJp0amRASNS0YRRDgYR5-FSJg,Vandskellet,3,"Skeldalvej 3, Silkeborg",56.1729512,9.391010899999998,"tourist_attraction, point_of_interest, establishment"
Silkeborg,ChIJq1WpCKJ1TEYRisESXZIfO2Q,Himmelbjergegnens Tårnhøje Tårn,4.3,"Tønningsletvej 4, Ry",56.100503,9.6389628,"tourist_attraction, point_of_interest, establishment"
Silkeborg,ChIJIw97fgCTS0YRsiXPWOHWDD8,Stenalderens Jægere,5,"Skeldalvej, Silkeborg",56.17414789999999,9.386130599999998,"tourist_attraction, point_of_interest, establishment"
Silkeborg,ChIJHc0UAbqJS0YRQqXWQ7Rms8Q,Them Bavnehøj,3.7,"Sepstrupvej 19, Them",56.0821033,9.510355399999998,"tourist_attraction, point_of_interest, establishment"
Silkeborg,ChIJl1zBZ63zS0YR11dHeTHWqrQ,Vinderslevholm,4.5,"Vinderslevholmvej 56A, Kjellerup",56.2538652,9.4834177,"tourist_attraction, point_of_interest, establishment"
Silkeborg,ChIJvxK2V010TEYRDSQceqvOXB0,Gammelkol,4.1,"Møgeløvej, Silkeborg",56.1250703,9.6960032,"tourist_attraction, point_of_interest, establishment"
Silkeborg,ChIJxZ2xa40KTEYRDIiY2P7k3vU,Store Troldhøj,4.6,Gjern,56.2166827,9.694045399999998,"tourist_attraction, point_of_interest, establishment"
Silkeborg,ChIJR0lGrIJ1TEYR2QLy-0KG8_k,Dynæs voldsted,2.8,Silkeborg,56.1197863,9.698513999999998,"tourist_attraction, point_of_interest, establishment"
Silkeborg,ChIJJ8A_FiX1S0YRfjBUsA1455Y,Tvilum Priory Bridge,4.3,Silkeborg,56.2431867,9.6701289,"tourist_attraction, point_of_interest, establishment"
Silkeborg,ChIJE8qzZgB1TEYR_cuKbIGBzOo,Træskulpturer,N/A,Ry,56.10487449999999,9.686832700000002,"tourist_attraction, point_of_interest, establishment"
Silkeborg,ChIJq_NpNAB1TEYR_TMaLO3NAMY,Kvindestenen eller Dronningstenen,N/A,Ry,56.1043134,9.6877622,"tourist_attraction, point_of_interest, establishment"
Silkeborg,ChIJCVGciCmJS0YRjnQZJxxL-1Q,Naturperle v Salten langsø,4.7,"Horsensvej 31, Them",56.06991519999999,9.5960815,"tourist_attraction, point_of_interest, establishment"
Silkeborg,ChIJW7u5g511TEYRpPRnUfF15O0,H.C. Andersen bench,3.9,"Himmelbjergvej 20, Ry",56.1033945,9.689608500000002,"tourist_attraction, point_of_interest, establishment"
Silkeborg,ChIJ6dCYS8CSS0YRkWOFq7YP9X4,Klosterlund Museum,4.5,"Kragelundvej 6A, Engesvang",56.18606,9.354216000000001,"museum, tourist_attraction, point_of_interest, establishment"
Silkeborg,ChIJRQURHQCTS0YR_gJQ4LvJLdQ,Mindesten Karoline og Martin Anchersen,N/A,Engesvang,56.188736,9.348220300000001,"tourist_attraction, point_of_interest, establishment"
Silkeborg,ChIJCWMAg1-TS0YRN3k2QvPy2XA,Den mystiske troldesten,4.3,"Skallerund Hundeskov, Klosterlundvej 27, Engesvang",56.191561,9.346783799999999,"tourist_attraction, point_of_interest, establishment"
Silkeborg,ChIJrZ7lStbzS0YRR0yHdQZkYEI,Kjellerup Flyvehop,4.3,"Silkeborgvej 14, Kjellerup",56.27720069999999,9.4354705,"tourist_attraction, point_of_interest, establishment"
Silkeborg,ChIJPWrGzZZ2TEYR8jOQmmKrMDk,Museet på Gl. Rye Mølle,4.1,"Møllestien 5, Ry",56.0759899,9.701932399999997,"museum, tourist_attraction, point_of_interest, establishment"
Silkeborg,ChIJBafVXi6JS0YRlVeQ0P3UVtY,Velling Kalv,4.5,"Svinsbjergvej 32, Bryrup",56.0443563,9.490248399999999,"tourist_attraction, point_of_interest, establishment"
Silkeborg,ChIJzTHBxQt0TEYRfmUvWw938Ns,Maskenkol,4.6,"Lyngvej 20A, Ry",56.1049925,9.7463357,"tourist_attraction, point_of_interest, establishment"
Silkeborg,ChIJsQPyIA3zS0YRsVj9Zdf9BqQ,Kjellerup Skulpturpark,4.5,"Agertoften 2, Kjellerup",56.2828661,9.4304742,"tourist_attraction, point_of_interest, establishment"
