city,latitude,longitude,temperature,weather,humidity,wind_speed
Copenhagen,55.6761,12.5683,1.92,clear sky,76,2.57
Aarhus,56.1629,10.2039,2.01,clear sky,84,2.8
Odense,55.4038,10.4024,0.17,clear sky,62,2.75
Aalborg,57.0488,9.9217,-1.05,clear sky,93,2.57
Esbjerg,55.4765,8.4594,0.63,clear sky,73,2.57
Roskilde,55.6415,12.0803,1.93,clear sky,87,3.88
Helsingør,56.0366,12.6136,2.0,clear sky,80,2.24
Vejle,55.7093,9.5363,1.42,clear sky,62,2.72
Herning,56.1365,8.9784,1.94,clear sky,67,3.03
Silkeborg,56.1697,9.5451,2.04,clear sky,70,3.01
