city,latitude,longitude,temperature,weather,humidity,wind_speed
London,51.5074,-0.1278,4.46,broken clouds,75,0.89
Manchester,53.483,-2.244,3.7,overcast clouds,69,2.57
Birmingham,52.4862,-1.8904,2.5,overcast clouds,78,5.66
Liverpool,53.4084,-2.9916,3.5,clear sky,69,8.23
Oxford,51.752,-1.2577,3.98,clear sky,73,4.63
Cambridge,52.2053,0.1218,3.9,broken clouds,73,2.57
Bristol,51.4545,-2.5879,4.11,overcast clouds,80,7.72
York,53.959,-1.0815,2.33,overcast clouds,58,5.89
Bath,51.3758,-2.3599,3.61,overcast clouds,82,5.84
Brighton,50.8225,-0.1372,5.29,clear sky,79,3.09
