city,name,type,latitude,longitude,stars,operator
London,DoubleTree by Hilton Hotel London - Marble Arch,hotel,51.514571,-0.1566381,4,Hilton
London,easyHotel Victoria,hotel,51.4919882,-0.1420048,Unknown,easyHotel
London,Crestfield Hotel,hotel,51.5297557,-0.1224147,Unknown,Unknown
London,Kings Cross Inn Hotel,hotel,51.5302618,-0.1229357,Unknown,Unknown
London,Hotel Riu Plaza London Victoria,hotel,51.4944034,-0.1417547,4,RIU Hotels & Resorts
London,Best Western,hotel,51.4926963,-0.2507834,Unknown,Unknown
London,The Hour Glass,hotel,51.486375,-0.0843308,Unknown,Unknown
London,DoubleTree by Hilton London Angel Kings Cross,hotel,51.5321106,-0.1094659,4,Hilton
London,Sidney Hotel,hotel,51.490333,-0.138557,Unknown,Unknown
London,George IV Regency Hotel,hotel,51.5117638,-0.0115052,Unknown,Unknown
London,"Huttons Hotel, Victoria London",hotel,51.4906272,-0.138381,Unknown,Unknown
London,Victor Hotel,hotel,51.490678,-0.1385005,Unknown,Unknown
London,Luna Simone Hotel,hotel,51.4907457,-0.1386425,Unknown,Unknown
London,Lidos Hotel,hotel,51.490806,-0.1387856,Unknown,Unknown
London,Cedar Guest House,hotel,51.4922185,-0.145766,Unknown,Unknown
London,Alexandar House Hotel,hotel,51.4921849,-0.1458119,Unknown,Unknown
London,Best Western Hotel,hotel,51.4920413,-0.1460686,Unknown,Unknown
London,Annexe Hotel,hotel,51.4921418,-0.1458604,Unknown,Unknown
London,Dover Hotel,hotel,51.491896,-0.1418151,Unknown,Unknown
London,Comfort Inn London,hotel,51.4908881,-0.1389518,Unknown,Unknown
London,The Churchill,hotel,51.515473,-0.1570192,Unknown,Unknown
London,The Tavistock Hotel,hotel,51.5243225,-0.1283055,Unknown,Imperial Hotels
London,Bedford Hotel,hotel,51.5207075,-0.1235907,Unknown,Unknown
London,Bloomsbury Park Hotel,hotel,51.520684,-0.1228137,Unknown,Thistle Hotels (associate)
London,Four Points by Sheraton,hotel,51.526395,-0.129567,Unknown,Unknown
London,Mabeldon Court Hotel,hotel,51.5276532,-0.1273678,Unknown,Unknown
London,Holiday Inn London - Camden Lock,hotel,51.5404552,-0.146061,Unknown,IHG
London,Jim's Guesthouse,guest_house,51.5057938,-0.2225928,Unknown,Unknown
London,Travelodge,hotel,51.5225673,-0.0868331,Unknown,Unknown
London,DoubleTree by Hilton Hotel London - West End,hotel,51.5201101,-0.12213,4,Hilton Inc.
London,Indian YMCA,hostel,51.5227666,-0.1389599,Unknown,Unknown
London,The Clermont,hotel,51.5083078,-0.124767,Unknown,Unknown
London,Park Plaza County Hall London,hotel,51.5013601,-0.1160331,Unknown,Unknown
London,White Lodge Hotel,hotel,51.5851171,-0.1156247,Unknown,Unknown
London,London Central YMCA,hostel,51.5173407,-0.1304169,Unknown,Unknown
London,Queens Hotel,hotel,51.5659053,-0.1021872,Unknown,Unknown
London,Pembury Hotel,hotel,51.5660169,-0.1019716,Unknown,Unknown
London,Brownswood Guest House,hotel,51.5636052,-0.0982132,Unknown,Unknown
London,Mountrose Hotel,hotel,51.5516582,-0.2095994,Unknown,Unknown
London,St Giles Hotel,hotel,51.5174483,-0.1304949,Unknown,St Giles Hotels
London,Treehouse Hotel London,hotel,51.5178202,-0.1424175,Unknown,Unknown
London,Megaro Hotel,hotel,51.5297301,-0.1239797,Unknown,Unknown
London,Howard Winchester,hotel,51.5293476,-0.1219027,Unknown,Unknown
London,European Hotel,hotel,51.5292504,-0.1218055,Unknown,Unknown
London,Hotel Montana,hotel,51.5290388,-0.1215913,Unknown,Unknown
London,Elmwood Hotel,hotel,51.5289068,-0.1214553,Unknown,Unknown
London,Travelodge,hotel,51.5300868,-0.1203379,Unknown,Unknown
London,Carlton Hotel,hotel,51.530409,-0.1222049,Unknown,Unknown
London,Rough Luxe,hotel,51.5303289,-0.1221277,Unknown,Unknown
London,Carlisle Hotel,hotel,51.5300565,-0.1218616,Unknown,Unknown
London,Clifton Hotel,hotel,51.529907,-0.1216299,Unknown,Unknown
London,Royal National Hotel,hotel,51.5234731,-0.1272337,Unknown,Unknown
London,Lonsdale Hotel,hotel,51.5202064,-0.1240489,Unknown,Unknown
London,The Lancaster,hotel,51.5199748,-0.1237817,Unknown,Unknown
London,LSE Northumberland House,guest_house,51.5068495,-0.1255019,Unknown,Unknown
London,Kadimah,hotel,51.57297,-0.0706834,Unknown,Unknown
London,Cloudesley House,hotel,51.5700523,-0.0963959,Unknown,Unknown
London,Redland Hotel,hotel,51.569996,-0.0964787,Unknown,Unknown
London,Kent Hall,hotel,51.5698537,-0.0966468,Unknown,Unknown
London,Lanark Hotel,hotel,51.5669539,-0.1004792,Unknown,Unknown
London,London Marriott Hotel County Hall,hotel,51.501709,-0.1188586,Unknown,Unknown
London,The Pack & Carriage London,hotel,51.5319633,-0.1355999,Unknown,Unknown
London,Station Hotel,hotel,51.4950123,-0.1413006,Unknown,Unknown
London,Hilton London Green Park,hotel,51.5064449,-0.1456241,4,Hilton
London,York & Albany,hotel,51.5360898,-0.1464514,Unknown,Unknown
London,Walrus Hostel,hostel,51.4999934,-0.1144166,Unknown,Unknown
London,Premier Inn London Victoria,hotel,51.492934,-0.143082,Unknown,Unknown
London,Radisson Edwardian,hotel,51.514283,-0.127063,Unknown,Unknown
London,Seven Dials Hotel,hotel,51.51481,-0.126725,Unknown,Unknown
London,The Rose Hotel,hotel,51.5535291,-0.0749772,Unknown,Unknown
London,The Beauchamp,hotel,51.5203735,-0.1248357,4,Unknown
London,Clink 261,hostel,51.5290096,-0.1200706,Unknown,Unknown
London,The Buckingham,hotel,51.5196094,-0.1239586,Unknown,Unknown
London,The Portland,hotel,51.5202734,-0.1241296,Unknown,Unknown
London,The Portland,hotel,51.5200069,-0.124404,Unknown,Unknown
London,The Penn Club,hotel,51.5206073,-0.1250999,Unknown,Unknown
London,Premier Inn,hotel,51.4995182,-0.0791295,Unknown,Unknown
London,The Chamberlain,hotel,51.5121008,-0.0756938,Unknown,Fuller's
London,Lime Tree Hotel,hotel,51.4933492,-0.1499873,Unknown,Unknown
London,Cherry Court Hotel,hotel,51.4924816,-0.1451133,Unknown,Unknown
London,Club Quarters,hotel,51.5127056,-0.0849374,Unknown,Unknown
London,Euro Lodge Clapham,hotel,51.4546813,-0.1454482,Unknown,Eurohotels Group
London,Apex City of London,hotel,51.5106067,-0.0793789,Unknown,Unknown
London,Think London Bridge,hotel,51.4986958,-0.0837471,Unknown,Unknown
London,Mapesbury Hostel,hostel,51.5515116,-0.2188343,Unknown,Unknown
London,Comfort Inn Kings Cross,hotel,51.5300637,-0.1212142,Unknown,Comfort Inn
London,Holiday Inn Express,hotel,51.506096,-0.102055,Unknown,Unknown
London,Paul O'Gorman Patient Hotel,hotel,51.5214487,-0.1211741,Unknown,Unknown
London,Greenville Hotel,hotel,51.5241502,-0.1163797,Unknown,Unknown
London,Guildford,hotel,51.5241154,-0.1165432,Unknown,Unknown
London,Henrietta Hotel,hotel,51.5109508,-0.1236698,Unknown,Unknown
London,The Clarendon,hotel,51.5198344,-0.1242027,Unknown,Unknown
London,Smart NHS Russell Square Hostel,hostel,51.5228387,-0.1227963,Unknown,Unknown
London,Ambassadors Bloomsbury,hotel,51.5266227,-0.1297246,Unknown,Unknown
London,The Windmill,hotel,51.4577709,-0.1442608,Unknown,Youngs
London,Swinton Hotel,hotel,51.5292897,-0.1167506,Unknown,Unknown
London,Arriva Hotel,hotel,51.5287473,-0.1183234,Unknown,Unknown
London,MyHotel,hotel,51.5188919,-0.1318793,Unknown,Unknown
London,Cotton Rooms,hotel,51.5230574,-0.1363208,Unknown,Unknown
London,Smart Hyde Park View,hostel,51.5118141,-0.1829253,Unknown,Unknown
London,Unknown,guest_house,51.5002258,-0.0927345,Unknown,Unknown
London,Russell Hotel,hotel,51.495687,-0.1419175,Unknown,Unknown
London,Macdonald Hotel,hotel,51.5290348,-0.1229874,Unknown,Unknown
London,Euro Hotel Clapham,hotel,51.4553637,-0.1446562,Unknown,Euro Hotels Group
London,Chelsea Guest House,guest_house,51.4714201,-0.1372568,Unknown,Unknown
London,Clapham Guest House,guest_house,51.4682306,-0.1438534,Unknown,Unknown
London,Helen Graham House,hostel,51.5182173,-0.1254024,Unknown,Unknown
London,Keystone House,hostel,51.5309944,-0.120819,Unknown,Unknown
London,Point.O,hotel,51.4991079,-0.1125451,Unknown,Unknown
London,California Hotel,hotel,51.5295045,-0.123438,Unknown,Unknown
London,City of London Flats,guest_house,51.5182651,-0.0781456,Unknown,Unknown
London,Anchor House Hotel,hotel,51.5705737,-0.1934461,2,Unknown
London,easyHotel Old Street / Barbican,hotel,51.5243296,-0.0946693,Unknown,easyHotel
London,Premier Inn,hotel,51.5110711,-0.1302533,Unknown,Unknown
London,Premier Inn,hotel,51.5128844,-0.1051893,Unknown,Unknown
London,Chiswick Lodge Hotel,hotel,51.4949376,-0.2551069,Unknown,Unknown
London,Martel Guest House,guest_house,51.5714216,-0.2002995,Unknown,Unknown
London,Apex Temple Court Hotel,hotel,51.5138157,-0.1089001,Unknown,Apex Hotels
London,Schinkler B&B,guest_house,51.4453074,-0.0475145,Unknown,Unknown
London,Corus Hyde Park,hotel,51.5115797,-0.1773046,4,Corus
London,Accomodation London Bridge,hotel,51.4971533,-0.0902618,Unknown,Unknown
London,Premier Inn,hotel,51.5274248,-0.087469,Unknown,Unknown
London,Colliers Hôtel,hotel,51.4912877,-0.1434489,Unknown,http://colliershotel.co.uk/index.htm
London,Belgrave House Hotel,hotel,51.4920965,-0.1422738,Unknown,Unknown
London,Alhambra Hotel,hotel,51.5293177,-0.1236512,Unknown,Unknown
London,Central Hotel,hotel,51.5292186,-0.1239919,Unknown,Unknown
London,Alhambra Hotel,hotel,51.5291592,-0.1239302,Unknown,Unknown
London,Hollingbury Hotel,hotel,51.5406779,-0.2538187,Unknown,Unknown
London,Somerset Hotel,hotel,51.5232302,-0.1601543,3,Unknown
London,Clink78,hotel,51.5288183,-0.1155876,Unknown,Unknown
London,Camden Lock Hotel,hotel,51.544108,-0.1522426,Unknown,Unknown
London,"The Royal Horseguards Hotel, London",hotel,51.5057937,-0.1242345,Unknown,Unknown
London,Hampton by Hilton London Waterloo,hotel,51.5008736,-0.1080219,3,Hilton
London,Shangri-La Hotel,hotel,51.5042952,-0.086648,Unknown,Shangri-La Hotels and Resorts
London,The Park Hotel,hotel,51.4905332,-0.1389159,3,private
London,Journey's End,hostel,51.5322769,-0.1200351,Unknown,Unknown
London,DoubleTree by Hilton Hotel London - Chelsea,hotel,51.4741227,-0.1840077,4,Hilton
London,Kx Rooms,hotel,51.5289201,-0.1228238,Unknown,Unknown
London,City View,guest_house,51.5267352,-0.0557734,Unknown,Unknown
London,Premier Inn London Bank (Tower),hotel,51.5095129,-0.0836298,Unknown,Unknown
London,Ivy Gate House,guest_house,51.4976563,-0.2698129,Unknown,Unknown
London,London Hotel,hotel,51.4615782,-0.1130331,Unknown,Unknown
London,Baggies Backpackers Angel,hostel,51.5310527,-0.1018447,Unknown,Unknown
London,Sanctum Soho Hotel,hotel,51.511565,-0.138332,5,Unknown
London,New Globe Hotel,hotel,51.5245354,-0.0368949,Unknown,Unknown
London,Artist Residence,hotel,51.490553,-0.1448993,Unknown,Unknown
London,The Blair Victoria & Tudor Inn Hotel,hotel,51.4914334,-0.1422041,Unknown,Unknown
London,The Melville Hotel,hotel,51.5288076,-0.1227249,Unknown,Unknown
London,Keystone Hostel,hotel,51.5309951,-0.1208545,Unknown,Unknown
London,United Lodge Hotel,hotel,51.574308,-0.0977359,Unknown,Unknown
London,Citadines,hotel,51.5178529,-0.1185245,Unknown,Unknown
London,Premier Inn St Pancras,hotel,51.528606,-0.1268228,Unknown,Unknown
London,International Students House,hostel,51.52365,-0.1448704,Unknown,Unknown
London,mk Hotel London,hotel,51.4642989,-0.21349,Unknown,Unknown
London,Goodenough Club,hotel,51.525359,-0.117697,Unknown,Unknown
London,Helen's Hotel,hotel,51.540725,-0.255968,Unknown,Unknown
London,POINT.a hotels,hotel,51.5210552,-0.0776413,Unknown,Unknown
London,Emerald Hotel,hotel,51.5005664,-0.2217212,Unknown,Unknown
London,Pearl Hotel,hotel,51.5006176,-0.2217145,Unknown,Unknown
London,Meininger Hotel,hostel,51.4955126,-0.1797915,Unknown,Unknown
London,The Hoxton,hotel,51.5172111,-0.1220985,Unknown,Unknown
London,Queen Elisabeth Chelsea,hostel,51.4747385,-0.188726,Unknown,Unknown
London,Mercure London Bloomsbury,hotel,51.5209716,-0.1233317,Unknown,Unknown
London,"Thistle Holborn, The Kingsley",hotel,51.5177738,-0.1241566,4,Thistle
London,Mornington Hotel,hotel,51.490273,-0.1403652,Unknown,Unknown
London,The Rose & Crown,hostel,51.503825,-0.0948028,Unknown,Unknown
London,via Limehouse Hostel,hostel,51.5122568,-0.0342212,Unknown,via
London,Morton Hotel,hotel,51.5230303,-0.1257912,Unknown,Unknown
London,sussex hotel,hotel,51.5145269,-0.155832,Unknown,Unknown
London,R S,hostel,51.4780817,-0.112101,Unknown,Unknown
London,Premier Inn,hotel,51.5656761,-0.1357821,Unknown,Whitbread Hospitality
London,Travelodge,hotel,51.4428417,-0.1529261,Unknown,Unknown
London,hub by Premier Inn (Tower Bridge),hotel,51.5093691,-0.0808455,Unknown,Premier Inn
London,Gateway Hotel,hotel,51.4509716,-0.1480326,Unknown,Unknown
London,Dashwood Studios,guest_house,51.4915457,-0.0980407,Unknown,Unknown
London,MAX Serviced Apartments,hotel,51.5128134,-0.0380281,Unknown,Unknown
London,Connaught Hall,guest_house,51.5245041,-0.1294836,Unknown,Unknown
London,Unknown,hostel,51.4906281,-0.0799818,Unknown,Unknown
London,Unknown,hostel,51.490633,-0.0799901,Unknown,Unknown
London,Unknown,hotel,51.4903367,-0.0801175,Unknown,Unknown
London,Wardonia Hotel,hotel,51.5284767,-0.1229957,Unknown,Unknown
London,King's Cross,hotel,51.5284745,-0.1225588,Unknown,Unknown
London,The Globe,hotel,51.5288049,-0.123562,Unknown,Unknown
London,The Apollo,hotel,51.5286881,-0.1230202,Unknown,Unknown
London,Princess,hotel,51.5288283,-0.1231516,Unknown,Unknown
London,Arsenal Tavern Backpackers,hostel,51.5609419,-0.0983468,Unknown,Unknown
London,The Hermitage,guest_house,51.5109869,-0.1845445,Unknown,Unknown
London,Crowne Plaza,hotel,51.4692083,-0.1787792,Unknown,Unknown
London,No.8 Willesden hostel,hostel,51.5486767,-0.2387985,Unknown,Unknown
London,Hotel Makedonia,hotel,51.5457401,-0.1182029,Unknown,Unknown
London,SO King's Cross,hotel,51.5306396,-0.1179668,Unknown,Unknown
London,Fraser Residence City,hotel,51.510287,-0.0840234,Unknown,Unknown
London,Somerset Residences,hostel,51.5318098,-0.1337686,Unknown,Unknown
London,Vaughn,guest_house,51.5126101,-0.168877,Unknown,Unknown
London,LSE Bankside House,hostel,51.5064596,-0.0986518,Unknown,Unknown
London,SACO St Pauls - Red Lion Court,hotel,51.5148516,-0.1087533,Unknown,Unknown
London,Crane Court Apartments,hotel,51.514388,-0.1091461,Unknown,Unknown
London,Astor Victoria Hostel,hostel,51.4902387,-0.1375876,Unknown,Unknown
London,Pasha,hotel,51.4795106,-0.0943965,Unknown,Unknown
London,Kings cross,hotel,51.5312377,-0.1175506,Unknown,Unknown
London,Premier Inn,hotel,51.5034171,-0.0910823,Unknown,Unknown
London,Hotel The Grand at Trafalgar Square,hotel,51.5069341,-0.1259733,Unknown,Unknown
London,Club Quarters Hotel,hotel,51.5068835,-0.1258069,Unknown,Unknown
London,Castle Hotel,hotel,51.4926541,-0.0988075,Unknown,Unknown
London,hub by Premier Inn Kings Cross,hotel,51.533703,-0.121831,Unknown,Unknown
London,No. 19 Barkston Rooms,hostel,51.492618,-0.1896842,Unknown,Unknown
London,hub by Premier Inn London Westminster Abbey,hotel,51.4995883,-0.1314606,Unknown,Unknown
London,silverdale court,guest_house,51.525165,-0.0988942,Unknown,Unknown
London,Premier Inn London County Hall,hotel,51.5024782,-0.1182526,Unknown,Unknown
London,Eaton Town House,hotel,51.4940168,-0.1409773,Unknown,Unknown
London,Corbigoe Hotel,hotel,51.489739,-0.1364419,Unknown,Unknown
London,Best Western Corona Hotel,hotel,51.4899979,-0.1370186,Unknown,Unknown
London,Melbourne House Hotel,hotel,51.4900931,-0.1372198,Unknown,Unknown
London,Limegrove Hotel,hotel,51.4912387,-0.1436545,Unknown,Unknown
London,Vegas Hotel,hotel,51.4911088,-0.1433105,Unknown,Unknown
London,Enrico Hotel,hotel,51.4915144,-0.1427281,Unknown,Unknown
London,Surtees Hotel,hotel,51.4912532,-0.1427969,Unknown,Unknown
London,Golden Star Hotel,hotel,51.4916052,-0.1424201,Unknown,Unknown
London,Tudor Inn Hotel,hotel,51.4916317,-0.1423529,Unknown,Unknown
London,Blades Hotel,hotel,51.4894859,-0.1366874,Unknown,Unknown
London,Holiday Inn Express,hotel,51.4897096,-0.1372077,Unknown,Unknown
London,St. George's Pimlico,hotel,51.48851,-0.1393338,Unknown,Unknown
London,Pop & Rest,hostel,51.5089378,-0.0858043,Unknown,Unknown
London,Dolphin House Serviced Apartments,hotel,51.4872103,-0.1369041,Unknown,Unknown
London,Travel Joy Hostels,hostel,51.485426,-0.1416308,Unknown,Unknown
London,Lynton B&B Hotel,hotel,51.4939243,-0.1493034,Unknown,Unknown
London,The Lord Milner,hotel,51.4939709,-0.1492439,Unknown,Unknown
London,Richmond University’s Kensington accommodation,guest_house,51.4988531,-0.181992,Unknown,Unknown
London,Ryder Street Chambers,hotel,51.507023,-0.137828,Unknown,Unknown
London,Home,hotel,51.4471511,-0.1733916,Unknown,Unknown
London,A Home from Home,hostel,51.5219755,-0.0408755,Unknown,Unknown
London,Virgin Hotels,hotel,51.5236705,-0.0805236,Unknown,Unknown
London,"Hotel Indigo London - 1 Leicester Square, an IHG Hotel",hotel,51.5108051,-0.1309494,Unknown,Unknown
London,Oxford House,hotel,51.5253405,-0.1260598,Unknown,Unknown
London,Albany Hotel,hotel,51.5253847,-0.1259872,Unknown,Unknown
London,Roma,hotel,51.5252312,-0.1263096,Unknown,Unknown
London,St Athans Hotel,hotel,51.5251125,-0.1264761,Unknown,Unknown
London,9A Lurline Gardens,hostel,51.4768707,-0.149066,Unknown,Unknown
London,Westpoint Hotel,hotel,51.5148979,-0.1737639,Unknown,Unknown
London,Premier Inn Wandsworth,hotel,51.455094,-0.1924957,Unknown,Premier Inn
London,Crawford Suites Serviced Apartments,hotel,51.5179144,-0.1665234,4,Unknown
London,"The Standard, London",hotel,51.5294697,-0.1243303,Unknown,Unknown
London,The Standard London,hotel,51.529301,-0.1218561,Unknown,Unknown
London,No.8 Hostel Seven Sisters,hostel,51.5783126,-0.0819874,Unknown,Unknown
London,Maison de l’institut de France à Londres,hotel,51.4989555,-0.1811058,Unknown,Unknown
London,Stow-Away Apart-Hotel,hotel,51.5002783,-0.1140348,Unknown,Unknown
London,The Montcalm Royal London House,hotel,51.5215949,-0.0857045,Unknown,Unknown
London,The Stratford Hotel,hotel,51.5453714,-0.0078357,Unknown,Unknown
London,New Cross Inn Hostel,hostel,51.4758487,-0.0370837,Unknown,Unknown
London,Abbey Court Hotel,hotel,51.5148516,-0.1738726,Unknown,Unknown
London,Aspen Apartments,hotel,51.5147957,-0.173987,Unknown,Unknown
London,Number 63,hotel,51.51165,-0.1765831,Unknown,Unknown
London,Camden Road Room,guest_house,51.5378207,-0.1378812,Unknown,Unknown
London,Missionaries of Charity,hostel,51.4967084,-0.1056967,Unknown,Unknown
London,The Warwick Hotel,hotel,51.4912611,-0.1428971,Unknown,Unknown
London,FitzBB,guest_house,51.5192025,-0.1350579,Unknown,Unknown
London,Vicarage Private Hotel,hotel,51.5051403,-0.1924813,Unknown,Unknown
London,Mondrian Apartments & Hotel,hotel,51.5608584,-0.1140809,Unknown,Unknown
London,Premier Inn,hotel,51.4867345,-0.2540213,Unknown,Unknown
London,Unknown,hotel,51.4634916,-0.1654264,Unknown,Unknown
London,Travelodge,hotel,51.4973413,-0.0984099,Unknown,Unknown
London,Phoenix Heights by Bridgestreet,hotel,51.500038,-0.0218138,Unknown,Unknown
London,Premier Inn,hotel,51.5128986,0.009826,Unknown,Unknown
London,Davies Court,hostel,51.5111414,-0.02463,Unknown,Unknown
London,St George Hotel,hotel,51.5682858,-0.1200262,Unknown,Unknown
London,Canopy by Hilton London City,hotel,51.51293,-0.0752867,4,Unknown
London,City Inn Russell Square,hotel,51.5254947,-0.1257574,3,Parodist Ltd
London,Hyatt Place London City East,hotel,51.5169412,-0.0681853,4,Unknown
London,.Kip,hotel,51.5474517,-0.0563545,Unknown,Unknown
London,CityStay Hotel,hotel,51.5277521,-0.0211899,Unknown,Unknown
London,hub by Premier Inn London Soho hotel,hotel,51.5130669,-0.1348963,Unknown,Unknown
London,The Liverpool Street Hostel,hostel,51.520402,-0.0850401,Unknown,St Christopher's Inns
London,Travelodge,hotel,51.5949482,-0.108567,Unknown,Unknown
London,Unknown,guest_house,51.478951,-0.2213937,Unknown,Unknown
London,Batty Langley's 1724,hotel,51.520953,-0.077969,Unknown,Unknown
London,Premier Inn London Paddington Basin,hotel,51.5195441,-0.1738102,Unknown,Unknown
London,The Jesmond Dene,hotel,51.528941,-0.123269,Unknown,Unknown
London,Residence Inn,hotel,51.4986996,-0.081608,Unknown,Unknown
London,TRIBE,hotel,51.5030338,-0.0128065,Unknown,Unknown
London,Art 'otel London Battersea Power Station,hotel,51.4808041,-0.145292,Unknown,Unknown
London,Pickwick Hall Hostel,hotel,51.5200303,-0.1238463,Unknown,Unknown
London,SafeStay Hostel,hostel,51.4906735,-0.0975963,Unknown,Unknown
London,Travelodge Greenwich High Road,hotel,51.4773691,-0.0151734,Unknown,Unknown
London,Staycity Aparthotels,hotel,51.4761373,-0.0185291,Unknown,Unknown
London,Raya hotel Victoria,hotel,51.5028523,-0.1181444,Unknown,Unknown
London,The Hoxton Hotel,hotel,51.5058441,-0.1047575,Unknown,Unknown
London,Sonder St. John's Garden,hotel,51.522778,-0.1019057,Unknown,Unknown
London,Croft Court Hotel,hotel,51.5759182,-0.2014161,Unknown,Unknown
London,StayCity,hostel,51.4743033,-0.0230581,Unknown,Unknown
London,Queen's Drive Hotel,hotel,51.5656775,-0.1015988,Unknown,Unknown
London,Best Western Highbury,hotel,51.5678674,-0.0993481,3,Unknown
London,69TheGrove,guest_house,51.484907,-0.1205014,Unknown,Unknown
London,Ruby Lucy,hotel,51.5011609,-0.1123214,Unknown,Unknown
London,Zedwell Piccadilly Circus,hotel,51.5104287,-0.1336305,Unknown,Unknown
London,Sonder The Prince,hotel,51.4913562,-0.1183878,Unknown,Unknown
London,The Z Hotel Holborn,hotel,51.5158365,-0.1195495,Unknown,Unknown
London,Travelodge London Lewisham,hotel,51.4584762,-0.0124321,Unknown,Unknown
London,Unknown,hostel,51.5110313,-0.0735578,Unknown,Unknown
London,Venture Hostel,hostel,51.473632,-0.0273024,Unknown,Unknown
London,Unknown,hotel,51.5119312,-0.1782039,Unknown,Unknown
London,King William Hotel,hotel,51.4848704,0.0033546,Unknown,Unknown
London,Park Lane Apartments Crawford Place,hotel,51.5183901,-0.1659723,Unknown,Unknown
London,Thistle Piccadilly Hotel,hotel,51.5102091,-0.1315185,Unknown,Unknown
London,City Lodge London,hotel,51.5284475,-0.0186746,Unknown,Unknown
London,The Montcalm,hotel,51.5205953,-0.0911766,Unknown,Unknown
London,The Wesley Camden Town,hotel,51.5359619,-0.138936,Unknown,Unknown
London,St Christopher's Inn Greenwich,hostel,51.4780314,-0.0128082,Unknown,Unknown
London,Argo Hotel,hotel,51.5288433,-0.1214243,Unknown,Unknown
London,Westin London City,hotel,51.511038,-0.0952443,Unknown,Marriott
London,Zedwell Underground Hotel,hotel,51.5172427,-0.1304964,Unknown,Unknown
London,Hub by Premier Inn London Goodge Street,hotel,51.5214935,-0.1346888,Unknown,Unknown
London,hub by Premier Inn London Clerkenwell hotel,hotel,51.5244846,-0.1096385,Unknown,Unknown
London,Unknown,hotel,51.5128628,-0.1651951,Unknown,Unknown
London,Cove,hotel,51.512135,-0.0931802,Unknown,Unknown
London,Maida Vale Aparthotel,hotel,51.5370344,-0.1916991,Unknown,Unknown
London,Travelodge,hotel,51.4741156,-0.0678621,Unknown,Unknown
London,Diana Hotel,hotel,51.5330331,-0.2404386,Unknown,Unknown
London,My Place Hotel,hotel,51.492449,-0.1941374,3,Unknown
London,Premier Inn London Hammersmith,hotel,51.4936891,-0.2237374,Unknown,Unknown
London,Smart Camden Inn,hostel,51.5368127,-0.1394799,Unknown,Unknown
London,HarmonyNest Parkview Elegance,hotel,51.4770816,-0.0335365,Unknown,Unknown
London,Premier Inn,hotel,51.4959441,-0.112651,Unknown,Unknown
Manchester,Best Western,hotel,53.4396161,-2.2205494,Unknown,Unknown
Manchester,Holly House Hotel,hotel,53.4228241,-2.2399336,Unknown,Unknown
Manchester,Dickenson Hotel,hotel,53.4556862,-2.2036703,Unknown,Unknown
Manchester,Crown & Anchor,guest_house,53.4819086,-2.2322038,Unknown,Unknown
Manchester,Malmaison,hotel,53.4791781,-2.2332353,Unknown,Unknown
Manchester,Hatters Hostel,hostel,53.4818923,-2.23269,Unknown,Hatters Group
Manchester,The Parklands Residential Hotel,hotel,53.495237,-2.2183302,Unknown,Unknown
Manchester,Ibis Hotel Manchester City Centre,hotel,53.4773839,-2.2406635,Unknown,Unknown
Manchester,Macdonald Townhouse Hotel,hotel,53.4774858,-2.2398992,Unknown,Unknown
Manchester,Hilton Manchester Deansgate,hotel,53.4755262,-2.2504623,Unknown,Hilton Hotels
Manchester,Copperhead Hotel,hotel,53.4833395,-2.2551989,Unknown,Unknown
Manchester,Chesham House B&B,guest_house,53.4454997,-2.3613628,Unknown,Unknown
Manchester,Thistlewood Hotel,hotel,53.4455649,-2.3255492,Unknown,Unknown
Manchester,Victoria Park Guest House,guest_house,53.4474375,-2.3139388,Unknown,Unknown
Manchester,Novotel Worsley,hotel,53.5008223,-2.385638,Unknown,Unknown
Manchester,Eskdale Lodge Hotel,hotel,53.4223126,-2.338419,Unknown,Unknown
Manchester,Cornerstones Hotel,hotel,53.4190374,-2.3330123,Unknown,Unknown
Manchester,The Belmore,hotel,53.4122865,-2.319823,Unknown,Unknown
Manchester,Chesters Hotel & Restaurant,hotel,53.4602227,-2.2910338,3,Unknown
Manchester,The Light Boutique ApartHotel,hotel,53.4829533,-2.2378816,Unknown,Unknown
Manchester,Novotel,hotel,53.4771277,-2.2415525,Unknown,Unknown
Manchester,Holiday Inn Express,hotel,53.4733925,-2.2402184,Unknown,Unknown
Manchester,Velvet Hotel,hotel,53.4780645,-2.235429,Unknown,Unknown
Manchester,The Works ApartHotel,hotel,53.484637,-2.2405929,Unknown,Unknown
Manchester,Le Ville Hotel,hotel,53.476791,-2.2373568,Unknown,Unknown
Manchester,New Union Hotel,hotel,53.4763927,-2.2381941,Unknown,Unknown
Manchester,Travelodge,hotel,53.48138,-2.2361835,Unknown,Unknown
Manchester,The Mitre,hotel,53.4847458,-2.2443872,Unknown,Unknown
Manchester,Hatters @ Hilton Chambers,hostel,53.4830203,-2.23448,Unknown,Hatters Group
Manchester,Ibis Budget Manchester Centre,hotel,53.4794026,-2.2220188,Unknown,Unknown
Manchester,Travelodge,hotel,53.4840986,-2.2320298,Unknown,Unknown
Manchester,Princess Street Hotel,hotel,53.4782331,-2.2417498,Unknown,Unknown
Manchester,Travelodge,hotel,53.4656468,-2.1932232,Unknown,Unknown
Manchester,The Merchants Hotel,hotel,53.4817937,-2.2362501,Unknown,Unknown
Manchester,Assheton Arms Hotel,hotel,53.550976,-2.1967509,Unknown,Unknown
Manchester,Premier Inn - Old Trafford,hotel,53.4657967,-2.2886187,Unknown,Unknown
Manchester,The Castlefield Hotel,hotel,53.4767177,-2.2566266,Unknown,Unknown
Manchester,Premier Inn,hotel,53.4766927,-2.2446507,Unknown,Unknown
Manchester,Clyde Mount Guest House,guest_house,53.457745,-2.1586585,Unknown,Unknown
Manchester,Unknown,hotel,53.5135102,-2.2445074,Unknown,Unknown
Manchester,C,guest_house,53.4836631,-2.2373265,Unknown,Unknown
Manchester,Clydesdale House,guest_house,53.4836831,-2.237365,Unknown,Unknown
Manchester,Premier Inn Manchester West Didsbury,hotel,53.4258184,-2.2580133,Unknown,Premier Inn
Manchester,Premier Inn - MediaCity,hotel,53.473716,-2.3014672,Unknown,Premier Inn
Manchester,easyHotel,hotel,53.4817102,-2.2329344,Unknown,Unknown
Manchester,Roomzzz Aparthotel,hotel,53.4776125,-2.2405545,Unknown,Unknown
Manchester,Hotel Indigo,hotel,53.4860823,-2.2416995,Unknown,IHG
Manchester,King Street Townhouse,hotel,53.4800905,-2.2432109,4,Eclectic Hotel Group
Manchester,Great John Street Hotel,hotel,53.4783761,-2.2543168,4,Unknown
Manchester,Throstles Nest,hotel,53.4563251,-2.275032,Unknown,Unknown
Manchester,The City Warehouse Aparthotel,hotel,53.484381,-2.2324877,Unknown,Unknown
Manchester,The Cow Hollow Hotel,hotel,53.4823165,-2.2324893,Unknown,Unknown
Manchester,Gardens Hotel,hotel,53.4809799,-2.2348147,Unknown,Unknown
Manchester,Sachas,hotel,53.4821773,-2.2374224,Unknown,Unknown
Manchester,Abode Hotels,hotel,53.4797848,-2.233109,Unknown,Unknown
Manchester,La Reserve Aparthotel,hotel,53.4795232,-2.2314438,Unknown,Unknown
Manchester,The Place Aparthotel,hotel,53.4791,-2.2310584,Unknown,Unknown
Manchester,Ibis Styles - Manchester Portland Hotel,hotel,53.4802907,-2.2353564,Unknown,Unknown
Manchester,Holiday Inn,hotel,53.4788932,-2.2342139,Unknown,Unknown
Manchester,SACO Aparthotel,hotel,53.4788571,-2.2362127,Unknown,Unknown
Manchester,Motel One Manchester-Piccadilly,hotel,53.4775495,-2.2323003,Unknown,Unknown
Manchester,Premier Inn,hotel,53.4766153,-2.2419232,Unknown,Unknown
Manchester,Clayton Hotel Manchester City Centre,hotel,53.4778592,-2.2391173,Unknown,Unknown
Manchester,Hotel Brooklyn,hotel,53.4777075,-2.2394325,Unknown,Unknown
Manchester,StayCity,hotel,53.4782958,-2.231774,Unknown,Unknown
Manchester,Parkview Residence,hotel,53.5015829,-2.2450894,3,Unknown
Manchester,Stock Exchange Hotel,hotel,53.482001,-2.2427769,Unknown,Unknown
Manchester,Motel One Manchester-Royal Exchange,hotel,53.482135,-2.2441151,Unknown,Unknown
Manchester,BrewDog DogHouse Hotel,hotel,53.4815873,-2.2402715,Unknown,Unknown
Manchester,Gotham Hotel,hotel,53.4804728,-2.2422051,Unknown,Unknown
Manchester,Manchester Hall,hotel,53.4810667,-2.2500054,Unknown,Unknown
Manchester,The Black Lion Hotel,hotel,53.484697,-2.2495364,Unknown,Unknown
Manchester,Moxy Manchester City,hotel,53.4790216,-2.2499252,Unknown,Unknown
Manchester,YOTEL Manchester Deansgate,hotel,53.4806294,-2.2478992,Unknown,Unknown
Manchester,REM Hotel,hotel,53.4770986,-2.2368691,Unknown,Unknown
Manchester,Leven Hotel,hotel,53.4775864,-2.2362764,Unknown,Unknown
Manchester,Motel One Manchester-St. Peter's Square,hotel,53.4777765,-2.2425395,Unknown,Unknown
Manchester,Wilde Aparthotels,hotel,53.4776776,-2.2423544,Unknown,Unknown
Manchester,High Street Townhouse,hotel,53.4837217,-2.2386139,Unknown,Unknown
Manchester,City Gate Suites,hotel,53.4923347,-2.2383925,Unknown,Unknown
Manchester,247Hotel.com,hotel,53.5363645,-2.1279484,Unknown,Unknown
Manchester,Hampton by Hilton,hotel,53.4877988,-2.2333726,Unknown,Unknown
Manchester,The Fallowfield Lodge,hotel,53.4384444,-2.2220686,Unknown,Unknown
Manchester,Dreamhouse Apartments,hotel,53.4837713,-2.2552163,Unknown,Unknown
Manchester,City Stop Manchester,hotel,53.48502,-2.2398247,Unknown,Unknown
Manchester,Crowne Plaza,hotel,53.4858565,-2.2362643,Unknown,Unknown
Manchester,AC Hotel by Marriott,hotel,53.4863136,-2.2342011,Unknown,Unknown
Manchester,Staycity Aparthotel,hotel,53.4859032,-2.2336819,Unknown,Unknown
Manchester,Lewis Apartments,hotel,53.4854562,-2.23394,Unknown,Unknown
Manchester,Boat and Horses Hotel,hotel,53.528322,-2.1599793,Unknown,Unknown
Manchester,Residence Inn Manchester Piccadilly,hotel,53.4812398,-2.2273566,Unknown,Unknown
Manchester,Travelodge Stockport,hotel,53.4099493,-2.1640569,Unknown,Unknown
Manchester,Roomzzz Manchester Victoria Aparthotel,hotel,53.4848115,-2.2431016,Unknown,Unknown
Manchester,Trafford Hall Hotel Manchester,hotel,53.4616006,-2.2788851,Unknown,Unknown
Birmingham,Heartland Hostel,hostel,52.4775956,-1.850703,Unknown,Unknown
Birmingham,Dormy Hotel,hotel,52.4730074,-1.9586232,Unknown,Unknown
Birmingham,Fairlawns Hotel,hotel,52.4730279,-1.9579123,Unknown,Unknown
Birmingham,Travelodge,hotel,52.4740303,-1.9223368,Unknown,Unknown
Birmingham,Malmaison,hotel,52.4768489,-1.9036938,Unknown,Unknown
Birmingham,AC Hotel,hotel,52.4754189,-1.9060022,Unknown,Unknown
Birmingham,Travelodge,hotel,52.5107023,-1.8102109,Unknown,Unknown
Birmingham,Woodlands Hotel,hotel,52.4735565,-1.9577131,Unknown,Unknown
Birmingham,Travelodge,hotel,52.4049256,-1.8858512,Unknown,Unknown
Birmingham,Hotel Indigo,hotel,52.4750754,-1.9067533,Unknown,Unknown
Birmingham,Holiday Inn Express,hotel,52.4947579,-2.0221386,Unknown,Unknown
Birmingham,Castle Bromwich Hall Hotel,hotel,52.5055286,-1.7910838,Unknown,Unknown
Birmingham,Aston Business School Conference Centre and Hotel,hotel,52.4862175,-1.8887063,Unknown,Aston University
Birmingham,SACO Birmingham Serviced Apartments,hotel,52.4767117,-1.9135138,Unknown,Unknown
Birmingham,Premier Inn,hotel,52.4787068,-1.8978356,Unknown,Unknown
Birmingham,Interstate Europe,hotel,52.4755035,-1.9044067,Unknown,Unknown
Birmingham,The Spires,hotel,52.4755124,-1.9043734,Unknown,Unknown
Birmingham,Staybridge Suites,hotel,52.4805562,-1.8959886,Unknown,Unknown
Birmingham,YMCA,hostel,52.4879465,-1.9009409,Unknown,Unknown
Birmingham,Surya & Iulia,guest_house,52.4677577,-1.9050569,Unknown,Unknown
Birmingham,Edgbaston Park Hotel,hotel,52.4540836,-1.9274023,Unknown,Unknown
Birmingham,Staycity,hotel,52.4743591,-1.8959292,Unknown,Unknown
Birmingham,iQ Studios 51,hostel,52.4892804,-1.8918441,Unknown,Unknown
Birmingham,The Fountain Inn,guest_house,52.4710661,-1.8981108,Unknown,Unknown
Birmingham,The Wellington,guest_house,52.4719631,-1.8992709,Unknown,Unknown
Birmingham,Rollason Wood Hotel,hotel,52.5179037,-1.8398425,Unknown,Unknown
Birmingham,Prince Hotel,guest_house,52.4734995,-1.9543996,Unknown,Unknown
Birmingham,Madeira Hotel,hotel,52.4141932,-1.9578946,Unknown,Unknown
Birmingham,Homelea Guest House,guest_house,52.4515144,-1.7714354,Unknown,Unknown
Birmingham,Henlon House,guest_house,52.5089495,-1.9135228,Unknown,Unknown
Birmingham,Alcombe House,guest_house,52.4771853,-1.8078733,Unknown,Alcombe House Ltd
Birmingham,Aloft,hotel,52.485851,-1.8852174,Unknown,Unknown
Birmingham,Travelodge,hotel,52.5024558,-1.7749545,Unknown,Unknown
Birmingham,Pebble Cottage Guest House,guest_house,52.4692277,-1.7553663,Unknown,Unknown
Birmingham,Grand Hotel,hotel,52.4818267,-1.8996268,Unknown,Unknown
Birmingham,The Briar Rose,hotel,52.479906,-1.9001322,Unknown,Unknown
Birmingham,Bournville Bed And Breakfast,hotel,52.424488,-1.9343026,Unknown,Unknown
Liverpool,Radisson Blu,hotel,53.4106995,-2.9964996,Unknown,Unknown
Liverpool,Grove House Hotel,hotel,53.4296992,-3.0639038,Unknown,Unknown
Liverpool,Holiday Inn Express,hotel,53.3988997,-2.9930873,Unknown,Unknown
Liverpool,Premier Inn,hotel,53.39931,-2.9914015,Unknown,Unknown
Liverpool,Campanile,hotel,53.3953151,-2.9847774,Unknown,Unknown
Liverpool,Mercure,hotel,53.4074661,-2.9951992,4,Unknown
Liverpool,Green Park Hotel,hotel,53.3897807,-2.9302644,Unknown,Unknown
Liverpool,Leasowe Castle Hotel,hotel,53.418497,-3.1080131,Unknown,Unknown
Liverpool,City B&B,guest_house,53.4173682,-2.9995206,Unknown,Unknown
Liverpool,Parr Street Hotel,hotel,53.4014597,-2.9788895,Unknown,Unknown
Liverpool,Staybridge Suites,hotel,53.3976684,-2.9897108,Unknown,Unknown
Liverpool,Black Lion Guest House,guest_house,53.3654634,-3.0013244,Unknown,Unknown
Liverpool,Leonardo Hotels,hotel,53.398137,-2.989904,Unknown,Unknown
Liverpool,Hope Street Hotel,hotel,53.4010763,-2.971017,Unknown,Unknown
Liverpool,RiverHill Hotel and Bay Tree Restaurant,hotel,53.3786812,-3.04866,Unknown,Unknown
Liverpool,Hatters Hostel,hostel,53.4038392,-2.9745177,Unknown,Unknown
Liverpool,Days Inn,hotel,53.4047575,-2.9920507,Unknown,Unknown
Liverpool,International Inn,hostel,53.4021058,-2.9712776,Unknown,Unknown
Liverpool,The Racquet Club,hotel,53.4073204,-2.9940997,Unknown,Unknown
Liverpool,The Station,hotel,53.3941688,-3.014458,Unknown,Unknown
Liverpool,Holiday Inn Express,hotel,53.4634188,-2.8763378,Unknown,Unknown
Liverpool,Hallmark Inn Liverpool,hotel,53.4038999,-2.9713703,Unknown,Unknown
Liverpool,Travelodge,hotel,53.4410741,-3.0456698,Unknown,Unknown
Liverpool,The Royal Oak Hotel,hotel,53.3329975,-2.9762236,Unknown,Unknown
Liverpool,Queen's Royal Hotel,hotel,53.4398775,-3.0433668,Unknown,Unknown
Liverpool,Hampton,hotel,53.398524,-2.9862034,3,Hilton
Liverpool,Royal Chambers,hotel,53.4106312,-2.9663666,Unknown,Unknown
Liverpool,Breeze Guest House,guest_house,53.4498998,-2.9837622,Unknown,Unknown
Liverpool,Premier Inn,hotel,53.3825985,-3.1085469,Unknown,Premier Inn
Liverpool,Russell Hotel,hotel,53.4092184,-3.0189255,Unknown,Unknown
Liverpool,Somersby Guest House,guest_house,53.3882922,-2.8982351,Unknown,Unknown
Liverpool,Ibis Styles,hotel,53.4084783,-2.9877493,Unknown,Unknown
Liverpool,Premier Inn,hotel,53.489739,-2.9570225,Unknown,Unknown
Liverpool,"Tune Hotel - Liverpool, City Centre",hotel,53.4068176,-2.9909582,Unknown,Unknown
Liverpool,Embassie,hostel,53.3986182,-2.9638423,Unknown,Unknown
Liverpool,Hard Days Night Hotel,hotel,53.4059891,-2.988174,Unknown,Unknown
Liverpool,Pullman Hotel,hotel,53.3959932,-2.990122,Unknown,Unknown
Liverpool,Aloft Liverpool Hotel,hotel,53.4075333,-2.9894092,Unknown,Unknown
Liverpool,Adagio,hotel,53.4048461,-2.9793412,Unknown,Unknown
Liverpool,Monument Building Pierhead Housing,hostel,53.4090221,-2.9712716,Unknown,Unknown
Liverpool,Z Hotel,hotel,53.4073933,-2.9897391,Unknown,Z Hotels
Liverpool,Liverpool Inn,hotel,53.4048466,-2.977414,Unknown,Unknown
Liverpool,Unknown,guest_house,53.4021739,-2.9771999,Unknown,Unknown
Liverpool,Woodlands,guest_house,53.3244298,-2.9711092,Unknown,Unknown
Liverpool,The Arc Hotel,hotel,53.4297469,-2.9563642,Unknown,Unknown
Liverpool,Liverpool Gateway B&B,guest_house,53.4101459,-2.9169368,Unknown,Unknown
Liverpool,Abbeyfield Guesthouse,guest_house,53.3618798,-2.9026347,Unknown,Unknown
Liverpool,Crowne Plaza,hotel,53.3476899,-2.8806538,Unknown,Unknown
Oxford,Holiday Inn Express: Kassam Stadium,hotel,51.7153364,-1.2063054,Unknown,Unknown
Oxford,Travelodge,hotel,51.741965,-1.1156752,Unknown,Unknown
Oxford,Eurobar Café & Hotel,hotel,51.7535744,-1.2626889,Unknown,Unknown
Oxford,St Michael's Guest House,guest_house,51.7533041,-1.2602209,Unknown,Unknown
Oxford,The Dog House,guest_house,51.6851205,-1.3506878,Unknown,Unknown
Oxford,Kingfisher Barn B&B,hotel,51.6674332,-1.2719612,Unknown,Unknown
Oxford,Lakeside Guest House,guest_house,51.7411994,-1.254826,Unknown,Unknown
Oxford,Sportsview Guest House,guest_house,51.7416709,-1.2550628,Unknown,Unknown
Oxford,The Oxford Townhouse,guest_house,51.7422057,-1.2553698,Unknown,Unknown
Oxford,Newton House Guest House B & B,guest_house,51.7424143,-1.2555408,Unknown,Unknown
Oxford,Rasa Sayang House,guest_house,51.7453494,-1.2403193,Unknown,Unknown
Oxford,Remont,hotel,51.7846803,-1.2692663,4,Unknown
Oxford,Cotswold House Bed & Breakfast,hotel,51.7843813,-1.2690137,Unknown,Unknown
Oxford,Crown & Thistle,hotel,51.6696766,-1.2802156,Unknown,Unknown
Oxford,Acorn Guest House,guest_house,51.7404937,-1.2367292,Unknown,Unknown
Oxford,No. 192 Oxford,guest_house,51.7431477,-1.239485,Unknown,Unknown
Oxford,Manor House Hotel,hotel,51.7409649,-1.2372319,Unknown,Unknown
Oxford,Highfield House,guest_house,51.7288989,-1.2247043,Unknown,Unknown
Oxford,Galaxie Hotel,hotel,51.7752805,-1.2637606,Unknown,Unknown
Oxford,Arden Lodge,hotel,51.7885364,-1.2748419,Unknown,Unknown
Oxford,Travelodge,hotel,51.7948807,-1.282769,Unknown,Travelodge
Oxford,Unknown,guest_house,51.8223873,-1.2368993,Unknown,Unknown
Oxford,Central Backpackers Oxford,hostel,51.7528733,-1.2657992,Unknown,Unknown
Oxford,White House View,guest_house,51.7434877,-1.2567105,Unknown,Unknown
Oxford,Burleigh Farm,guest_house,51.813522,-1.3488999,Unknown,Unknown
Oxford,Old Bank Hotel,hotel,51.752499,-1.2531731,Unknown,Unknown
Oxford,Vanbrugh House Hotel,hotel,51.7534411,-1.2597452,Unknown,Unknown
Oxford,George Oxford Hotel,hotel,51.75363,-1.2602735,Unknown,Unknown
Oxford,Tower House,hotel,51.753825,-1.2571883,Unknown,Unknown
Oxford,The Burlington House,guest_house,51.7825153,-1.2671177,Unknown,Unknown
Oxford,Ethos Hotel,hotel,51.7446737,-1.2588846,Unknown,Unknown
Oxford,Premier Inn,hotel,51.7515754,-1.2966188,Unknown,Unknown
Oxford,Browns,guest_house,51.7396914,-1.2353167,Unknown,Unknown
Oxford,High Hedges Guest House,guest_house,51.7495659,-1.3032424,Unknown,Unknown
Oxford,Premier Inn,hotel,51.731321,-1.203597,Unknown,Unknown
Oxford,St. Margarets hotel,hotel,51.7677206,-1.2627781,Unknown,Unknown
Oxford,George Street Hotel,hotel,51.7536825,-1.2597772,Unknown,Unknown
Oxford,The Jericho Hotel,hotel,51.7571102,-1.2661169,1,Unknown
Oxford,Conifers Guest House,guest_house,51.7519182,-1.2051864,Unknown,Unknown
Oxford,Cross Guest House,guest_house,51.752422,-1.2573984,Unknown,Unknown
Oxford,Premier Inn,hotel,51.8298919,-1.3119974,Unknown,Unknown
Oxford,Adams guest house,guest_house,51.779143,-1.265299,Unknown,Unknown
Oxford,The Buttery Hotel,hotel,51.7541284,-1.2576228,Unknown,Unknown
Oxford,Botley Town House,guest_house,51.7525366,-1.2825044,Unknown,Unknown
Oxford,Mount Pleasant Hotel,hotel,51.7592093,-1.2136312,Unknown,Unknown
Oxford,Henry's,hotel,51.7532822,-1.2603158,Unknown,Unknown
Cambridge,Quy Mill Hotel,hotel,52.215869,0.2074409,Unknown,Best Western
Cambridge,The Waterman,guest_house,52.2141817,0.1254885,Unknown,Unknown
Cambridge,YHA Cambridge,hostel,52.196723,0.1355123,Unknown,Unknown
Cambridge,Crystal Hotel,hotel,52.1877505,0.1372393,Unknown,Unknown
Cambridge,Dorset House,guest_house,52.1418364,0.1139448,Unknown,Unknown
Cambridge,The Bridge Guest House,guest_house,52.1883421,0.1368629,Unknown,Unknown
Cambridge,Ashley Hotel,hotel,52.2147379,0.1283075,Unknown,Unknown
Cambridge,The Bridge,hotel,52.2583737,0.1989287,Unknown,Unknown
Cambridge,The Gate Lodge,guest_house,52.185263,0.2098127,Unknown,Unknown
Cambridge,Lantern House Guest House,guest_house,52.2160234,0.134769,Unknown,Unknown
Cambridge,Regent Hotel,hotel,52.2012833,0.1257409,Unknown,Unknown
Cambridge,Lynwood House,guest_house,52.2153784,0.1296423,Unknown,Unknown
Cambridge,Parkview Guest House,guest_house,52.2000145,0.1527648,Unknown,Unknown
Cambridge,Fenners Hotel,hotel,52.1961335,0.1348481,Unknown,Unknown
Cambridge,Tenison Towers,hotel,52.1960806,0.1348291,Unknown,Unknown
Cambridge,Railway Lodge,hotel,52.1960364,0.1348132,Unknown,Unknown
Cambridge,Appletree B&B,guest_house,52.1926728,0.1758578,Unknown,Unknown
Cambridge,Benson House,guest_house,52.2149005,0.1093532,Unknown,Unknown
Cambridge,Beech Farm B&B,guest_house,52.1385894,0.074297,Unknown,Unknown
Cambridge,Fairways Guest House,guest_house,52.1884079,0.143265,Unknown,Unknown
Cambridge,Archway House B&B,guest_house,52.2187438,0.1232566,Unknown,Unknown
Cambridge,Unknown,guest_house,52.1412098,0.0821036,Unknown,Unknown
Cambridge,The Mowbray,guest_house,52.1811175,0.1494302,Unknown,Unknown
Cambridge,Home from Home,guest_house,52.2166503,0.1268733,Unknown,Unknown
Cambridge,Acorn Guest House,guest_house,52.2158246,0.1335727,Unknown,Unknown
Cambridge,Kirkwood House,guest_house,52.2159668,0.1346671,Unknown,Unknown
Cambridge,Worth House,guest_house,52.2158082,0.1334801,Unknown,Unknown
Cambridge,Regency Guest House,guest_house,52.2000871,0.1275189,Unknown,Unknown
Cambridge,Varsity Hotel,hotel,52.2102802,0.1180709,Unknown,Unknown
Cambridge,"B&B, Lois Farrow, Cambridge",guest_house,52.2196385,0.1001814,Unknown,Unknown
Cambridge,Ibis Cambridge Central Station,hotel,52.1950116,0.1375837,Unknown,Unknown
Cambridge,Rosa's Bed and Breakfast,guest_house,52.2262645,0.1163052,Unknown,Unknown
Cambridge,The Manor Bed & Breakfast,guest_house,52.2774496,0.0507045,Unknown,Unknown
Cambridge,Alpha Milton Guest House,guest_house,52.2174885,0.1278784,Unknown,Unknown
Cambridge,Harry's Bed & Breakfast,guest_house,52.2169149,0.126591,Unknown,Unknown
Cambridge,Sayle House,hotel,52.2173903,0.1299964,Unknown,Unknown
Cambridge,Peymans Cambridge City Rooms,guest_house,52.201879,0.1328532,Unknown,Unknown
Cambridge,Ambassador Lodge,guest_house,52.2446394,0.1633143,Unknown,Unknown
Cambridge,Artist House Cambridge,guest_house,52.2285223,0.0877404,Unknown,Unknown
Cambridge,Cozy Stay Cambridge,guest_house,52.2074735,0.1343579,Unknown,Unknown
Cambridge,Crafts Hill Barn Bed & Breakfast,guest_house,52.2407667,0.0260818,Unknown,Unknown
Cambridge,Victoria Bed & Breakfast,guest_house,52.2223374,0.1321514,Unknown,Unknown
Cambridge,Premier Inn - Cambridge City Centre,hotel,52.2048888,0.1199336,Unknown,Premier Inn
Bristol,Cottage Garden B&B,hotel,51.3818286,-2.5090799,Unknown,Unknown
Bristol,The Old Manor House,hotel,51.4176399,-2.5004806,Unknown,Unknown
Bristol,The Tythe Barn,guest_house,51.5075502,-2.5194765,Unknown,Unknown
Bristol,Rock N Bowl Hostel,hostel,51.4563411,-2.593838,Unknown,Unknown
Bristol,Fern Cottage Bed and Breakfast,guest_house,51.4807303,-2.452276,Unknown,Unknown
Bristol,Revilo Guest House,guest_house,51.4038541,-2.5550673,Unknown,Unknown
Bristol,The SummerHouse,guest_house,51.37679,-2.5583019,Unknown,Unknown
Bristol,Grasmere Court Hotel,hotel,51.4120539,-2.4905089,Unknown,Unknown
Bristol,The Hollies,guest_house,51.3744645,-2.5511376,Unknown,Unknown
Bristol,The Tithe Barn,guest_house,51.3671045,-2.5808658,Unknown,Unknown
Bristol,007 Hostel Bristol,hostel,51.4363478,-2.6059537,Unknown,Unknown
Bristol,3 Berkeley Square Guesthouse,guest_house,51.4547265,-2.6060153,Unknown,Unknown
York,DoubleTree by Hilton York,hotel,53.9628524,-1.0775982,4,Hilton Hotels
York,Hilton York,hotel,53.9563897,-1.0805899,4,Hilton Hotels
York,Diamonds Inn,hotel,53.9640967,-1.0762061,Unknown,Unknown
York,The Queen's Hotel,hotel,53.9567247,-1.0843204,Unknown,Unknown
York,Watergate Inn,hotel,53.9573256,-1.07698,Unknown,Enterprise Inns
York,The Limes,guest_house,53.942291,-1.0739289,Unknown,Unknown
York,Royal Dragon Hotel,hotel,53.9543459,-1.071218,Unknown,Unknown
York,Dean Court Hotel,hotel,53.9620025,-1.0840485,Unknown,Inn Collection
York,Jorvik Villas,guest_house,53.9524406,-1.0688265,Unknown,Unknown
York,Middlethorpe Hall,hotel,53.9305768,-1.0898701,Unknown,National Trust
York,Travelodge York Central Micklegate,hotel,53.9574221,-1.0859432,Unknown,Travelodge Hotel Ltd
York,Linden Lodge,guest_house,53.9509566,-1.0900077,Unknown,Unknown
York,Mercure York Fairfield Manor Hotel,hotel,53.994067,-1.1317789,Unknown,Accor
York,Astley House,guest_house,53.9705012,-1.0979353,Unknown,Unknown
York,Barbican House,guest_house,53.9539072,-1.0716785,Unknown,Unknown
York,Safestay,hostel,53.9570213,-1.0892215,Unknown,Unknown
York,B+B,guest_house,53.9680722,-1.0902645,Unknown,Unknown
York,The Bar Convent,guest_house,53.9553101,-1.0911762,Unknown,Unknown
York,The Fort,hostel,53.9605593,-1.0833546,Unknown,Unknown
York,Holly Cottage,guest_house,53.9773405,-1.0533466,Unknown,Unknown
York,York Guest House,guest_house,53.9665956,-1.0666981,Unknown,Unknown
York,Wheatlands Lodge Hotel,hotel,53.9523375,-1.0947864,Unknown,Unknown
York,The Parsonage Hotel,hotel,53.8795411,-1.0458465,Unknown,Unknown
York,Dairy Guest House,guest_house,53.9508662,-1.0856724,4,Unknown
York,York Pavilion Hotel,hotel,53.9364084,-1.0720906,Unknown,Best Western
York,Blossoms,guest_house,53.9670429,-1.0924889,Unknown,Unknown
York,Crescent Guest House,guest_house,53.9658209,-1.0905129,Unknown,Unknown
York,Minster Hotel,hotel,53.9642958,-1.0883878,Unknown,Unknown
York,City Guest House,guest_house,53.9643447,-1.0749817,Unknown,Unknown
York,New Holgate,hotel,53.9540312,-1.1008883,Unknown,Unknown
York,The Bishop & The Bison,guest_house,53.9706149,-1.0980812,Unknown,Unknown
York,York Alternative Bed and Breakfast,guest_house,53.9526732,-1.0944045,Unknown,Unknown
York,Blakeney House,guest_house,53.9713165,-1.0519527,Unknown,Unknown
York,Heworth Guest House,guest_house,53.9658511,-1.0608252,Unknown,Unknown
York,Heworth Court Hotel,hotel,53.9670027,-1.0654928,Unknown,Unknown
York,Monkgate Guest House,guest_house,53.964774,-1.0748521,Unknown,Unknown
York,Lil's on the Waterfront,guest_house,53.9569865,-1.0829317,Unknown,Unknown
York,Gillygate Guest House,guest_house,53.9640061,-1.0843471,Unknown,Unknown
York,Tower House,guest_house,53.9719904,-1.0823596,Unknown,Unknown
York,Foss Bank,guest_house,53.9664211,-1.0734895,Unknown,Unknown
York,Palm Court,guest_house,53.9664684,-1.073468,Unknown,Unknown
York,Bowen House,guest_house,53.967735,-1.0722477,Unknown,Unknown
York,Galtres Lodge Hotel,hotel,53.96126,-1.0815624,Unknown,Unknown
York,The Willows,guest_house,53.9786481,-1.1869713,Unknown,Unknown
York,Parisi,hotel,53.9565181,-1.0759785,Unknown,Unknown
York,Holly Lodge,guest_house,53.9468713,-1.0742471,Unknown,Unknown
York,Chelmsford Place,guest_house,53.9497617,-1.0743893,Unknown,Unknown
York,Friar's Rest,guest_house,53.9498453,-1.0745126,Unknown,Unknown
York,Moorgarth Guest House,guest_house,53.9486851,-1.0743759,Unknown,Unknown
York,Avondale,guest_house,53.9503055,-1.0852722,Unknown,Unknown
York,Farthings,guest_house,53.9509397,-1.0895635,Unknown,Unknown
York,Moorland House,guest_house,53.9423229,-1.073542,Unknown,Unknown
York,Ashbourne House,guest_house,53.941895,-1.073939,Unknown,Unknown
York,The Hollies,guest_house,53.9418066,-1.073939,Unknown,Unknown
York,Midway House,guest_house,53.9415998,-1.0739309,Unknown,Unknown
York,Emerald Residence,guest_house,53.938949,-1.0735152,Unknown,Unknown
York,Bronte Guest House,guest_house,53.9673446,-1.0878204,Unknown,Unknown
York,Park View,guest_house,53.9678843,-1.0873108,Unknown,Unknown
York,Arnot House,guest_house,53.9672136,-1.0879411,Unknown,Unknown
York,Vikings Accommodation,guest_house,53.968102,-1.0875391,Unknown,Unknown
York,Grange Lodge,guest_house,53.9677784,-1.0878285,Unknown,Unknown
York,Georgian House,guest_house,53.9636525,-1.0865949,Unknown,Unknown
York,Beckett,guest_house,53.9679631,-1.0876514,Unknown,Unknown
York,Clearly Apartments,guest_house,53.9680278,-1.0875954,Unknown,Unknown
York,Bootham Guest House,guest_house,53.9679046,-1.0877078,Unknown,Unknown
York,Bowman's,guest_house,53.9678399,-1.087346,Unknown,Unknown
York,Hedley House Hotel,hotel,53.9648436,-1.0903793,Unknown,Unknown
York,Greenside,guest_house,53.9697318,-1.0964381,Unknown,Unknown
York,Judges Court Hotel,hotel,53.9591789,-1.0836001,Unknown,Unknown
York,Marmaduke's,hotel,53.9672895,-1.0918292,Unknown,Unknown
York,Melton,guest_house,53.9540206,-1.1036964,Unknown,Unknown
York,Kilima Hotel,hotel,53.9538264,-1.1025779,Unknown,Unknown
York,Astor York,hostel,53.9542823,-1.1017988,Unknown,Astor Hostels
York,St Paul's Lodge,guest_house,53.9541843,-1.1014713,Unknown,Unknown
York,Holmwood House,guest_house,53.954096,-1.1011389,Unknown,Unknown
York,Church View Bed and Breakfast,guest_house,53.996422,-1.0003967,Unknown,Unknown
York,St Raphael Guest House,guest_house,53.9651529,-1.091221,Unknown,Unknown
York,Queen Anne's Guest House,guest_house,53.9646906,-1.0917413,Unknown,Unknown
York,Park View,guest_house,53.9685674,-1.0799066,Unknown,Unknown
York,Mowbray House,guest_house,53.9687836,-1.079582,Unknown,Unknown
York,Newton House,guest_house,53.9693989,-1.0787076,Unknown,Unknown
York,Gregory's Guest House,guest_house,53.9464634,-1.085598,Unknown,Unknown
York,Abbey Guest House,guest_house,53.9615275,-1.092195,Unknown,Unknown
York,23 St Marys Guest House,guest_house,53.9634036,-1.0905106,Unknown,Unknown
York,Hazelwood,guest_house,53.9649737,-1.0846366,Unknown,Unknown
York,Jórvik House,guest_house,53.9623668,-1.0896603,Unknown,Unknown
York,Airden House,guest_house,53.9642225,-1.089207,Unknown,Unknown
York,Crook Lodge,guest_house,53.9633326,-1.091031,Unknown,Unknown
York,Minster Walk Guest House,guest_house,53.963159,-1.0881529,Unknown,Unknown
York,No 21,guest_house,53.963492,-1.0903684,Unknown,Unknown
York,St Georges,guest_house,53.948895,-1.1015925,Unknown,Unknown
York,Feversham Lodge,guest_house,53.9718388,-1.0825729,Unknown,Unknown
York,Crossways,guest_house,53.971618,-1.0815,Unknown,Unknown
York,St Mary's Guest House,guest_house,53.9625618,-1.0925682,Unknown,Unknown
York,Alcuin Lodge,guest_house,53.9637041,-1.0926541,Unknown,Unknown
York,The Sycamore Guest House,guest_house,53.9637388,-1.0928311,Unknown,Unknown
York,The Brentwood,guest_house,53.9678335,-1.0877747,Unknown,Unknown
York,Clearly Apartments,guest_house,53.9677151,-1.0879171,Unknown,Unknown
York,Primrose Lodge B&B,guest_house,53.9536734,-0.9671061,Unknown,Unknown
York,Fifth Milestone Cottage B&B,guest_house,53.9542101,-0.9667654,Unknown,Unknown
York,The Sidings,hotel,54.0150182,-1.1602096,Unknown,Unknown
York,York Rose B&B,guest_house,53.9495856,-0.9362099,Unknown,Unknown
York,Moxy,hotel,53.9598453,-1.0753658,Unknown,Marriot
York,Elmbank Lodge,hotel,53.9512739,-1.098328,Unknown,Unknown
York,The Purple Door,guest_house,53.9705518,-1.0980103,Unknown,Unknown
Bath,Old Swan Cottage,guest_house,51.4588531,-2.3696189,Unknown,Unknown
Bath,White Guest House,guest_house,51.3795964,-2.3507105,Unknown,Unknown
Bath,Brindleys,guest_house,51.3797749,-2.3499507,Unknown,Unknown
Bath,Appletree Guest House,guest_house,51.3798352,-2.3505274,Unknown,Unknown
Bath,Unknown,guest_house,51.3792039,-2.3508729,Unknown,Unknown
Bath,Avon Guest House,guest_house,51.379929,-2.3510075,Unknown,Unknown
Bath,Rainbow Wood Farm,guest_house,51.3722199,-2.3242375,Unknown,Unknown
Bath,Priory Steps,guest_house,51.3480222,-2.2536623,Unknown,Unknown
Bath,Weston Lawn,guest_house,51.3950056,-2.3869238,Unknown,Unknown
Bath,The Lodge,guest_house,51.345203,-2.279549,Unknown,Unknown
Bath,The Beeches Farmhouse B&B,guest_house,51.3490703,-2.227906,Unknown,Unknown
Bath,Bath Backpackers,hostel,51.3803453,-2.3573127,Unknown,Unknown
Bath,No. 15 Great Pulteney,hotel,51.3845248,-2.3546983,Unknown,Unknown
Bath,The Edgar Town House,hotel,51.3842613,-2.3541202,Unknown,Unknown
Bath,The Windsor,guest_house,51.3839716,-2.3549491,Unknown,Unknown
Bath,Priory Steps,guest_house,51.3481556,-2.2534276,Unknown,Unknown
Bath,Valley View B&B,guest_house,51.3474797,-2.2609417,Unknown,Unknown
Bath,Waltons Guest House,guest_house,51.3838811,-2.3697771,Unknown,Unknown
Bath,Albany Guest House,guest_house,51.3837691,-2.3691363,Unknown,Unknown
Bath,Greenways,guest_house,51.3875856,-2.3507897,Unknown,Unknown
Bath,Crescent Guest House,guest_house,51.383826,-2.3694769,Unknown,Unknown
Bath,Lamp Post Villa,guest_house,51.384098,-2.3709038,Unknown,Unknown
Bath,Two Crescent Gardens,guest_house,51.3841113,-2.3709935,Unknown,Unknown
Bath,Royal Park Guest House,guest_house,51.3838971,-2.369859,Unknown,Unknown
Bath,Percy Place B&B,guest_house,51.3931669,-2.3483925,Unknown,Unknown
Bath,Dolphin House,guest_house,51.4068467,-2.3202528,Unknown,Unknown
Bath,The Belmont Guest House,guest_house,51.3865513,-2.3611465,Unknown,Unknown
Bath,Ashley Villa,guest_house,51.3844941,-2.3894193,Unknown,Unknown
Bath,Hill House Guest Accomodation,guest_house,51.3887767,-2.3622618,Unknown,Unknown
Bath,Oldfields House,guest_house,51.3759294,-2.368718,Unknown,Unknown
Bath,Henrietta House,guest_house,51.3842894,-2.356534,Unknown,Unknown
Bath,Grasmere Court Hotel,hotel,51.4120539,-2.4905089,Unknown,Unknown
Bath,The Squash Court B&B,guest_house,51.4249601,-2.4100361,Unknown,Unknown
Bath,Bodhi House,guest_house,51.367271,-2.3739078,Unknown,Unknown
Bath,Cedar Lodge,guest_house,51.3962108,-2.3428462,Unknown,Unknown
Bath,Cranleigh,guest_house,51.3882585,-2.3969479,Unknown,Unknown
Bath,Corston Fields Farm,guest_house,51.3816525,-2.4673495,Unknown,Unknown
Bath,The Old Rectory Bed & Breakfast,guest_house,51.3832462,-2.3661872,Unknown,Unknown
Bath,Dene Villa Guest House,guest_house,51.3850464,-2.3879034,Unknown,Unknown
Bath,Henry Guest House,guest_house,51.3798914,-2.3576688,Unknown,Unknown
Bath,Queen Charlottes Orangery,guest_house,51.384582,-2.3499196,Unknown,Unknown
Bath,The Cedars,guest_house,51.4007484,-2.3067213,Unknown,Unknown
Bath,Conygre,guest_house,51.3235262,-2.4725959,Unknown,Unknown
Bath,Ramscombe Cottage,guest_house,51.4194828,-2.3272586,Unknown,Unknown
Bath,Chestnuts House,guest_house,51.3873823,-2.3540635,Unknown,Unknown
Bath,River House,guest_house,51.3317588,-2.3044531,Unknown,Unknown
Bath,Milton House,guest_house,51.3716874,-2.3659913,Unknown,Unknown
Bath,The Kennard Hotel,guest_house,51.3843719,-2.3569295,Unknown,Unknown
Bath,Villa Claudia,guest_house,51.3890286,-2.3505582,Unknown,Unknown
Bath,Villa Claudia,guest_house,51.3685086,-2.3658136,Unknown,Unknown
Bath,Kendall House,guest_house,51.4020371,-2.4589113,Unknown,Unknown
Bath,School Cottages,guest_house,51.3436434,-2.4921359,Unknown,Unknown
Bath,Bloomfield House,guest_house,51.3682071,-2.3688922,Unknown,Unknown
Bath,Abbey Rise,guest_house,51.3769145,-2.3652982,Unknown,Unknown
Bath,Dorian House,guest_house,51.3753943,-2.3690882,Unknown,Unknown
Bath,Grosvenor B & B,guest_house,51.3953277,-2.3433005,Unknown,Unknown
Bath,Bridge House Bath,guest_house,51.386943,-2.3985062,Unknown,Unknown
Bath,Sun House,guest_house,51.3918422,-2.3311724,Unknown,Unknown
Bath,My Hotel Ryugu,guest_house,51.3913861,-2.4017608,Unknown,Unknown
Bath,Foxhill Lodge Guest House,guest_house,51.3653,-2.3557144,Unknown,Unknown
Brighton,The White Horse,hotel,50.8030082,-0.0575133,Unknown,Unknown
Brighton,MyHotel Brighton,hotel,50.8243868,-0.1387968,Unknown,Unknown
Brighton,Holiday Inn,hotel,50.8222822,-0.1523762,Unknown,Unknown
Brighton,The Royal Sovereign,hotel,50.8236809,-0.1508057,Unknown,Unknown
Brighton,The White House,guest_house,50.8189456,-0.1270107,Unknown,Unknown
Brighton,Smart Sea View Brighton hotel,hotel,50.825189,-0.1750191,Unknown,Unknown
Brighton,Cinderella Hotel,hotel,50.8275476,-0.1762548,Unknown,Unknown
Brighton,Regency Lansdowne Guesthouse,guest_house,50.8253661,-0.1609223,Unknown,Unknown
Brighton,Brunswick Square Hotel,hotel,50.8241425,-0.1584332,Unknown,Unknown
Brighton,HostelPoint,hostel,50.8195668,-0.1383484,Unknown,HostelPoint
Brighton,Maon Hotel,hotel,50.8215686,-0.1297148,Unknown,Unknown
Brighton,Abbey Lodge,guest_house,50.8212573,-0.1300242,Unknown,Unknown
Brighton,4 Seasons Guest House,guest_house,50.8204366,-0.1302584,Unknown,Unknown
Brighton,Avalon Guest Accomodation,guest_house,50.8206508,-0.1301527,Unknown,Unknown
Brighton,Ei8ht Brighton Serviced Apartments,guest_house,50.8206521,-0.1301553,Unknown,Unknown
Brighton,Ocean Breeze,guest_house,50.82083,-0.1300827,Unknown,Unknown
Brighton,Colson House,guest_house,50.821142,-0.1300152,Unknown,Unknown
Brighton,Smart Brighton Beach,hostel,50.8208989,-0.1443607,Unknown,Unknown
Brighton,The Grapevine,hostel,50.820704,-0.143206,Unknown,Unknown
Brighton,Innkeeper's Lodge,hotel,50.8654163,-0.1519971,Unknown,Unknown
Brighton,Unknown,guest_house,50.8572884,-0.171731,Unknown,Unknown
Brighton,Middown House Bed and Breakfast,guest_house,50.8836589,-0.1360272,Unknown,Unknown
Brighton,Britannia Study Hotel,hotel,50.8246149,-0.1500115,Unknown,Unknown
Brighton,The Charm Brighton Boutique Hotel,hotel,50.8201031,-0.1313901,Unknown,Unknown
Brighton,Sea Spray Brighton Luxury Hotel,hotel,50.819869,-0.1314437,Unknown,Unknown
Brighton,Malmaison,hotel,50.812485,-0.1021162,Unknown,Unknown
Brighton,Seadragons Backpackers,hostel,50.8250984,-0.15641,Unknown,Unknown
Brighton,Cappadocia Guest House,guest_house,50.825653,-0.1396625,Unknown,Unknown
Brighton,Hotel Una,hotel,50.8227027,-0.1497359,Unknown,Unknown
Brighton,Churchill Palace Hotel,hotel,50.8207929,-0.1434287,Unknown,Unknown
Brighton,Andorra,guest_house,50.8232106,-0.1531099,Unknown,Unknown
Brighton,The Oriental,hotel,50.8229123,-0.1532467,Unknown,Unknown
Brighton,Paskins Town House,guest_house,50.8192133,-0.1280835,Unknown,Unknown
Brighton,Brighton Surf Hotel,hotel,50.8193446,-0.1280446,Unknown,Unknown
Brighton,Grey's Hotel,hotel,50.819377,-0.1277855,Unknown,Grey's Hotel Ltd
Brighton,Red Brighton Blue,guest_house,50.8192074,-0.1278234,Unknown,Unknown
Brighton,The Twenty One,guest_house,50.8191294,-0.1281264,Unknown,Unknown
Brighton,Coward's Guest House,guest_house,50.8208231,-0.1300858,Unknown,Unknown
Brighton,Whitburn Lodge,guest_house,50.8237828,-0.1536405,Unknown,Unknown
Brighton,The Moreland,guest_house,50.8247482,-0.1531025,Unknown,Unknown
Brighton,White House Hotel,hotel,50.8190057,-0.1269718,Unknown,Unknown
Brighton,The Square Hotel,hotel,50.8197759,-0.1320975,Unknown,Unknown
Brighton,The Lanes Hotel,hotel,50.8187922,-0.1279266,Unknown,Unknown
Brighton,The Garden Bar,hotel,50.8344966,-0.1962854,Unknown,Unknown
Brighton,The Claremont,guest_house,50.8263533,-0.1666892,5,Unknown
Brighton,The Art House Hove,guest_house,50.83049,-0.1661226,Unknown,Unknown
Brighton,Upper Rock Rooms,hotel,50.8213693,-0.1293855,Unknown,Unknown
Brighton,SoBo Brighton,guest_house,50.8263485,-0.1758161,Unknown,Unknown
Brighton,Selina Brighton,hotel,50.8221274,-0.151866,Unknown,Unknown
Brighton,Seafield House,guest_house,50.8273261,-0.1750182,Unknown,Unknown
Brighton,Phase One Hostel,hostel,50.8228577,-0.1536624,Unknown,Unknown
Brighton,Number 14,guest_house,50.8209104,-0.1300449,Unknown,Unknown
Brighton,Langfords Hotel,hotel,50.8260011,-0.1708514,Unknown,Unknown
Brighton,Imperial Hotel,hotel,50.8248304,-0.1658973,Unknown,Unknown
Brighton,Nineteen,guest_house,50.8204875,-0.1345764,Unknown,Unknown
Brighton,Cross Street Guest House,guest_house,50.8246835,-0.1564762,Unknown,Unknown
Brighton,Chatsworth Hotel,hotel,50.8276683,-0.1642397,Unknown,Unknown
Brighton,Cavalaire Hotel,hotel,50.821467,-0.1293468,Unknown,Unknown
Brighton,Snooze,guest_house,50.8195251,-0.1252927,Unknown,Unknown
Brighton,Brighton Inn Boutique Guest Accommodation,guest_house,50.8196098,-0.1246651,Unknown,Unknown
Brighton,Boydens Guest House,guest_house,50.8214085,-0.1303983,Unknown,Unknown
Brighton,Brighton Boutique Guesthouse,guest_house,50.819387,-0.1301502,Unknown,Unknown
Brighton,Blanch House,guest_house,50.819581,-0.1293428,Unknown,Unknown
Brighton,Horizon,guest_house,50.8196107,-0.1315114,Unknown,Unknown
Brighton,Marine View,guest_house,50.8199233,-0.1314175,Unknown,Unknown
Brighton,Ambassador Hotel,hotel,50.820008,-0.1313987,Unknown,Unknown
Brighton,Marina House Hotel,hotel,50.8192644,-0.127834,Unknown,Unknown
Brighton,FAB Guest House,guest_house,50.8193015,-0.1278117,Unknown,Unknown
Brighton,Westbourne Guest House,guest_house,50.8208678,-0.1296057,Unknown,Unknown
Brighton,New Steine Mews Hostel,hostel,50.8209102,-0.1309422,Unknown,Unknown
Brighton,Hudsons,hotel,50.8217582,-0.1310631,Unknown,Unknown
Brighton,Amherst House,hotel,50.8196251,-0.1305109,Unknown,Unknown
Brighton,The Griffin,guest_house,50.8206146,-0.1342512,Unknown,Unknown
Brighton,The Beach Pad,guest_house,50.8205389,-0.1345632,Unknown,Unknown
Brighton,Millards,guest_house,50.8202857,-0.1346115,Unknown,Unknown
Brighton,Pink Pavillion,guest_house,50.8205208,-0.1342833,Unknown,Unknown
Brighton,Grand Pier,guest_house,50.8204755,-0.1342934,Unknown,Unknown
Brighton,Brighton Wave,guest_house,50.8204314,-0.1343036,Unknown,Unknown
Brighton,The Kelvin,guest_house,50.8203868,-0.1343145,Unknown,Unknown
Brighton,Istanbul Guest House,guest_house,50.8203391,-0.1343245,Unknown,Unknown
Brighton,The Old Palace,guest_house,50.8202945,-0.1343316,Unknown,Unknown
Brighton,Maldron Hotel,hotel,50.8221454,-0.1481158,Unknown,Unknown
