city,name,type,latitude,longitude,elevation
London,Ecology Centre,nature_reserve,51.5024281,-0.2060134,Unknown
London,Unknown,peak,51.5356984,-0.1278914,22
London,Unknown,peak,51.5343778,-0.1267216,19
London,Mill Hill,peak,51.4686516,-0.2385855,Unknown
London,Parliament Hill,peak,51.5596469,-0.1597557,93
London,Westbere Copse,nature_reserve,51.5530546,-0.2065931,Unknown
London,Primrose Hill,peak,51.539538,-0.1607567,64
London,Olympic Rings,peak,51.5488938,-0.0166157,Unknown
London,Park Hill,peak,51.5422296,-0.2416758,Unknown
London,Unknown,park,51.5005211,-0.1029628,Unknown
London,Unknown,park,51.5002933,-0.1026154,Unknown
London,Birdwatch,park,51.4768333,-0.1969465,Unknown
London,Sydenham Hill,peak,51.4326038,-0.072322,112
London,Hampstead Heath,peak,51.5629033,-0.179536,Unknown
London,Forest Hill,peak,51.4443899,-0.0587885,Unknown
London,Levita House Plantation,park,51.5292528,-0.1288306,Unknown
London,Unknown,park,51.5023583,-0.1042636,Unknown
London,Unknown,peak,51.5515997,-0.0099658,Unknown
London,Mabley Edible Garden,park,51.5498054,-0.0322818,Unknown
London,Bird watching area,park,51.5303758,-0.1557897,Unknown
London,Unknown,peak,51.4799852,-0.1587731,Unknown
London,Unknown,peak,51.4811945,-0.1656426,Unknown
London,Bug Hotel,nature_reserve,51.5210896,0.0009216,Unknown
London,Unknown,peak,51.525624,-0.037455,Unknown
London,Unknown,peak,51.5489356,-0.0162089,Unknown
London,Unknown,peak,51.5460465,-0.017723,Unknown
London,The Mound,peak,51.4989711,-0.1463617,Unknown
London,Lambeth Walk Doorstep Green,park,51.4926499,-0.1129881,Unknown
London,Unknown,park,51.4750744,-0.1161183,Unknown
London,Anthill Yellow Meadow Ants,nature_reserve,51.5836775,-0.1321379,Unknown
London,Laburnum Close Green,park,51.475998,-0.0563023,Unknown
Manchester,Priory Gardens,peak,53.4306802,-2.3054692,Unknown
Manchester,Parrenthorn,peak,53.5433182,-2.2604216,Unknown
Manchester,Clarkes Hill,peak,53.546379,-2.3207244,136
Manchester,Lily Lane park,park,53.5105476,-2.1967313,Unknown
Manchester,Didsbury Community Orchard,park,53.411302,-2.2335461,Unknown
Manchester,Royle Basin,park,53.4873673,-2.2172354,Unknown
Manchester,Langworthy Park,park,53.4843536,-2.2941636,Unknown
Birmingham,Old Bury Hill,peak,52.5011112,-2.0356886,214
Birmingham,Warley Hill,peak,52.4808971,-1.9990627,228
Birmingham,Barnford Hill,peak,52.485157,-2.0056175,207
Birmingham,Barr Beacon,peak,52.574284,-1.9117596,227
Birmingham,Flight watch area,park,52.4672498,-1.7630464,Unknown
Birmingham,City Centre Gardens,park,52.480244,-1.9084747,Unknown
Birmingham,Carrs Lane Park,park,52.4796848,-1.8933935,Unknown
Birmingham,Pigeon Park,park,52.481202,-1.8997164,Unknown
Birmingham,Galton Bridge,park,52.5021108,-1.9804282,Unknown
Birmingham,Lightwoods Hill,peak,52.4695095,-1.9880909,236
Liverpool,The Dips,park,53.4369747,-3.064821,Unknown
Liverpool,Upton Meadow,park,53.3821167,-3.1066329,Unknown
Liverpool,Arno Hill,park,53.3774035,-3.0467478,Unknown
Liverpool,New Ferry Butterfly Park,nature_reserve,53.3590809,-3.0034464,Unknown
Liverpool,Bidston Hill,peak,53.4011907,-3.073854,70
Liverpool,Woolton Hill,peak,53.3797385,-2.8737442,Unknown
Liverpool,Prenton Hill,peak,53.3670492,-3.0389468,81
Liverpool,Camp Hill,peak,53.3714041,-2.8696879,Unknown
Liverpool,Everton Brow,peak,53.4195248,-2.9691419,70
Liverpool,Gorse Hill,peak,53.434685,-3.0492428,57
Liverpool,Mossley Hill,peak,53.3761144,-2.9209531,Unknown
Liverpool,Ditton Lane Nature Area,nature_reserve,53.4120365,-3.1106758,Unknown
Liverpool,"Rupert Lane Recreation Ground, Everton Park",park,53.420121,-2.9702369,Unknown
Liverpool,"Brow Side Gardens, Everton Park",park,53.4232048,-2.9717818,Unknown
Liverpool,"Whitley Gardens, Everton Park",park,53.4158512,-2.9681258,Unknown
Liverpool,BAAP22 Open land between Irlam Road and the Asda Store,park,53.4519956,-2.9987357,Unknown
Oxford,Shotover Hill,peak,51.752216,-1.1865909,171
Oxford,Castle Hill,peak,51.7359322,-1.1257175,Unknown
Oxford,Pickett's Heath,peak,51.7237311,-1.3031152,164
Oxford,Hurst Hill,peak,51.733777,-1.3108956,158
Oxford,Unknown,peak,51.7391704,-1.3040778,146
Oxford,Unknown,park,51.8290917,-1.3138285,Unknown
Oxford,Beacon Hill,peak,51.7685432,-1.3525622,133
Oxford,Windmill Hill,peak,51.6822225,-1.2013637,105
Oxford,Wytham Hill,peak,51.7710989,-1.3363011,164.9
Oxford,Boars Hill,peak,51.7155357,-1.2887253,133
Oxford,Red Hill,peak,51.762133,-1.1531507,130
Oxford,Beckley Hill,peak,51.7914539,-1.1860819,141
Oxford,Drun's Hill,peak,51.7985133,-1.2140658,87
Oxford,Wadley Hill,peak,51.7845826,-1.196388,Unknown
Oxford,Lyme Hill,peak,51.7912984,-1.2018786,Unknown
Oxford,Thorn Hill,peak,51.7532056,-1.172082,154
Cambridge,Homefield Park,park,52.248354,0.1095454,Unknown
Cambridge,Fox Hill,peak,52.1569069,0.1629372,51
Cambridge,Clarke's Hill,peak,52.1599476,0.1491819,48
Cambridge,White Hill,peak,52.1633661,0.142903,46
Cambridge,Little Trees Hill,peak,52.1548568,0.1747944,74
Cambridge,Clunch Pit Hill,peak,52.1289243,0.1139082,31
Cambridge,Rowley's Hill,peak,52.1275543,0.0827431,50
Cambridge,Money Hill,peak,52.143169,0.0539399,48
Cambridge,Skaters' Meadow,nature_reserve,52.1919644,0.1064216,Unknown
Cambridge,Unknown,park,52.1934293,0.1853972,Unknown
Cambridge,St Margaret's Mount,peak,52.1361217,0.1054872,43
Cambridge,Gog Magog Hills,peak,52.1623604,0.1844819,75
Cambridge,Great Shelford high point,peak,52.1651921,0.1723132,57
Cambridge,Newton high point,peak,52.1264115,0.0817221,43
Cambridge,Hauxton high point,peak,52.1388515,0.1060014,17
Cambridge,Cambridge high point,peak,52.169534,0.1812855,69
Cambridge,Huckeridge Hill,peak,52.132027,0.1618793,31
Cambridge,Signal Hill,peak,52.143574,0.216418,68
Cambridge,Haslingfield high point,peak,52.1444216,0.0423744,70
Bristol,New Down,peak,51.3960204,-2.6116105,196
Bristol,Dundry Down,peak,51.396074,-2.6197644,223
Bristol,Barrow Hill,peak,51.4019827,-2.699571,179
Bristol,Dundry Hill,peak,51.3976563,-2.6434576,233
Bristol,Unknown,peak,51.3734145,-2.6019684,118
Bristol,Maes Knoll Tump,peak,51.3938328,-2.5781976,199
Bristol,Bitton Hill,peak,51.4302645,-2.4594468,Unknown
Bristol,Warmley Hill,peak,51.461627,-2.495007,Unknown
Bristol,Mount Hill,peak,51.451606,-2.507487,Unknown
Bristol,Stone Hill,peak,51.443331,-2.510869,Unknown
Bristol,Staple Hill War Memorial,park,51.4811857,-2.4993185,Unknown
Bristol,Unknown,peak,51.4496186,-2.6602026,Unknown
Bristol,Chew Hill,peak,51.3760105,-2.6191663,137
Bristol,Publow Hill,peak,51.3892955,-2.5307178,120
Bristol,Settle Hill,peak,51.3804571,-2.5574948,125
Bristol,Castle Hill,peak,51.5024533,-2.6365913,Unknown
Bristol,Saint George's Flower Bank,nature_reserve,51.474844,-2.7053459,Unknown
Bristol,Troopers Hill,peak,51.4561856,-2.5353019,Unknown
Bristol,Maes Knoll,peak,51.3923812,-2.5749093,Unknown
Bristol,Teletubby Hill,peak,51.5222162,-2.607016,Unknown
Bristol,Conygar Hill,peak,51.4725925,-2.7227117,Unknown
Bristol,Flowers Hill,peak,51.4237743,-2.5499665,70
Bristol,Brandon Hill,peak,51.454097,-2.6071824,76
Bristol,Henbury Hill,peak,51.5029927,-2.6186125,Unknown
Bristol,Coombe Hill,peak,51.5011194,-2.6316011,Unknown
Bristol,Sims' Hill,peak,51.4979419,-2.5380886,79
Bristol,Star Hill,peak,51.4921574,-2.5509618,Unknown
Bristol,Old Hill,peak,51.4540754,-2.7181345,Unknown
Bristol,Windmill Hill,peak,51.4623665,-2.7099109,Unknown
Bristol,Spaniorum Hill,peak,51.5305454,-2.6303928,Unknown
Bristol,Ashton Hill,peak,51.4369354,-2.6549256,Unknown
Bristol,Burnbush Hill,peak,51.4185896,-2.5491554,Unknown
York,Stock Hill,peak,53.9191652,-1.1737502,44
York,Howe Hill,peak,53.9575847,-1.1158062,Unknown
Bath,Little Solsbury Hill,peak,51.4100777,-2.3342785,191
Bath,Staples Hill,peak,51.3349789,-2.2950117,Unknown
Bath,Bitton Hill,peak,51.4302645,-2.4594468,Unknown
Bath,Hanging Hill,peak,51.4300195,-2.4144279,Unknown
Bath,Tog Hill,peak,51.4506624,-2.3859401,Unknown
Bath,Kelston Round Hill,peak,51.4058793,-2.4176745,218
Bath,Unknown,peak,51.3555943,-2.4621778,168
Bath,Unknown,peak,51.3305447,-2.4567265,Unknown
Bath,Farmborough Common,peak,51.3391897,-2.4678855,177
Bath,Winsbury Hill,peak,51.3656968,-2.4745825,152
Bath,Duncorn Hill,peak,51.3445259,-2.4163678,178
Bath,Stantonbury Hill,peak,51.3703681,-2.4723037,178
Bath,Unknown,peak,51.3079486,-2.4510198,Unknown
Bath,Unknown,peak,51.3459721,-2.3835633,152
Bath,Unknown,peak,51.3195113,-2.4026607,168
Bath,Huddox Hill,peak,51.3163523,-2.4222204,168
Bath,Unknown,peak,51.3477022,-2.3982832,178
Bath,Hodshill,peak,51.3468585,-2.3644659,Unknown
Bath,Weir Farm,park,51.4610193,-2.3182931,Unknown
Bath,Bathampton Down,peak,51.3842854,-2.3275256,204
Bath,Twerton Roundhill,peak,51.3683291,-2.3965416,Unknown
Bath,Lansdown Hill,peak,51.4174465,-2.4099938,238
Bath,Charmy Down,peak,51.4308351,-2.344244,Unknown
Bath,Priest Barrow,peak,51.3452996,-2.4643203,134
Brighton,Newtimber Hill,peak,50.8981407,-0.1949124,Unknown
Brighton,Ditchling Beacon,peak,50.9017214,-0.1075846,249
Brighton,Iford Hill,peak,50.8406254,-0.0230788,175
Brighton,Front Hill,peak,50.8382947,-0.0138949,150
Brighton,Highdale Hill,peak,50.8234687,-0.0177149,Unknown
Brighton,Southease Hill,peak,50.8178294,0.0008245,Unknown
Brighton,Mount Pleasant,peak,50.8247862,-0.0756249,Unknown
Brighton,Hollingbury,peak,50.8562767,-0.1239046,Unknown
Brighton,Balmer Huff,peak,50.8797316,-0.0659689,170
Brighton,Newmarket Hill,peak,50.8443551,-0.0673422,Unknown
Brighton,Castle Hill,peak,50.8506956,-0.0492319,200
Brighton,High Hill,peak,50.822509,-0.0488028,Unknown
Brighton,Falmer Hill,peak,50.8514544,-0.0899646,163
Brighton,West Hill,peak,50.8903448,-0.183042,Unknown
Brighton,Unknown,peak,50.8851468,-0.2117953,Unknown
Brighton,Thundersbarrow Hill,peak,50.8616404,-0.2545389,Unknown
Brighton,Coney Hill,peak,50.8632267,-0.1631635,118
Brighton,Unknown,peak,50.89583,-0.0550594,210
Brighton,Fulking Hill,peak,50.8827175,-0.2226883,Unknown
Brighton,The Dell,park,50.7906681,-0.0049168,Unknown
Brighton,Mount Zion,peak,50.864268,-0.2223122,126
Brighton,Cockroost Hill,peak,50.863408,-0.231303,133
Brighton,Bow Hill,peak,50.8856546,-0.0944352,153
Brighton,Keymer Post,peak,50.9004582,-0.1310896,234
Brighton,Benfield Hill,peak,50.8565121,-0.2096602,95
Brighton,Unknown,peak,50.861563,-0.1827952,137
Brighton,Unknown,peak,50.8668242,-0.1872182,158
Brighton,Varncombe Hill,peak,50.8792519,-0.1797641,156
Brighton,Sweet Hill,peak,50.8757241,-0.170331,131
Brighton,Holt Hill,peak,50.8847171,-0.1514751,177
Brighton,Mill Hill,peak,50.831913,0.0025925,89
Brighton,Swanborough Hill,peak,50.843488,-0.0286937,191
