city,name,type,latitude,longitude,elevation
Paris,Square Georges Contenot,park,48.8373537,2.3964048,Unknown
Paris,Unknown,park,48.895073,2.4566253,Unknown
Paris,Le Génie de la Liberté,park,48.8531664,2.3691393,Unknown
Paris,Montagne Sainte-Geneviève,peak,48.8446766,2.3472341,61
Paris,Belleville,peak,48.8744185,2.3994029,128.64
Paris,Unknown,park,48.782421,2.2815292,Unknown
Paris,Théâtre de Verdure,park,48.877012,2.2429323,Unknown
Paris,cour du Bon conseil,park,48.8488403,2.3080453,Unknown
Paris,Butte aux Papillons,peak,48.8563619,2.4531938,Unknown
Paris,Unknown,peak,48.8578723,2.4542539,Unknown
Paris,Jardin Espérance,park,48.9055057,2.3856873,Unknown
Paris,Butte Montmartre,peak,48.8869202,2.3417173,130.53
Paris,Square des moineaux,park,48.8539643,2.4373041,Unknown
Paris,Paris Eiffel Tower,park,48.8582621,2.2944967,Unknown
Nice,Mont Macaron,peak,43.7842501,7.3052483,807
Nice,Mont Chauve d'Aspremont,peak,43.7706501,7.25438,854
Nice,Le Reboisat,peak,43.7620427,7.2893138,543
Nice,Mont Alban,peak,43.7010634,7.2999595,223
Nice,Mont Bastide,peak,43.7300323,7.3501455,568
Nice,Mont Gros,peak,43.7269957,7.2993613,376
Nice,Mont Leuze,peak,43.720877,7.3236782,577
Nice,Unknown,peak,43.7420564,7.2543538,398
Nice,Mont Chauve de Tourrette,peak,43.7763642,7.26427,785
Nice,Unknown,peak,43.7811026,7.3038732,796
Nice,La Croix de Cuor,peak,43.7971941,7.2387887,744
Nice,Mont Boron,peak,43.6899274,7.300812,192
Nice,Mont Barri,peak,43.796555,7.2456873,818
Nice,Mont de l'Ubac,peak,43.7679513,7.2955646,652
Nice,Colline de Saint-Pierre,peak,43.7219255,7.2280062,245
Nice,Camp Lucéram,peak,43.7561482,7.355589,523
Nice,Collet de Grisella,peak,43.7130714,7.2030275,117
Nice,Cime de l'Eurier,peak,43.7981481,7.2439109,802
Nice,Mont Fourche,peak,43.7277042,7.3423256,560
Nice,Colline de Pierrefeu,peak,43.7888951,7.3056107,768
Nice,Cicilia,peak,43.7708262,7.3385125,339
Nice,Mont Revel,peak,43.7597277,7.2810457,374
Nice,Colle du Mont Gros,peak,43.7273763,7.2915485,216
Nice,Pueï de la Madone,peak,43.7983034,7.2671516,562
Nice,Mont Vinaigrier,peak,43.7144372,7.3074624,371
Nice,Pointe de Rougier,peak,43.7828641,7.2935632,671
Nice,Collet du Baron,peak,43.7497862,7.2108724,299
Nice,Colline de Pessicart,peak,43.7298402,7.2388185,295
Nice,Unknown,peak,43.7346309,7.2317292,304
Nice,Unknown,peak,43.7307621,7.2306476,289
Nice,Unknown,peak,43.7322308,7.2378275,288
Nice,Collet des Étoiles,peak,43.7235402,7.2054156,Unknown
Nice,Collet de Roustan,peak,43.7262799,7.2043583,Unknown
Nice,Collet Sigaut,peak,43.7543154,7.2121744,Unknown
Nice,Colle de Saint-Isidore,peak,43.7073554,7.2042722,200
Lyon,Mont Cindre,peak,45.8249779,4.8213246,470
Lyon,Mont Thou,peak,45.8416216,4.7972667,609
Lyon,Mont Narcel,peak,45.8394262,4.786651,582
Lyon,Unknown,park,45.7640492,4.7619404,Unknown
Lyon,Mont La Roche,peak,45.8300707,4.7996109,529
Lyon,gruyere,park,45.754248,4.8339679,Unknown
Lyon,Esplanade Cadichon,park,45.7810983,4.7392547,Unknown
Lyon,Colline de Fourvière,peak,45.7624198,4.8225366,295
Lyon,La Bonne Maison,park,45.7415011,4.809481,Unknown
Lyon,square Elisa Lemonier,park,45.749692,4.8605579,Unknown
Lyon,Jardin du Presbytère,park,45.8143117,4.8179248,Unknown
Lyon,Micro-forêt des Alytes,nature_reserve,45.7575108,4.8787742,Unknown
Lyon,"Pendant l'été 2023, il y avait un un potager en auto-géré ici, ajd jsp si des gens continuent à entretenir.",park,45.7709292,4.8341085,Unknown
Marseille,Marseilleveyre,peak,43.2232832,5.3718692,432
Marseille,Mont Saint-Cyr,peak,43.2596253,5.4653655,610
Marseille,Mont Carpiagne,peak,43.2537051,5.4705172,646
Marseille,Sommet Ouest de l'Homme Mort,peak,43.2233807,5.3834648,374
Marseille,Signal Est de l'Homme Mort,peak,43.2187438,5.3964054,396
Marseille,Béouveyre,peak,43.2232693,5.3641186,366
Marseille,Tête de la Mounine,peak,43.2196212,5.3720228,354
Marseille,Pic de la Famille,peak,43.2221251,5.358555,288
Marseille,Rocher Saint-Michel d'Eau Douce,peak,43.2164594,5.3644926,323
Marseille,Rocher des Goudes,peak,43.2144812,5.3610594,257
Marseille,Unknown,peak,43.2681943,5.4350619,230
Marseille,Pointe Piazza,peak,43.2202555,5.3551359,226
Marseille,Tête du Miougranier,peak,43.2186594,5.3616311,276
Marseille,Pointe Callot,peak,43.2210969,5.3747442,346
Marseille,La Mitre,peak,43.2244781,5.3681484,Unknown
Marseille,Tête de la Melette,peak,43.2158245,5.3927553,Unknown
Marseille,Aiguille de la Melette,peak,43.2160551,5.3929108,356
Marseille,Butte de la Pinède,peak,43.3683183,5.3206014,190
Marseille,Têtes de Malvallon,peak,43.2157395,5.3827067,Unknown
Marseille,La Bougie,peak,43.2149432,5.3895547,Unknown
Marseille,Aiguille Charlotte,peak,43.2262832,5.4206423,161
Marseille,Promontoire de l'Escu,peak,43.2122504,5.3889732,Unknown
Marseille,Mont de Luminy,peak,43.2249483,5.4264419,288
Marseille,Aiguille Bompard,peak,43.214672,5.3879298,Unknown
Marseille,Tour Carrée des Walkyries,peak,43.2158856,5.390389,Unknown
Marseille,Signal Sud de l'Homme Mort,peak,43.2180539,5.3870113,391
Marseille,Grand Chameau,peak,43.2210329,5.3968046,Unknown
Marseille,Montagne de l'Aigle,peak,43.2344838,5.393948,254
Marseille,Mont Sainte-Croix,peak,43.2666406,5.4386051,319
Marseille,Mont Rouvière,peak,43.2604901,5.4294347,231
Marseille,Roc de la Croix,peak,43.2800184,5.4718351,302
Marseille,Unknown,peak,43.2210311,5.4110786,243
Marseille,Sommet de l'Île Maïre,peak,43.2110343,5.3350344,141
Marseille,Tiboulen de Maïre,peak,43.2140185,5.3266472,20
Marseille,Sommet de l'Île Pomègues (Frioul),peak,43.2647425,5.2896796,66
Marseille,Sommet de l'Île Ratonneau (Frioul),peak,43.2836228,5.3077845,58
Marseille,Île d'If,peak,43.2799325,5.3253867,86
Marseille,Pic des Gabians,peak,43.2113498,5.3381388,100
Marseille,Aiguille des Baumettes,peak,43.2275815,5.4197365,222
Marseille,Sommet des Escampons,peak,43.2287349,5.4229571,286
Marseille,Mont Rose,peak,43.2305937,5.3525458,60
Marseille,Fortin de Goudes,peak,43.2165518,5.3490753,50
Marseille,Mont Redon,peak,43.2422472,5.4320337,Unknown
Marseille,Monts de la Gineste,peak,43.2439725,5.4521595,364
Marseille,Sommet du plateau de la Mounine,peak,43.2129103,5.3704399,Unknown
Marseille,Unknown,peak,43.2670764,5.4394498,Unknown
Marseille,Unknown,park,43.3029225,5.4023074,Unknown
Marseille,Unknown,peak,43.2535066,5.4426079,230
Marseille,Unknown,peak,43.2228943,5.3715988,478
Marseille,Unknown,peak,43.2328582,5.3905429,201
Marseille,Unknown,peak,43.2424574,5.4178477,234
Marseille,Jardin des Héros,park,43.3021832,5.3838605,Unknown
Toulouse,Friche maraîchère Daurat,park,43.5738576,1.4031297,Unknown
Toulouse,"îlot de biodiversité (gîtes, nichoirs...)",nature_reserve,43.6465357,1.5307144,Unknown
Toulouse,Patio du café,park,43.5784011,1.400096,Unknown
Toulouse,Wam Park - Toulouse - Sesquières,park,43.6513852,1.4196737,Unknown
Toulouse,Unknown,park,43.6220498,1.4331301,Unknown
Toulouse,Odyssud,park,43.6327381,1.3898805,Unknown
Toulouse,les bancs sous l'arbre,park,43.5817226,1.3983258,Unknown
Bordeaux,Unknown,park,44.854085,-0.5329696,Unknown
Bordeaux,Parc Marès,park,44.8466383,-0.468716,Unknown
Bordeaux,Parc Communal Val de l'Eau Bourde,park,44.7603001,-0.6424455,Unknown
Bordeaux,Le Parc de Richelieu,park,44.8165073,-0.5531801,Unknown
Bordeaux,Unknown,park,44.794211,-0.6211232,Unknown
Bordeaux,Unknown,park,44.8563859,-0.5215137,Unknown
Lille,Butte de Chico Mendès,peak,50.6804369,3.0584036,Unknown
Lille,Mont Pindo,peak,50.6371726,2.930539,39
Lille,Futur Parc Rosa Bonheur,park,50.6305956,3.0173114,Unknown
Strasbourg,Parc du Glacis,park,48.5882254,7.730094,Unknown
Strasbourg,Unknown,park,48.5718744,7.7631748,Unknown
Strasbourg,Unknown,park,48.6087438,7.6750526,Unknown
Strasbourg,Stimmelsberg,peak,48.6086635,7.6604627,178
Strasbourg,Unknown,peak,48.6146435,7.6783918,184
Strasbourg,Unknown,peak,48.6210329,7.6886213,192
Strasbourg,Parc Marguerite de Navarre,park,48.5980226,7.6990362,Unknown
Strasbourg,Holderberg,peak,48.6336754,7.6995579,Unknown
Strasbourg,place d'osvalt,park,48.5647559,7.706781,Unknown
Strasbourg,Les folies du Muehlbach,park,48.5762799,7.7032558,Unknown
Strasbourg,Parcours sportif de Lingolsheim,park,48.5450757,7.682782,Unknown
Strasbourg,Sentier sauvage,park,48.4954144,7.7849431,Unknown
Montpellier,Mont Saint-Baudile,peak,43.5357413,3.8119538,185
Montpellier,Montalet,peak,43.6531449,3.7955482,Unknown
Montpellier,Mont Redon,peak,43.6627488,3.7831003,Unknown
Montpellier,La Pissieirasse,peak,43.667898,3.8804839,126
Montpellier,Pioch Rous,peak,43.6650084,3.8703729,96
Montpellier,Le Romarin,peak,43.6613693,3.8854321,Unknown
Montpellier,Lauriol,peak,43.6577393,3.8752054,Unknown
Cannes,San Peyre,peak,43.5251342,6.9372791,131
Cannes,Rocher des Monges,peak,43.4997904,6.9246823,300
Cannes,Unknown,peak,43.5832079,7.0286176,268
Cannes,Unknown,peak,43.4995458,6.9457141,256
Cannes,Unknown,peak,43.531001,6.9009495,83
Cannes,La Croix des Gardes,peak,43.5583594,6.9901929,164
Cannes,Unknown,peak,43.6258175,6.9908246,315
Cannes,Unknown,park,43.6064715,7.0665921,Unknown
Cannes,Unknown,peak,43.5010966,6.9299397,262
Cannes,Unknown,peak,43.5267845,6.9117415,Unknown
Cannes,Unknown,peak,43.5282859,6.9091451,Unknown
Cannes,Unknown,peak,43.5306972,6.9130048,Unknown
Cannes,Unknown,peak,43.5315159,6.9102931,Unknown
Cannes,Square Daniel Cordier,park,43.5393541,7.0346968,Unknown
Cannes,Mont de Théoule,peak,43.510888,6.9284237,267
Cannes,Le Grand Duc,peak,43.5634973,6.9179528,426
Cannes,Colle du Caoupré,peak,43.5690135,6.9076251,488
Cannes,Unknown,peak,43.5099407,6.9217086,249
