city,latitude,longitude,temperature,weather,humidity,wind_speed
Paris,48.8566,2.3522,3.71,clear sky,76,4.63
Nice,43.7102,7.262,11.78,broken clouds,82,1.54
Lyon,45.764,4.8357,6.78,broken clouds,68,2.06
Marseille,43.2965,5.3698,12.37,overcast clouds,70,2.57
Toulouse,43.6047,1.4442,11.97,overcast clouds,82,7.72
Bordeaux,44.8378,-0.5792,11.69,clear sky,84,6.69
Lille,50.6292,3.0573,2.26,overcast clouds,58,4.12
Strasbourg,48.5734,7.7521,1.14,clear sky,69,2.57
Montpellier,43.6108,3.8767,8.59,overcast clouds,76,3.09
Cannes,43.5528,7.0174,11.89,overcast clouds,72,1.54
