city,name,type,latitude,longitude,stars,operator
Athens,Stanley,hotel,37.9859903,23.7209742,3,Unknown
Athens,Best Western Pythagorion,hotel,37.9849485,23.7245815,Unknown,Unknown
Athens,Arion Hotel,hotel,37.9794861,23.7257344,3,Unknown
Athens,Diethnes Hotel,hotel,37.9936932,23.722085,Unknown,Unknown
Athens,Unknown,guest_house,37.9276397,23.7016405,Unknown,Unknown
Athens,Unknown,hotel,38.0489138,23.7976621,Unknown,Unknown
Athens,Civitel Attik Rooms & Apartments,hotel,38.0479675,23.7981851,Unknown,Unknown
Athens,O&B Athens Boutique Hotel,hotel,37.977568,23.7219308,Unknown,Unknown
Athens,Phidias Hotel,hotel,37.975091,23.719504,Unknown,Unknown
Athens,Airotel Stratos Vassilikos,hotel,37.9812423,23.7591525,Unknown,Unknown
Athens,Acropolis Hill,hotel,37.9669114,23.7233233,Unknown,Unknown
Athens,Athens Atrium,hotel,37.9544953,23.7177851,Unknown,Unknown
Athens,Grand Hyatt Athens,hotel,37.9575936,23.7183913,Unknown,Unknown
Athens,Evripides Hotel,hotel,37.9803449,23.7235657,Unknown,Unknown
Athens,Piraeus Dream Hotel,hotel,37.9421561,23.6444089,Unknown,Unknown
Athens,Unknown,hotel,37.9809718,23.7382583,Unknown,Unknown
Athens,Athens Cypria Hotel,hotel,37.9764103,23.7316872,Unknown,Unknown
Athens,Athens Diamond Hotel,hotel,37.9754184,23.732357,Unknown,Unknown
Athens,Athens Diamond Plus,hotel,37.9754369,23.7325305,Unknown,Unknown
Athens,Hotel Rio Athens,hotel,37.9853861,23.7198667,3,Unknown
Athens,Hotel Katerina,hotel,37.9860982,23.722301,Unknown,Unknown
Athens,Minoa Hotel,hotel,37.9860296,23.7229119,Unknown,Unknown
Athens,Novus City Hotel,hotel,37.9857149,23.7227364,Unknown,Unknown
Athens,Metropolis Hotel,hotel,37.9754973,23.7306596,Unknown,Unknown
Athens,Jason Inn,hotel,37.9786484,23.7206047,3,Unknown
Athens,Amazon Hotel,hotel,37.9751747,23.7318635,Unknown,Best Western
Athens,Hotel Άθως,hotel,37.9748464,23.7312181,Unknown,Unknown
Athens,Radisson Blu Park Hotel,hotel,37.9912755,23.7332956,Unknown,Unknown
Athens,Frida,hotel,37.9887221,23.7421189,Unknown,Unknown
Athens,Praxitelous Luxury Suites,hotel,37.9783845,23.7305683,Unknown,Unknown
Athens,Candia Hotel,hotel,37.9891646,23.7203968,Unknown,Unknown
Athens,Φίλιππος,hotel,37.9674765,23.7271269,Unknown,Unknown
Athens,Apollo,hotel,37.9851639,23.7199791,Unknown,Unknown
Athens,GLS Boutique Πρίαμος,hotel,37.944255,23.6801601,Unknown,Unknown
Athens,Ολύμπιον,hotel,38.0571727,23.7321249,Unknown,Unknown
Athens,Bora Bora,hotel,38.0460778,23.7381009,Unknown,Unknown
Athens,Athens International Youth Hostel,hostel,37.9863675,23.7237423,Unknown,Unknown
Athens,Central Athens Hotel,hotel,37.9746372,23.7311391,3,Unknown
Athens,Marina Hotel,hotel,37.9835077,23.7241026,Unknown,Unknown
Athens,Hotel Vienna,hotel,37.9830119,23.7253912,Unknown,Unknown
Athens,Sparta Team Hotel,hotel,37.9817126,23.7245319,1,Unknown
Athens,SOHO Hotel,hotel,37.9819766,23.724622,Unknown,Unknown
Athens,Chic,hotel,37.98264,23.7250907,Unknown,Unknown
Athens,Athens Way,hotel,37.9837238,23.7379061,Unknown,Unknown
Athens,Airotel Alexandros Hotel,hotel,37.9834922,23.7572172,Unknown,Unknown
Athens,Hotel Solomou,hotel,37.9873642,23.7283053,Unknown,Unknown
Athens,Electra Hotel,hotel,37.9756392,23.7330117,Unknown,Unknown
Athens,Elikon,hotel,37.9848099,23.7288358,Unknown,Unknown
Athens,Hotel Alma,hotel,37.9850636,23.7289001,Unknown,Unknown
Athens,Polis Grand Hotel,hotel,37.9855075,23.7295063,4,Unknown
Athens,Αχιλλέας,hotel,37.9769689,23.7318105,Unknown,Unknown
Athens,Student and Travellers Inn,hostel,37.9721889,23.7314341,Unknown,Unknown
Athens,Anita Hotel Argo (Hotel Anita and Hotel Argo),hotel,37.9455867,23.6476266,Unknown,Unknown
Athens,Athens Center Square Hotel,hotel,37.9803037,23.7262938,Unknown,Unknown
Athens,Breeze Boutique,hotel,37.9863513,23.7276663,Unknown,Unknown
Athens,Electra,hotel,37.9465435,23.6435212,Unknown,Unknown
Athens,Σπάρτη,hotel,37.9470682,23.6438418,Unknown,Unknown
Athens,Athens Quinta Hostel,hostel,37.9847929,23.7389369,Unknown,Unknown
Athens,Acropolis Vision,guest_house,37.9756528,23.7192632,Unknown,Unknown
Athens,Ερεχθείον,hotel,37.9739944,23.7194578,Unknown,Unknown
Athens,Αρετούσα,hotel,37.9753125,23.7330644,Unknown,Unknown
Athens,Pan,hotel,37.9751719,23.7325934,Unknown,Unknown
Athens,Athens market portrait boutique hotel,hotel,37.9800243,23.7264275,Unknown,Unknown
Athens,Delta Hotels,hotel,37.9869841,23.7192258,Unknown,Unknown
Athens,Best Western Plus Embassy Hotel,hotel,37.9653906,23.7332475,Unknown,Unknown
Athens,Best Western Plus Embassy Hotel,hotel,37.9839037,23.7559878,Unknown,Unknown
Athens,Hotel Division,hotel,37.9519022,23.6893856,Unknown,Unknown
Athens,Coral,hotel,37.9249086,23.6920317,Unknown,Unknown
Athens,Hotel Tropical,hotel,37.9048237,23.7191185,Unknown,Unknown
Athens,Poseidon Hotel,hotel,37.9188373,23.7011474,Unknown,Unknown
Athens,Hotel Astor,hotel,37.9765932,23.7324181,Unknown,Unknown
Athens,Faros,hotel,37.9392989,23.6427647,Unknown,Unknown
Athens,Eridanus,hotel,37.9799848,23.7183551,Unknown,Unknown
Athens,Park,hotel,37.9400979,23.6435044,Unknown,Unknown
Athens,Hotel Helleniko,hotel,37.9043389,23.7193971,Unknown,Unknown
Athens,Phidias,hotel,37.9395759,23.6471429,Unknown,Unknown
Athens,Adrian,hotel,37.9747256,23.7277788,Unknown,Unknown
Athens,Noufara,hotel,37.9416976,23.6461203,Unknown,Unknown
Athens,San Remo,hostel,37.9887168,23.7204109,Unknown,Unknown
Athens,Athens Studios,hostel,37.9672926,23.7287193,Unknown,Unknown
Athens,Giorgio,hotel,38.0575883,23.7303542,Unknown,Unknown
Athens,Ikaros,hotel,37.9466662,23.6427499,Unknown,Unknown
Athens,The Athenian Callirhoe,hotel,37.9655827,23.7294229,Unknown,Unknown
Athens,Hera Hotel,hotel,37.9671185,23.7291666,Unknown,Unknown
Athens,Gallery central,hotel,37.9473414,23.6447303,Unknown,Unknown
Athens,Cecil,hotel,37.9792725,23.726566,Unknown,Unknown
Athens,Athens 21,hotel,37.9778713,23.726313,Unknown,Unknown
Athens,Ανεμώνη,hotel,37.9447795,23.6493396,Unknown,Unknown
Athens,Best Western My Athens Hotel,hotel,37.9837194,23.7231814,Unknown,Unknown
Athens,Diros Hotel,hotel,37.9843808,23.7257975,Unknown,Unknown
Athens,Exarchion Hotel,hotel,37.9861992,23.7343484,Unknown,Unknown
Athens,Athens La Strada,hotel,37.9756573,23.7307356,Unknown,Unknown
Athens,St George Lycabettus Boutique Hotel,hotel,37.9794224,23.74248,Unknown,Unknown
Athens,Acropolis Select Hotel,hotel,37.9658826,23.7276032,Unknown,Unknown
Athens,Hotel Marousi,hotel,38.048288,23.797237,Unknown,Unknown
Athens,Boutique Apartments,guest_house,37.9801006,23.7232667,Unknown,Unknown
Athens,Pella Inn,hostel,37.9771471,23.7236831,Unknown,Unknown
Athens,Cosmos,hotel,37.986652,23.7223733,Unknown,Unknown
Athens,Dorian inn Hotel,hotel,37.9828685,23.7256438,Unknown,Unknown
Athens,Ariston,hotel,37.990745,23.7206779,Unknown,Unknown
Athens,Επίδαυρος,guest_house,37.9839119,23.7247226,Unknown,Unknown
Athens,Piraeus Port Hotel,hotel,37.9468473,23.6486583,Unknown,Unknown
Athens,Athens house,hostel,37.9865331,23.7274632,Unknown,Unknown
Athens,Jimmy's Home,guest_house,37.9698978,23.7522367,Unknown,Unknown
Athens,Φοίβος Hotel,hotel,37.9477995,23.6737675,Unknown,Unknown
Athens,Attiki Evans Hotel,hotel,37.9866182,23.7410226,Unknown,Unknown
Athens,Unknown,guest_house,37.9578856,23.7597368,Unknown,Unknown
Athens,Unknown,hostel,38.0071793,23.7115978,Unknown,Unknown
Athens,Omiros,hotel,37.9746548,23.7317181,3,Unknown
Athens,Νίκη,hotel,37.9470969,23.6475988,Unknown,Unknown
Athens,Acropole,hotel,37.9459781,23.6431818,Unknown,Unknown
Athens,Delice Family Apartments,hotel,37.9745177,23.7508356,Unknown,Unknown
Athens,Electra Metropolis Hotel,hotel,37.9751863,23.7321504,Unknown,Unknown
Athens,Unknown,guest_house,38.0394838,23.7140289,Unknown,Unknown
Athens,Balasca Hotel,hotel,37.9905997,23.723761,Unknown,Unknown
Athens,Diethnes,hotel,37.9936887,23.7219502,Unknown,Unknown
Athens,Chameleon,hostel,37.9749196,23.7172696,Unknown,Unknown
Athens,Unknown,guest_house,37.9911265,23.8027243,Unknown,Unknown
Athens,Unknown,guest_house,37.995056,23.73229,Unknown,Unknown
Athens,Unknown,hotel,37.988218,23.7265361,Unknown,Unknown
Athens,The House,hotel,37.9797721,23.7135552,Unknown,Unknown
Athens,Athens Lotus Hotel,hotel,37.9875778,23.7230839,Unknown,Unknown
Athens,Malliott Xenofontos,hotel,37.9744265,23.7332048,Unknown,Unknown
Athens,Malliott Apartment,hotel,37.9745368,23.7330061,Unknown,Unknown
Athens,Olivia House,hotel,37.9369945,23.6437068,Unknown,Unknown
Athens,Unknown,guest_house,37.9739726,23.7540978,Unknown,airbnb
Athens,Λωζάνη,hostel,37.9870202,23.7270556,Unknown,Unknown
Athens,papa,hotel,37.9809921,23.7242989,Unknown,Unknown
Athens,Mary Plaza,hotel,37.9446578,23.6776892,Unknown,Unknown
Athens,amjid shb,hotel,37.9752945,23.7164151,Unknown,Unknown
Athens,Unknown,guest_house,37.9862791,23.7191489,Unknown,Unknown
Athens,hoteli,hotel,37.9790703,23.7212374,Unknown,Unknown
Athens,Unknown,guest_house,37.9387981,23.6412359,Unknown,Unknown
Athens,Acropolis Stay,hotel,37.9667469,23.729049,Unknown,Unknown
Athens,Mansion Hotel,hostel,37.9853441,23.7266428,Unknown,Unknown
Athens,18 Micon str,hotel,37.9780702,23.7238182,Unknown,Unknown
Athens,Fix,hotel,37.9652083,23.727242,Unknown,Unknown
Athens,Unknown,hostel,37.9818734,23.7199734,Unknown,Unknown
Athens,360 degrees hotel,hotel,37.9771303,23.7255787,Unknown,Unknown
Athens,Plaka,hotel,37.9757767,23.7282964,3,Unknown
Athens,Hotel Zen,hotel,37.9053233,23.7193281,Unknown,Unknown
Athens,Γαλήνη,hotel,37.9428237,23.6612108,Unknown,Unknown
Athens,Sfiggos 54 Guest House,guest_house,37.9562988,23.7194004,Unknown,Unknown
Athens,Soho,hotel,37.9831838,23.727924,Unknown,Unknown
Athens,Unknown,hostel,37.9556561,23.728459,Unknown,Unknown
Athens,Unknown,guest_house,37.9613362,23.7196425,Unknown,Unknown
Athens,Zorbas Hotel,hostel,37.9926467,23.7307308,Unknown,Unknown
Athens,Hotel Nefeli,hotel,37.9098136,23.7147881,Unknown,Unknown
Athens,Acropolis View hotel,hotel,37.9688149,23.7239369,Unknown,Unknown
Athens,Unknown,guest_house,37.9651906,23.7339423,Unknown,Unknown
Athens,Alter Athens,hotel,37.9869736,23.740311,Unknown,Unknown
Athens,Sweet home,hotel,37.9749136,23.7312248,Unknown,Unknown
Athens,Kimon Athens Hotel,hotel,37.9745699,23.7303478,Unknown,Unknown
Athens,Filon,hotel,37.9393109,23.6416937,Unknown,Unknown
Athens,Emirates,hotel,37.9604226,23.7207645,Unknown,Unknown
Athens,Elia Ermou,hotel,37.9758706,23.7318334,Unknown,Unknown
Athens,Mansion,hotel,38.0139227,23.6471521,Unknown,Unknown
Athens,Athens Hawks,hostel,37.9818437,23.7245779,Unknown,Unknown
Athens,Lotus Inn,hotel,37.9770534,23.7248939,Unknown,Unknown
Athens,Syngrou Fix,hotel,37.9636144,23.7250811,Unknown,Unknown
Athens,Unknown,hotel,37.9671068,23.7276764,Unknown,Unknown
Athens,AS City Hostel,hostel,37.9569959,23.7373817,Unknown,Unknown
Athens,hotel jippie,hotel,37.989398,23.7210727,Unknown,Unknown
Athens,14 reasons why,hotel,37.9780318,23.725114,Unknown,Unknown
Athens,Pame,hotel,37.9780413,23.7251125,Unknown,Unknown
Athens,Crafoord Place,hostel,37.9725208,23.7340645,Unknown,Unknown
Athens,Ξενώνας Νεότητας Παγκρατίου,hostel,37.9654846,23.7485698,Unknown,Unknown
Athens,Nubian Hostel,hostel,37.9843263,23.7371792,Unknown,Unknown
Athens,Cosmopolit,hotel,37.9852431,23.7277032,2,Unknown
Athens,Unknown,hotel,37.9780448,23.7041513,Unknown,Kika
Athens,Niche,hotel,37.9670943,23.7303426,Unknown,Unknown
Athens,Unknown,hotel,37.9662186,23.725306,Unknown,Unknown
Athens,Aristo,hotel,37.986943,23.7275435,Unknown,Unknown
Athens,Art Hotel Athens,hotel,37.9876277,23.7277278,Unknown,Unknown
Athens,Pallada Athens,hotel,37.9784074,23.7256448,Unknown,Unknown
Athens,Αρτεμίσιον,hotel,37.9856063,23.7287097,Unknown,Unknown
Athens,Downtown lofts,hotel,37.9783436,23.7226213,Unknown,Unknown
Athens,Brown Acropol Athens,hotel,37.9836154,23.7273098,Unknown,Unknown
Athens,URBAN VILLAS AND SUITES,hotel,37.9051363,23.7188633,Unknown,Unknown
Athens,Scale Suites,hotel,37.9088353,23.7205095,Unknown,Unknown
Athens,Central stay,hostel,37.9780113,23.7230656,Unknown,Unknown
Athens,Live in Athens,hostel,37.9784264,23.7245811,Unknown,Unknown
Athens,Unknown,guest_house,37.9715882,23.7464523,Unknown,Unknown
Athens,Play Hotel,hotel,37.9806332,23.725545,Unknown,Unknown
Athens,The Gem Society Boutique Hotel & Spa,hotel,37.9798455,23.7297111,Unknown,Unknown
Athens,Blend,hotel,37.9788051,23.7280053,Unknown,Unknown
Athens,Hotel Perianth,hotel,37.9774713,23.7284206,Unknown,Unknown
Athens,The Convo 336,hotel,37.9434867,23.6849089,Unknown,Unknown
Athens,NLH Monastiraki - Neighborhood Lifestyle Hotel,hotel,37.9789179,23.726569,Unknown,Unknown
Athens,Exis,hotel,38.002672,23.7332557,Unknown,Unknown
Athens,Victory Inn Hotel,hotel,37.9960973,23.7342383,Unknown,Unknown
Athens,When in Athens,hostel,37.9838729,23.736994,Unknown,Unknown
Athens,ΙNOH,hotel,38.0037924,23.7327205,Unknown,Unknown
Athens,44 Athens,hotel,37.9830098,23.7600049,Unknown,Unknown
Athens,Unknown,hotel,37.9810387,23.7400663,Unknown,Unknown
Athens,Acropolis Ami Boutique Hotel,hotel,37.964507,23.7304523,Unknown,Unknown
Athens,Hotel Nefeli,hotel,37.9729825,23.7313831,Unknown,Unknown
Athens,City Circus Athens,hostel,37.9795707,23.7232972,Unknown,Unknown
Athens,Unknown,hotel,37.983949,23.7243485,Unknown,Unknown
Athens,Unknown,hotel,37.9839883,23.7243637,Unknown,Unknown
Athens,Wyndham Grand Athens Residence & Suites,hotel,37.9855123,23.7209488,Unknown,Unknown
Athens,Unknown,hotel,37.982925,23.72471,Unknown,Unknown
Athens,Athens Prime Hotel Classic,hotel,37.9780171,23.7304356,Unknown,Unknown
Athens,Pure Athens prime hotels,hotel,37.978048,23.7286191,Unknown,Unknown
Athens,Christiana,hotel,37.9855538,23.7272164,Unknown,Unknown
Athens,The Alassia,hotel,37.984987,23.7270647,Unknown,Unknown
Athens,Belle Epoque Suites,hotel,37.9780042,23.730723,Unknown,Unknown
Athens,Unknown,hotel,37.9707605,23.730667,Unknown,Unknown
Athens,Bedway Hostel Athens,hostel,37.9583448,23.7301312,Unknown,Unknown
Athens,Athens signature hotel,hotel,37.9655244,23.7310282,Unknown,Unknown
Athens,Vergina,hotel,37.9863058,23.7250849,Unknown,Unknown
Athens,Golden City,hotel,37.9864496,23.7252967,Unknown,Unknown
Athens,Urban Frame Hotel,hotel,37.9657406,23.7300449,Unknown,Unknown
Athens,Unknown,hotel,37.9824553,23.7282942,Unknown,Unknown
Athens,Athenaeum,hotel,37.9587481,23.7186169,Unknown,Unknown
Athens,AboV Athens,hotel,37.9757663,23.7303824,Unknown,Unknown
Athens,Unknown,hostel,37.9866985,23.725364,Unknown,Unknown
Athens,athensdot,hotel,37.9798087,23.7243168,Unknown,Unknown
Athens,Unknown,guest_house,37.9856773,23.7551743,Unknown,Unknown
Athens,Acropolis City Life Boutique Hotel,hotel,37.9772276,23.7246068,Unknown,Unknown
Athens,Athens Hub Hostel,hostel,37.9780212,23.7258814,Unknown,Unknown
Athens,The Artisan Suites,hotel,37.9777314,23.7252817,Unknown,Unknown
Athens,Selina Theatrou Athens,hotel,37.9808307,23.7252141,Unknown,Unknown
Athens,Urban Nest,guest_house,37.9781403,23.7247514,Unknown,Unknown
Athens,Athensotel,hotel,37.9778634,23.7259152,Unknown,Unknown
Athens,MET34,hotel,37.975532,23.7314351,Unknown,Unknown
Athens,The Fountain Athens,hotel,37.9781983,23.7256648,Unknown,Unknown
Athens,Unknown,hotel,37.9795686,23.7258347,Unknown,Unknown
Athens,Dynasta Central Suites,hotel,37.978347,23.7302252,Unknown,Unknown
Athens,Psiri,hotel,37.9813896,23.7263668,Unknown,Unknown
Athens,Hotel Economy,hotel,37.9815909,23.7266241,Unknown,Unknown
Athens,Old Town Hall Suites and Apartments,hotel,37.9821009,23.7266265,Unknown,Unknown
Athens,Neapolis 1897,hotel,37.9851293,23.7390804,Unknown,Unknown
Athens,Unknown,hotel,37.9780556,23.7240156,Unknown,Unknown
Athens,Unknown,hotel,37.9781906,23.7241563,Unknown,Unknown
Athens,Philosofia Athens Suites,hotel,37.980703,23.7306294,Unknown,Unknown
Athens,Mosaikon,hostel,37.9777318,23.7284494,Unknown,Unknown
Athens,Apollo Palm,hotel,37.9793533,23.7224276,Unknown,Unknown
Athens,The Foundry Suites,hotel,37.9785993,23.7218383,Unknown,Unknown
Athens,Loom,hotel,37.9820744,23.7146852,Unknown,Unknown
Athens,Mona,hotel,37.9776393,23.7260542,Unknown,Unknown
Athens,La Divina,hotel,37.9768339,23.7215607,Unknown,Unknown
Athens,Newel Metaxourgeio,hotel,37.9878029,23.7224414,Unknown,Unknown
Athens,Acro&Polis,guest_house,37.9729632,23.7289656,Unknown,Unknown
Athens,Iconic Athens Hostel,hostel,37.9798574,23.7120111,Unknown,Unknown
Athens,Plexi Space,hotel,37.979987,23.7132003,Unknown,Unknown
Athens,Athens Mosaico,hotel,37.9875688,23.7208611,Unknown,Unknown
Athens,Mona Hôtel,hotel,37.9768639,23.7279048,Unknown,Unknown
Athens,The Frogs Guesthouse,hotel,37.9787875,23.7249222,Unknown,Unknown
Athens,Anise,hotel,37.9805745,23.7237217,Unknown,Unknown
Athens,ibis Styles Athens Routes,hotel,37.9593385,23.7343217,Unknown,Unknown
Athens,Acropolis House,hotel,37.9733785,23.7320714,Unknown,Unknown
Athens,Esse Athens,hotel,37.9744188,23.7293244,Unknown,Unknown
Athens,Retroverse Hostel,hostel,37.9850787,23.7304722,Unknown,Unknown
Athens,Heritage Hill Hotel,hotel,37.9624556,23.7243181,Unknown,Unknown
Thessaloniki,Hotel Olympia,hotel,40.639015,22.9449653,Unknown,Unknown
Thessaloniki,Egnatia Hotel,hotel,40.6397366,22.9398205,Unknown,Unknown
Thessaloniki,Capsis Hotel,hotel,40.6420312,22.9326942,4,Unknown
Thessaloniki,Holiday Inn,hotel,40.6414956,22.9337546,5,Unknown
Thessaloniki,The Tobacco Hotel,hotel,40.6425088,22.9399009,4,Unknown
Thessaloniki,a.d. Imperial Palace Hotel,hotel,40.639766,22.9394059,4,otel
Thessaloniki,Hotel Ζαλίκη,hotel,40.6383497,22.94253,4,Unknown
Thessaloniki,Pella Hotel,hotel,40.6393929,22.942434,Unknown,Unknown
Thessaloniki,Hotel Esperia,hotel,40.6395484,22.9434279,Unknown,Unknown
Thessaloniki,Ατλαντίς,hotel,40.6390018,22.9376903,Unknown,Unknown
Thessaloniki,REX,hotel,40.6421963,22.9312044,2,Unknown
Thessaloniki,Vergina,hotel,40.6416182,22.932452,3,Unknown
Thessaloniki,The Met,hotel,40.6406608,22.9204348,Unknown,Unknown
Thessaloniki,Hotel Nefeli,hotel,40.5919015,23.0327833,Unknown,Unknown
Thessaloniki,Hotel Nea Metropolis,hotel,40.6385369,22.9409903,Unknown,Unknown
Thessaloniki,Kripis Studio Thessaloniki,guest_house,40.6401126,22.9560776,Unknown,Unknown
Thessaloniki,Hotel Bristol,hotel,40.6344457,22.9374407,5,Unknown
Thessaloniki,Hotel Kastoria,guest_house,40.6387365,22.9381894,Unknown,Unknown
Thessaloniki,Άτλας,hotel,40.6380426,22.9396494,Unknown,Unknown
Thessaloniki,Εμπορικον,hotel,40.6380123,22.9404894,Unknown,Unknown
Thessaloniki,Ξενοδοχείο Βυζάντιο,hotel,40.6684575,22.9631244,Unknown,Unknown
Thessaloniki,Hostel Arabas,hostel,40.6442209,22.944136,Unknown,Unknown
Thessaloniki,thesshostel,hostel,40.6471936,22.9271394,Unknown,Unknown
Thessaloniki,colors,hotel,40.6381489,22.9388925,Unknown,Unknown
Thessaloniki,Rentrooms Thessaloniki,hostel,40.6323395,22.9536397,Unknown,Unknown
Thessaloniki,Hotel Villa Sevasti,hotel,40.6250244,22.9725496,Unknown,Unknown
Thessaloniki,ABC Hotel,hotel,40.6306162,22.9532408,Unknown,Unknown
Thessaloniki,Dom,hostel,40.6916306,22.8575108,Unknown,Unknown
Thessaloniki,City Hotel,hotel,40.6339294,22.9400408,Unknown,Unknown
Thessaloniki,Orestias Kastorias Hotel,hotel,40.6380487,22.9474551,Unknown,Unknown
Thessaloniki,Modern Revival,hotel,40.6381851,22.9402482,Unknown,Unknown
Thessaloniki,Σπίτι,guest_house,40.5839882,23.015454,Unknown,Unknown
Thessaloniki,Α' Μονιμη,guest_house,40.6366663,22.9426499,Unknown,Unknown
Thessaloniki,Unknown,hotel,40.6334889,22.9405596,Unknown,Unknown
Thessaloniki,Airbnb Thesaloniki,hotel,40.6160691,22.9556353,Unknown,Unknown
Thessaloniki,Unknown,guest_house,40.6325452,22.9501591,Unknown,Unknown
Thessaloniki,Unknown,guest_house,40.6306556,22.9472107,Unknown,Unknown
Thessaloniki,Unknown,guest_house,40.606757,22.9538325,Unknown,Unknown
Thessaloniki,Unknown,hostel,40.6518836,22.9482963,Unknown,Unknown
Thessaloniki,Πανόραμα,hotel,40.5889633,23.0299339,Unknown,Unknown
Thessaloniki,Telioni,hotel,40.6427226,22.9389226,Unknown,Unknown
Thessaloniki,STAY Hybrid Youth Hostel & Common Place,hostel,40.6391913,22.9422469,Unknown,Unknown
Thessaloniki,Colors Urban Hotel,hotel,40.6351125,22.9390899,Unknown,Unknown
Thessaloniki,The Caravan,hotel,40.6378514,22.9415194,Unknown,Unknown
Thessaloniki,Unknown,guest_house,40.565911,22.962903,Unknown,Unknown
Thessaloniki,Unknown,guest_house,40.6358714,22.9509111,Unknown,Unknown
Thessaloniki,City Plaza Apartments & Rooms,hotel,40.642545,22.9404124,Unknown,Unknown
Thessaloniki,Jetpak Alternative,hostel,40.6378762,22.9399268,Unknown,Unknown
Thessaloniki,The Mood,hotel,40.6362187,22.9384057,Unknown,Unknown
Thessaloniki,Minerva Premier,hotel,40.6377993,22.9400276,Unknown,Unknown
Thessaloniki,Ηλύσια,hotel,40.6385334,22.9386022,Unknown,Unknown
Thessaloniki,Maroon Bottle Luxury e Suites,hotel,40.6390062,22.9423787,Unknown,Unknown
Thessaloniki,Plaza Hotel,hotel,40.6353207,22.9361281,Unknown,Unknown
Thessaloniki,Diamond Suites,hotel,40.6352136,22.9359532,Unknown,Unknown
Thessaloniki,Vanoro Hotel,hotel,40.6392654,22.9358901,Unknown,Unknown
Thessaloniki,Gatto Perso Luxury Studio Apartments,hotel,40.6368356,22.9472031,Unknown,Unknown
Thessaloniki,Υπηρεσίες,hostel,40.6401388,22.9598366,Unknown,Unknown
Thessaloniki,Φοιτητική Εστία Καλαμαριάς,hostel,40.5664224,22.9606899,Unknown,Unknown
Thessaloniki,Antigon Urban Chic Hotel,hotel,40.6398702,22.9395172,Unknown,Unknown
Thessaloniki,Zeus is Loose,hostel,40.6370813,22.9433331,Unknown,Unknown
Thessaloniki,Nouvelle ξενοδοχείο,hotel,40.7020842,22.940605,Unknown,Unknown
Thessaloniki,Noa,hotel,40.635042,22.9357448,Unknown,Unknown
Thessaloniki,Hôtel Bahar Boutique,hotel,40.6360415,22.938092,Unknown,Unknown
Thessaloniki,CityDome,hotel,40.6538157,22.9024481,Unknown,Unknown
Thessaloniki,Welcome City Apartment PL,hotel,40.6425753,22.9358555,Unknown,Unknown
Santorini,youthhostel,hostel,36.4216091,25.4315441,Unknown,Unknown
Santorini,Studio Zannes,guest_house,36.3522153,25.4693302,Unknown,Unknown
Santorini,Imperial Med,hotel,36.3945394,25.4843359,Unknown,Unknown
Santorini,Shine,hotel,36.4317549,25.4244708,Unknown,Unknown
Santorini,El Greco Resort,hotel,36.4109096,25.435041,Unknown,Unknown
Santorini,Hotel Karterados,hotel,36.4106541,25.4471221,Unknown,Unknown
Santorini,Pension George,hotel,36.4109283,25.4471291,Unknown,Unknown
Santorini,Pantheon Deluxe Villas,hotel,36.4494354,25.4247926,Unknown,Unknown
Santorini,Hotel Veggera,hotel,36.352031,25.471339,Unknown,Unknown
Santorini,Donna's House,guest_house,36.3832349,25.4486791,Unknown,Unknown
Santorini,Villa Elkaza,hotel,36.4234809,25.4330532,Unknown,Unknown
Santorini,Eleuftheria and John,guest_house,36.4126568,25.4476268,Unknown,Unknown
Santorini,Finikia Memories Hotel,hotel,36.4613803,25.3954291,Unknown,Unknown
Santorini,Blu Rooms,guest_house,36.3614446,25.3947346,Unknown,Unknown
Santorini,Villa Maria,guest_house,36.362586,25.3930323,Unknown,Unknown
Santorini,Acroterra Rosa,guest_house,36.3603688,25.3981224,Unknown,Unknown
Santorini,Akrotiri Hotel,hotel,36.3494722,25.4013526,Unknown,Mathios Arvanitis
Santorini,Best Western,hotel,36.3574938,25.398952,Unknown,Unknown
Santorini,Carlos,guest_house,36.3582962,25.3983345,Unknown,Unknown
Santorini,Hotel Mathios Village,hotel,36.3590851,25.4015385,3,Unknown
Santorini,Santorini Princess,hotel,36.3607979,25.4149742,Unknown,Unknown
Santorini,Afrodete Hotel,hotel,36.4236834,25.4303152,Unknown,Unknown
Santorini,Helen,hotel,36.35201,25.4584237,Unknown,Unknown
Santorini,Santo Miramare Resort,hotel,36.3415286,25.4554123,Unknown,Unknown
Santorini,Black Rose,hotel,36.3474324,25.4664978,Unknown,Unknown
Santorini,Blue Diamond Bay,hotel,36.3478307,25.4670026,Unknown,Unknown
Santorini,Glaros Beach,guest_house,36.342097,25.4575779,Unknown,Unknown
Santorini,Villa Clio,guest_house,36.3500683,25.4649123,Unknown,Unknown
Santorini,Villa Limnes,guest_house,36.3493706,25.4659401,Unknown,Unknown
Santorini,Kalimera,hotel,36.3591752,25.4020863,Unknown,Unknown
Santorini,Villa Rose,hotel,36.4129396,25.4362137,Unknown,Unknown
Santorini,Archontiko,hotel,36.4162763,25.4307152,Unknown,Archontiko Santorini
Santorini,Mediterranean Beach,hotel,36.3997825,25.4863437,Unknown,Unknown
Santorini,Mediterranean Royal,hotel,36.3998585,25.4833071,Unknown,Unknown
Santorini,Aegagros Caldera Houses,guest_house,36.3814298,25.4298374,Unknown,Unknown
Santorini,HOTEL KALISPERIS,hotel,36.3938291,25.449419,Unknown,Unknown
Santorini,Grand View,hotel,36.3740693,25.4250387,Unknown,Unknown
Santorini,Athermi Suites,hotel,36.3736596,25.4252231,Unknown,Unknown
Santorini,Meli Meli Accommodation,hotel,36.4385304,25.4254452,Unknown,Unknown
Santorini,Tania Villa,hotel,36.4258584,25.4301787,Unknown,Unknown
Santorini,Georgia Rooms,guest_house,36.4215877,25.4333008,Unknown,Unknown
Santorini,Lefteris Villa,hotel,36.4222791,25.4331099,Unknown,Unknown
Santorini,Pension Petros,guest_house,36.4189414,25.435547,Unknown,Unknown
Santorini,Villa Popi,hotel,36.4207969,25.4326345,Unknown,Unknown
Santorini,Canava Santino,guest_house,36.3978868,25.4472879,Unknown,Unknown
Santorini,Santorini hostel,hostel,36.4211679,25.4326544,Unknown,Unknown
Santorini,Vina Katsini,hotel,36.4206192,25.433127,Unknown,Unknown
Santorini,Abelonas Village,hotel,36.3740072,25.4275235,Unknown,Unknown
Santorini,Cori Rigas Suites,hotel,36.4164617,25.4309343,Unknown,Unknown
Santorini,Villa Galinia,hotel,36.3605812,25.3938099,Unknown,Unknown
Santorini,Petit Palace Suites,hotel,36.3922187,25.4389086,Unknown,Unknown
Santorini,Volcano View,hotel,36.3942491,25.4383772,Unknown,Unknown
Santorini,The Fisherman's House,hotel,36.3594633,25.4034361,Unknown,Unknown
Santorini,Carlos,hotel,36.3585452,25.3980228,Unknown,Unknown
Santorini,Fira Backpackers Place,hostel,36.4173922,25.4349181,Unknown,Unknown
Santorini,Kalavari,hotel,36.4173625,25.4315012,Unknown,Unknown
Santorini,Pelican Hotel,hotel,36.4183644,25.4329933,Unknown,Unknown
Santorini,Adamastos,hotel,36.3574695,25.4002128,Unknown,Unknown
Santorini,Apanemo,hotel,36.361144,25.3921094,Unknown,Unknown
Santorini,Santorini view,hotel,36.3597022,25.4065517,Unknown,Unknown
Santorini,Aura Marina Apartements,hotel,36.3596698,25.3923012,Unknown,Unknown
Santorini,Black Diamond Suites,hotel,36.3593652,25.3936369,Unknown,Unknown
Santorini,Ili Vasilema,guest_house,36.3597713,25.4129756,Unknown,Unknown
Santorini,Kokkinos Villas,hotel,36.3600435,25.4025123,Unknown,Unknown
Santorini,Ifestos Villa,hotel,36.4117357,25.4355824,Unknown,Unknown
Santorini,Summer Time Villa,hotel,36.4188573,25.4346051,Unknown,Unknown
Santorini,Anemomilos Villa,hotel,36.4269709,25.4303741,Unknown,Unknown
Santorini,WhiteDeck Hotel,hotel,36.4328298,25.4215891,Unknown,Unknown
Santorini,Avant Garde Hotel,hotel,36.3597939,25.4020112,Unknown,Unknown
Santorini,Rodakas,hotel,36.3591395,25.4018556,Unknown,Unknown
Santorini,Neptune Luxury Spa Suites,hotel,36.3597205,25.4015418,Unknown,Unknown
Santorini,Paradise Resort,hotel,36.3577033,25.3987433,Unknown,Unknown
Santorini,William's Houses,hotel,36.3609533,25.3942247,Unknown,Unknown
Santorini,Amber Light Villas,hotel,36.4467422,25.432072,Unknown,Unknown
Santorini,Ifestos Villa,hotel,36.4117238,25.4357823,Unknown,Unknown
Santorini,Antonia Apartments,hotel,36.4182258,25.4345422,Unknown,Unknown
Santorini,Villa Firostefani,hotel,36.4244486,25.4294067,Unknown,Unknown
Santorini,Hotel Mylos,hotel,36.4256914,25.4285516,Unknown,Unknown
Santorini,Acrothea Suites and Villas,hotel,36.3603158,25.3990593,Unknown,Unknown
Santorini,Hotel Keti,hotel,36.4161543,25.4304857,Unknown,Unknown
Santorini,Caldera's Memories,hotel,36.4399684,25.4247553,Unknown,Unknown
Santorini,Avianto Suites,hotel,36.4315613,25.4246285,Unknown,Unknown
Santorini,Villa Fotini,hostel,36.4246272,25.4289238,Unknown,Unknown
Santorini,Katerina & John Hotel,hotel,36.35362,25.4661598,Unknown,Unknown
Santorini,Youth Hostel Anna,hostel,36.3537029,25.4671811,Unknown,Unknown
Santorini,Ambelia Traditional Villa,hotel,36.4636333,25.3929622,Unknown,Unknown
Santorini,Tataki,hotel,36.4181736,25.4317843,Unknown,Unknown
Santorini,Unknown,hotel,36.383579,25.4367746,Unknown,Unknown
Santorini,Thalassa Seaside Resort,hotel,36.3837524,25.4859651,Unknown,Unknown
Santorini,Angel hostel,hostel,36.4091143,25.4434314,Unknown,Unknown
Santorini,Anemos Beach Lounge Hotel,hotel,36.3398496,25.4536248,Unknown,Unknown
Santorini,Studios Apartments Kapetanios,hotel,36.3536026,25.4597476,Unknown,Καραμολέγκος Παρασκευάς
Santorini,Alisaxni Resort,hotel,36.3567913,25.3648783,Unknown,Unknown
Santorini,Holiday Beach Resort,hotel,36.350981,25.458421,Unknown,Unknown
Santorini,Dana Villas & Infinity Suites,hotel,36.4261261,25.4283092,Unknown,Unknown
Santorini,Alia Hotel,hotel,36.3800638,25.4795095,Unknown,Unknown
Santorini,Sandy Villas,hotel,36.3568612,25.468692,Unknown,Unknown
Santorini,Cyclades,hotel,36.4106263,25.4436646,Unknown,Unknown
Santorini,Lefteris houses,hotel,36.4113312,25.4440263,Unknown,Unknown
Santorini,Koronios Villa,hotel,36.4153242,25.4376303,Unknown,Unknown
Santorini,Reverie,hotel,36.4260938,25.4289443,Unknown,Unknown
Santorini,Masouri Rooms,guest_house,36.357511,25.4740634,Unknown,Unknown
Santorini,Blue Waves,hotel,36.3713515,25.4808465,Unknown,Unknown
Santorini,Unknown,hotel,36.3710982,25.4813698,Unknown,Unknown
Santorini,Unknown,hotel,36.3711821,25.4808292,Unknown,Unknown
Santorini,Unknown,hotel,36.3713557,25.4804641,Unknown,Unknown
Santorini,Terra Blue Hotel,hotel,36.3713946,25.4777291,Unknown,Unknown
Santorini,Markakis Studios,hotel,36.4184675,25.4346079,Unknown,Unknown
Santorini,Caveland Hostel,hostel,36.4117276,25.4492881,Unknown,Unknown
Santorini,Unknown,hotel,36.4153933,25.4339776,Unknown,Unknown
Santorini,Atlantida villas,hotel,36.4608017,25.3932475,Unknown,Unknown
Santorini,Evely Villa,hotel,36.4225662,25.4539795,Unknown,Unknown
Santorini,Areti Hotel,hotel,36.3823077,25.4817895,3,Unknown
Santorini,Unknown,hotel,36.4344644,25.4222482,Unknown,Unknown
Santorini,Unknown,hotel,36.3828011,25.4332682,Unknown,Unknown
Santorini,Villa Bordeaux,hotel,36.4185643,25.4306481,Unknown,Unknown
Santorini,Unknown,hotel,36.3830611,25.4503805,Unknown,Unknown
Santorini,Stelios Place,hotel,36.3543274,25.4729766,Unknown,Unknown
Santorini,Unknown,hotel,36.3440747,25.4572311,Unknown,Unknown
Santorini,Senses Boutique Hotel,hotel,36.4322883,25.42355,Unknown,Unknown
Santorini,BELLONIAS VILLAS,hotel,36.3734235,25.4831723,Unknown,Unknown
Santorini,Nikos Hotel,hotel,36.4083967,25.4436589,Unknown,Unknown
Santorini,Fanis - AirBnB,guest_house,36.35748,25.3979137,Unknown,Unknown
Santorini,Unknown,hotel,36.4422504,25.426068,Unknown,Unknown
Santorini,Onar Rooms & Studios,hotel,36.3586247,25.474209,2,Unknown
Santorini,Villa Pavlína,hotel,36.4096883,25.4446699,Unknown,Unknown
Santorini,Villa Spiridoula,guest_house,36.3593372,25.4723696,Unknown,Unknown
Santorini,Hotel Sofia,hotel,36.4257568,25.4288776,Unknown,Unknown
Santorini,Remvi Suites,hotel,36.4255164,25.4286772,Unknown,Unknown
Santorini,Unknown,hotel,36.3715318,25.4802198,Unknown,Unknown
Santorini,Kafieris Apartments,hotel,36.4228526,25.4288371,Unknown,Unknown
Santorini,Hotel Leta,hotel,36.4207654,25.432471,Unknown,Unknown
Santorini,Villa Roussa,guest_house,36.4170383,25.4333052,2,Unknown
Santorini,Marquise Suites,hotel,36.4187308,25.4328658,Unknown,Unknown
Santorini,Aressana Spa Hotel and Suites,hotel,36.4161363,25.4320029,4,Unknown
Santorini,Enigma Traditional Apartments,guest_house,36.4173021,25.4314195,Unknown,Unknown
Santorini,Panorama Boutique Hotel,hotel,36.4176884,25.4315849,Unknown,Unknown
Santorini,Adamis Majesty Suites,hotel,36.4177575,25.4315723,Unknown,Unknown
Santorini,Petini's Place,guest_house,36.4179668,25.4318277,Unknown,Unknown
Santorini,Theoxenia Hotel,hotel,36.4180643,25.4315868,Unknown,Unknown
Santorini,Hotel Asimina,hotel,36.4203503,25.4310787,Unknown,Unknown
Santorini,Cosmopolitan Suites - Small Luxury Hotels of the World,hotel,36.4199894,25.4309117,Unknown,Unknown
Santorini,Hotel Santorini,hotel,36.417169,25.4337526,Unknown,Unknown
Santorini,Centro Houses,hotel,36.421853,25.4319277,Unknown,Arivia Group
Santorini,Dimael Mansion,hotel,36.4218071,25.4331465,3,Arivia Group
Santorini,Arbor House,hotel,36.4213205,25.434,Unknown,Arivia Group
Santorini,Mirinda Premium villa,hotel,36.4211156,25.4331076,Unknown,Arivia Group
Santorini,Malteza private villa,hotel,36.4325765,25.4218972,4,Arivia Group
Santorini,Saint George Exclusive,hotel,36.4325626,25.4217825,Unknown,Arivia Group
Santorini,White Cave Private villa,hotel,36.3886918,25.4586953,Unknown,Arivia Group
Santorini,Nefeles Luxury Suites,hotel,36.4192836,25.4307846,Unknown,Unknown
Santorini,Daydream Luxury Suites,hotel,36.4191926,25.430783,Unknown,Unknown
Santorini,Kratiras View Luxury Suites,hotel,36.4193629,25.4306042,Unknown,Unknown
Santorini,Porto Carra Hotel,hotel,36.4191301,25.4306813,Unknown,Unknown
Santorini,Opera Mansion Santorini,hotel,36.4209019,25.429765,Unknown,Unknown
Santorini,Mythical Blue Luxury Suites,hotel,36.4215712,25.4288017,Unknown,Unknown
Santorini,le petit Greek bed & breakfast,guest_house,36.4212973,25.4297739,Unknown,Unknown
Santorini,Lava Suites & Lounge,hotel,36.4211089,25.429614,Unknown,Unknown
Santorini,Serenity Suites & Villa,hotel,36.4210084,25.4296749,Unknown,Unknown
Santorini,King Thiras Hotel,hotel,36.4226149,25.4302936,Unknown,Unknown
Santorini,Manos Small World Hotel,hotel,36.4253209,25.4284475,Unknown,Unknown
Santorini,Sun Rocks Hotel,hotel,36.4265322,25.4287755,Unknown,Unknown
Santorini,Aerino Villa,hotel,36.4260085,25.4286918,Unknown,Unknown
Santorini,Chic Hotel,hotel,36.4263137,25.4286486,Unknown,Unknown
Santorini,Galini Hotel,hotel,36.4250651,25.4286642,Unknown,Unknown
Santorini,Anteliz Suites,hotel,36.421845,25.4284502,Unknown,Unknown
Santorini,Antonia Hotel,hotel,36.4184265,25.4342963,Unknown,Unknown
Santorini,Unknown,guest_house,36.4220647,25.429988,Unknown,Unknown
Santorini,Voreina Gallery Suites,hotel,36.3845646,25.4492225,Unknown,Unknown
Santorini,Tristhenia,hotel,36.3546027,25.4727216,Unknown,Unknown
Santorini,Cavotagoo Santorini,hotel,36.4458875,25.4266012,Unknown,Unknown
Santorini,Villa Libertad,guest_house,36.4351997,25.4228725,Unknown,Unknown
Santorini,Demeter Cave House,hotel,36.3830637,25.4502881,5,Unknown
Santorini,Executive plan suites reception,hotel,36.4268148,25.4285046,Unknown,Unknown
Santorini,Maistrali Prive,hotel,36.4080665,25.4463176,Unknown,Unknown
Santorini,Unknown,hotel,36.4303783,25.4254184,Unknown,Unknown
Santorini,Deluxe Rest Boutique,hotel,36.4187482,25.4358092,Unknown,Unknown
Santorini,Bedspot Hostel,hostel,36.4192283,25.4337273,Unknown,Unknown
Santorini,Makarios Hotel,hotel,36.3840853,25.4828661,Unknown,Unknown
Santorini,Cally Cave House,guest_house,36.417487,25.4428655,Unknown,Unknown
Santorini,Santorini Ikies,hotel,36.4608569,25.3885944,4,Unknown
Santorini,CSky,hotel,36.4581842,25.4181902,4,Unknown
Santorini,Unknown,hotel,36.4303627,25.4259551,Unknown,Unknown
Santorini,Ftelari Villa,hotel,36.4615711,25.4147208,3,Unknown
Santorini,Windmill Villas Santorini,hotel,36.4526068,25.432343,4,Unknown
Santorini,Onyx Hotel & Suites,hotel,36.4108233,25.4499212,Unknown,Unknown
Santorini,Mod,hotel,36.4260056,25.4305202,Unknown,Unknown
Santorini,gemini cave villa,hotel,36.4637821,25.3950968,Unknown,Unknown
Santorini,Unknown,hotel,36.4322737,25.4235221,Unknown,Unknown
Santorini,Ilioperato Santorini,hotel,36.4366675,25.4219797,Unknown,Unknown
Santorini,New Haroula,hotel,36.418665,25.4355685,Unknown,Unknown
Santorini,Unknown,hotel,36.3944075,25.4382238,Unknown,Unknown
Santorini,Air Bnb,hotel,36.3581672,25.4471319,Unknown,Unknown
Santorini,Epavlis,hotel,36.3702245,25.4784644,Unknown,Unknown
Santorini,Unknown,hotel,36.4179407,25.4309328,Unknown,Unknown
Santorini,Unknown,hotel,36.4215255,25.4324929,Unknown,Unknown
Santorini,Μανρη Αμμος,hotel,36.373781,25.4819083,Unknown,Unknown
Santorini,Porto Castello,hotel,36.4284175,25.4582781,Unknown,Unknown
Santorini,Andromeda Villas,hotel,36.4351095,25.421237,4,Unknown
Santorini,Heliotopos Hotel,hotel,36.435068,25.4217268,Unknown,Unknown
Santorini,NOŪS Santorini,hotel,36.4022578,25.4513197,Unknown,Unknown
Santorini,"Sea Breeze Santorini Beach Resort, Curio Collection by Hilton",hotel,36.3344176,25.4424585,5,Hilton
Santorini,Hotel Golden Star,hotel,36.4186841,25.435917,Unknown,Unknown
Santorini,Unknown,hotel,36.4322979,25.424223,Unknown,Unknown
Santorini,Nano Suites,hotel,36.3876954,25.4585285,Unknown,Unknown
Santorini,Aecon Suites,hotel,36.3875479,25.4559302,Unknown,Unknown
Santorini,Remezzo Villas,hotel,36.4360298,25.4220924,Unknown,Unknown
Santorini,Orizontes,hotel,36.3841422,25.4418508,Unknown,Unknown
Santorini,White Orchid Luxury Suites,hotel,36.3961808,25.4531427,Unknown,Unknown
Santorini,White Orchid Villa,hotel,36.3856037,25.4491136,Unknown,Unknown
Santorini,Hemera Holiday Home villa on Santorini,hotel,36.3603479,25.4134734,Unknown,Unknown
Santorini,Castro,hotel,36.3794338,25.4780346,Unknown,Unknown
Santorini,Pension Atlas,hotel,36.4088045,25.4444183,Unknown,Unknown
Santorini,Seven Grapes - Karterados,hotel,36.410514,25.445167,Unknown,Unknown
Santorini,Hotel MaryBill,hotel,36.3543293,25.4695359,Unknown,Unknown
Santorini,Unknown,hotel,36.3782703,25.4842534,Unknown,Unknown
Santorini,Marvarit Suites,hotel,36.4098088,25.4705133,Unknown,Unknown
Santorini,Kalisti Hotel & Suites,hotel,36.414923,25.4334771,Unknown,Unknown
Santorini,Caldera Cliff Illusion,hotel,36.4208048,25.4302094,Unknown,Unknown
Santorini,Rafael's Mediteranian Cave Suites,hotel,36.4249299,25.4312368,Unknown,Unknown
Santorini,Gizis Exclusive,hotel,36.4420889,25.4258086,Unknown,Unknown
Santorini,Carpe Diem Santorini,hotel,36.3860834,25.4510951,Unknown,Unknown
Mykonos,Kamari,hotel,37.4162123,25.3405903,Unknown,Unknown
Mykonos,Hotel Erato,hotel,37.4226682,25.3206197,Unknown,Unknown
Mykonos,Rocabella Mykonos Art Hotel & SPA,hotel,37.4711564,25.3148316,Unknown,Unknown
Mykonos,Paraga Beach Hostel,hostel,37.4082684,25.3511325,Unknown,Unknown
Mykonos,Absolute,hotel,37.4400298,25.329277,Unknown,Unknown
Mykonos,Omiros,hotel,37.4539308,25.3295283,Unknown,Unknown
Mykonos,Aeolos,hotel,37.4467314,25.3388455,Unknown,Unknown
Mykonos,Galini,hotel,37.443584,25.3290984,Unknown,Unknown
Mykonos,Damianos,hotel,37.44474,25.3341429,Unknown,Unknown
Mykonos,hôtel Tagoo,hotel,37.4564992,25.3299297,Unknown,Unknown
Mykonos,Vencia Boutique Hotel,hotel,37.4452052,25.3325088,Unknown,Unknown
Mykonos,Ilio Maris,hotel,37.4408392,25.3291264,Unknown,Unknown
Mykonos,Mykonos Bay hotel,hotel,37.4378444,25.3260232,Unknown,Unknown
Mykonos,Hotel Mykonos view,hotel,37.4518266,25.3305067,Unknown,Unknown
Mykonos,Gryparis,hotel,37.4361652,25.3301921,Unknown,Unknown
Mykonos,Olia hotel,hotel,37.4641269,25.3285889,Unknown,Unknown
Mykonos,Bluetopia Suites,hotel,37.4469314,25.3257058,Unknown,Unknown
Mykonos,Pension Maria's,hotel,37.4605312,25.329622,Unknown,Unknown
Mykonos,Adikri VIllas and Studios,hotel,37.4670296,25.3250939,Unknown,Unknown
Mykonos,Mykonos Ammos Hotel,hotel,37.4230147,25.3230472,Unknown,Unknown
Mykonos,Angelica Apartments,hotel,37.4353402,25.3283844,Unknown,Unknown
Mykonos,Villa Danae,guest_house,37.4207884,25.3437839,Unknown,Unknown
Mykonos,Albatros Club Mykonos,hotel,37.477912,25.3603612,Unknown,Unknown
Mykonos,Panormos village,hotel,37.478107,25.3610499,Unknown,Unknown
Mykonos,Mykonos Panormos Villas,hotel,37.4766121,25.3563076,Unknown,Unknown
Mykonos,Villia Chloe,guest_house,37.482837,25.3101252,Unknown,Unknown
Mykonos,Villia Chloe,guest_house,37.4700941,25.3225098,Unknown,Unknown
Mykonos,Unknown,hotel,37.4529534,25.3303267,Unknown,Unknown
Mykonos,Unknown,hotel,37.4564513,25.3302733,Unknown,Unknown
Mykonos,Unknown,hotel,37.4202043,25.3143994,Unknown,Unknown
Mykonos,Unknown,guest_house,37.4258706,25.3352172,Unknown,Unknown
Mykonos,Super Paradise Suites & Rooms,hotel,37.4156826,25.3701161,Unknown,Unknown
Mykonos,Namas Villas,hotel,37.418588,25.3665254,Unknown,Unknown
Mykonos,Ibiscus Villas,guest_house,37.4424689,25.3420003,Unknown,Unknown
Mykonos,Hotel Milena,hotel,37.4347765,25.3394227,1,Unknown
Mykonos,Fraskoula's Rooms,guest_house,37.4706289,25.3205661,Unknown,Unknown
Mykonos,Zorzis Hotel,hotel,37.4459919,25.3283385,Unknown,Unknown
Mykonos,Artemoulas Studios,hotel,37.4176333,25.3411525,Unknown,Unknown
Mykonos,Anixi Hotel,hotel,37.4262881,25.324861,Unknown,Unknown
Mykonos,Unknown,hotel,37.424431,25.3334508,Unknown,Unknown
Mykonos,VILLAEVI,hotel,37.4258048,25.3441334,Unknown,Unknown
Mykonos,Mykonos Princess,hotel,37.4699792,25.3158396,Unknown,Unknown
Mykonos,Hotel Manto,hotel,37.4469555,25.329344,Unknown,Unknown
Mykonos,Hotel Ano Mera,hotel,37.4436486,25.3892121,Unknown,Unknown
Mykonos,Villa Barbarossa,hostel,37.4632713,25.372619,Unknown,Unknown
Mykonos,La Stella,hotel,37.4268524,25.333511,Unknown,Unknown
Mykonos,Unknown,hotel,37.4256441,25.3332138,Unknown,Unknown
Mykonos,Unknown,hotel,37.4268472,25.3335986,Unknown,Unknown
Mykonos,Unknown,hotel,37.4271623,25.3334411,Unknown,Unknown
Mykonos,Unknown,hotel,37.4247996,25.3338368,Unknown,Unknown
Mykonos,Unknown,guest_house,37.4278122,25.3331386,Unknown,Unknown
Mykonos,Villa Skyline Mykonos,hotel,37.4094136,25.3127383,Unknown,Unknown
Mykonos,Sun of Mykonos,hotel,37.4519396,25.3551927,Unknown,Unknown
Mykonos,Panorama Hotel,hotel,37.4716139,25.3162706,Unknown,Unknown
Mykonos,Elena,hotel,37.4439184,25.330241,Unknown,Unknown
Mykonos,Leto,hotel,37.4491755,25.3303469,Unknown,Unknown
Mykonos,Unknown,hotel,37.4433564,25.3275498,Unknown,Unknown
Mykonos,Harmony Boutique,hotel,37.4506,25.329264,Unknown,Unknown
Mykonos,Unknown,hotel,37.4254674,25.3317548,Unknown,Unknown
Mykonos,Thalasss,hotel,37.4424556,25.4230168,Unknown,Unknown
Mykonos,Marina Blue Ornos,guest_house,37.4244554,25.3261302,Unknown,Unknown
Mykonos,Asteri Hotel,hotel,37.4248946,25.3228989,Unknown,Unknown
Mykonos,Dionysos Luxury Hotel,hotel,37.4239077,25.3238572,Unknown,Unknown
Mykonos,KENSHŌ Butique Hotel,hotel,37.4237039,25.3260022,Unknown,Unknown
Mykonos,Mykonos Essence,hotel,37.4243642,25.3259405,Unknown,Unknown
Mykonos,Matogianni Reception,hotel,37.4462356,25.3288288,Unknown,Unknown
Mykonos,Cavotagoo Mykonos,hotel,37.4567815,25.3288159,Unknown,Unknown
Mykonos,Villa Konstantis,hotel,37.4475033,25.3304554,Unknown,Unknown
Mykonos,Pension Alexandra,guest_house,37.4598417,25.3295713,Unknown,Unknown
Mykonos,Unknown,hotel,37.4472034,25.3302056,Unknown,Unknown
Mykonos,Aegon Retreat,hotel,37.436067,25.403095,Unknown,Unknown
Mykonos,Aegon Revive,hotel,37.4334135,25.4038916,Unknown,Unknown
Mykonos,Unknown,guest_house,37.4391469,25.3300884,Unknown,Unknown
Mykonos,Unknown,hotel,37.441649,25.3288113,Unknown,Unknown
Mykonos,Unknown,guest_house,37.4404215,25.3291116,Unknown,Unknown
Mykonos,Unknown,hotel,37.4373239,25.3310792,Unknown,Unknown
Mykonos,Unknown,hotel,37.436735,25.332049,Unknown,Unknown
Mykonos,Unknown,hotel,37.4339489,25.3302897,Unknown,Unknown
Mykonos,Unknown,hotel,37.4416298,25.3287508,Unknown,Unknown
Mykonos,Unknown,hotel,37.4352047,25.3298601,Unknown,Unknown
Mykonos,Unknown,hotel,37.4349157,25.3293417,Unknown,Unknown
Mykonos,Unknown,hotel,37.4458857,25.3278791,Unknown,Unknown
Mykonos,Unknown,hotel,37.4368372,25.3312671,Unknown,Unknown
Mykonos,Unknown,guest_house,37.4227848,25.319482,Unknown,Unknown
Mykonos,Unknown,hotel,37.4230609,25.3113862,Unknown,Unknown
Mykonos,Unknown,hotel,37.4237656,25.3100031,Unknown,Unknown
Mykonos,Unknown,guest_house,37.4218211,25.3180929,Unknown,Unknown
Mykonos,Unknown,hotel,37.4234868,25.3094906,Unknown,Unknown
Mykonos,Unknown,hotel,37.4255817,25.3226231,Unknown,Unknown
Mykonos,Unknown,guest_house,37.4220232,25.314339,Unknown,Unknown
Mykonos,Unknown,hotel,37.4233769,25.308596,Unknown,Unknown
Mykonos,Unknown,hotel,37.4236366,25.3083456,Unknown,Unknown
Mykonos,Unknown,guest_house,37.4227515,25.3150579,Unknown,Unknown
Mykonos,Unknown,hotel,37.423434,25.307198,Unknown,Unknown
Mykonos,Unknown,guest_house,37.4233065,25.3122067,Unknown,Unknown
Mykonos,Unknown,guest_house,37.4243648,25.3229308,Unknown,Unknown
Mykonos,Unknown,hotel,37.4690799,25.3189652,Unknown,Unknown
Mykonos,Unknown,hotel,37.4227036,25.3218005,Unknown,Unknown
Mykonos,Unknown,hostel,37.4465484,25.3267414,Unknown,Unknown
Mykonos,Unknown,hotel,37.4352631,25.4026643,Unknown,Unknown
Mykonos,Myconian Korali Relais & Châteaux,hotel,37.436788,25.3289869,Unknown,Unknown
Mykonos,Myconian Kyma,hotel,37.4369954,25.3297536,Unknown,Unknown
Mykonos,Myconian Naia,hotel,37.4364027,25.3293704,Unknown,Unknown
Mykonos,1Path to the sea Mykonos,hotel,37.4156752,25.3676534,Unknown,Unknown
Mykonos,Δελφινες,hotel,37.4470912,25.3294663,Unknown,Unknown
Mykonos,Unknown,guest_house,37.4463177,25.3333429,Unknown,Unknown
Mykonos,Unknown,hotel,37.4686172,25.3195024,Unknown,Unknown
Mykonos,Myconian Imperial,hotel,37.4218038,25.3932667,Unknown,Unknown
Mykonos,Unknown,hotel,37.4439773,25.3272684,Unknown,Unknown
Mykonos,Numi Boutique Hotel Mykonos,hotel,37.4454075,25.331496,Unknown,Unknown
Mykonos,Eleanna's Mykonos,hotel,37.4456712,25.3294925,Unknown,Unknown
Mykonos,Akkadian Gay-Only Boutique Hotel Mykonos,hotel,37.4354847,25.3313472,Unknown,Unknown
Rhodes,Terinikos Hotel Apartments Pool  Garden,hotel,36.4194119,28.1595698,Unknown,Unknown
Rhodes,Mango,hotel,36.4418885,28.2264285,Unknown,Unknown
Rhodes,Olympos,hotel,36.4425208,28.2256561,Unknown,Unknown
Rhodes,Kresten Royal,hotel,36.3912669,28.2381759,5,Unknown
Rhodes,AquaMare,hotel,36.4537271,28.2212791,3,Thomas Cook Smartline
Rhodes,City Center Hotel,hotel,36.4528869,28.2216242,Unknown,Unknown
Rhodes,Mitsis Grand,hotel,36.4528533,28.218483,Unknown,Unknown
Rhodes,Best Western Hotel Plaza,hotel,36.4506137,28.2224585,Unknown,Best Western
Rhodes,Unknown,hotel,36.44179,28.2286014,Unknown,Unknown
Rhodes,Unknown,hotel,36.4415289,28.2246559,Unknown,Unknown
Rhodes,Medieval Inn,guest_house,36.4408686,28.2256456,Unknown,Unknown
Rhodes,Unknown,hotel,36.4409182,28.2279094,Unknown,Unknown
Rhodes,Villa Di Mare,hotel,36.4192409,28.1830566,Unknown,Unknown
Rhodes,Sun Beach Apart Hotel,hotel,36.4234545,28.1525989,4,Unknown
Rhodes,The Residence,hotel,36.4222446,28.1531633,4,Unknown
Rhodes,Lomeniz,hotel,36.4309068,28.2355478,Unknown,Unknown
Rhodes,S. Nikolis' Hotel Apartments and Honeymoon Suites,hotel,36.4414228,28.2241673,Unknown,Sotiris Nikolis
Rhodes,Rodos Youth Hostel,hostel,36.4431927,28.225768,Unknown,Unknown
Rhodes,Garden-Pastida,hotel,36.3848163,28.131161,Unknown,Unknown
Rhodes,Cava ď Oro,hotel,36.4429796,28.2324749,Unknown,Unknown
Rhodes,Bakiris,hotel,36.3459617,28.2009851,Unknown,Unknown
Rhodes,Elafos Studios,hotel,36.3478348,28.1997863,Unknown,Unknown
Rhodes,Elarin Studios,hotel,36.3472568,28.198917,Unknown,Unknown
Rhodes,John & Mary's Studios,hotel,36.3473235,28.1987599,Unknown,Unknown
Rhodes,Sun Queen,hotel,36.3475289,28.1996722,Unknown,Unknown
Rhodes,Villa George,hotel,36.3471552,28.1992523,Unknown,Unknown
Rhodes,White Palace Studios,hotel,36.3472147,28.1991045,Unknown,Unknown
Rhodes,Dias Studios,hotel,36.3509177,28.1962103,Unknown,Unknown
Rhodes,Kresten Palace,hotel,36.3910626,28.2347639,4,Unknown
Rhodes,Domus Rodos,hotel,36.4431929,28.2273452,Unknown,Unknown
Rhodes,Isoles,hotel,36.4434046,28.2264834,Unknown,Unknown
Rhodes,Amaryllis,hotel,36.452167,28.2187957,Unknown,Unknown
Rhodes,Unknown,hotel,36.4502009,28.2206514,Unknown,Unknown
Rhodes,Florida,hotel,36.4521038,28.2212576,Unknown,Unknown
Rhodes,Unknown,hotel,36.4430143,28.2200889,Unknown,Unknown
Rhodes,Castellum Suites,hotel,36.4421377,28.220204,Unknown,Unknown
Rhodes,Apollo GuestHouse,guest_house,36.4410949,28.2269633,Unknown,Unknown
Rhodes,Nautilus City Studios,hotel,36.4337602,28.2337299,Unknown,Unknown
Rhodes,Kalithea Sun and Sky,hotel,36.3974346,28.2248859,Unknown,Unknown
Rhodes,Unknown,hotel,36.4491273,28.2156909,Unknown,Unknown
Rhodes,Amphitryon,hotel,36.4479317,28.2219635,Unknown,Unknown
Rhodes,Elakati Luxury Boutique Hotel,hotel,36.4485852,28.2204679,Unknown,Unknown
Rhodes,Eleni Rooms,hotel,36.4420108,28.2296938,Unknown,Unknown
Rhodes,In Camera Luxury Boutique Hotel,hotel,36.4417789,28.2278429,Unknown,Unknown
Rhodes,Santa Maria City Hotel,hotel,36.4521024,28.2200483,Unknown,Unknown
Rhodes,Diana,hotel,36.4521131,28.2189486,Unknown,Unknown
Rhodes,Cook's Club Rhodes ( More Meni),hotel,36.4530638,28.2241809,Unknown,Unknown
Rhodes,Adonis (closed),hotel,36.4525093,28.2229223,Unknown,Unknown
Rhodes,International Hotel,hotel,36.4523211,28.2222152,Unknown,Unknown
Rhodes,Astron Hotel,hotel,36.4523305,28.2224139,Unknown,Unknown
Rhodes,El Greco,hotel,36.4516115,28.2226277,Unknown,Unknown
Rhodes,Mimosa suites,hotel,36.4516413,28.2224425,Unknown,Unknown
Rhodes,Lydia,hotel,36.4497699,28.2221388,Unknown,Unknown
Rhodes,Kamiros,hotel,36.4496063,28.2242115,Unknown,Unknown
Rhodes,Bellevue Suites,hotel,36.4547044,28.2196761,Unknown,Unknown
Rhodes,Eva,hotel,36.4513599,28.2214884,Unknown,Unknown
Rhodes,Unknown,hotel,36.4489082,28.2234215,Unknown,Unknown
Rhodes,Unknown,hotel,36.4488125,28.2232855,Unknown,Unknown
Rhodes,Panorama,hotel,36.4339371,28.2132563,Unknown,Unknown
Rhodes,Hotel SIlvia,hotel,36.4393726,28.2318555,Unknown,Unknown
Rhodes,NEP Urban Hotel,hotel,36.4488108,28.2220767,Unknown,Unknown
Rhodes,Artemis Studios,hotel,36.3911407,28.2214066,Unknown,Unknown
Rhodes,Lydia Hotel,hotel,36.4494916,28.2220427,Unknown,Unknown
Rhodes,Royal Hotel,hotel,36.449345,28.2219431,Unknown,Unknown
Rhodes,Sun Beach Holiday Club,hotel,36.4231137,28.1514627,Unknown,Unknown
Rhodes,Afrodite Wing,hotel,36.4231038,28.1511986,Unknown,Unknown
Rhodes,Artemis Wing,hotel,36.4230681,28.1518699,Unknown,Unknown
Rhodes,Apollon Wing,hotel,36.4230005,28.1515096,Unknown,Unknown
Rhodes,Virginia,hotel,36.4009006,28.226943,Unknown,Unknown
Rhodes,eden roc,hotel,36.3996268,28.232466,Unknown,Unknown
Rhodes,Philoxenia Hotel & Studios,hotel,36.4298461,28.2202556,Unknown,Unknown
Rhodes,Hermes studios,hotel,36.3486401,28.1945379,Unknown,Unknown
Rhodes,Svea,hotel,36.4519251,28.2187035,Unknown,Unknown
Rhodes,Heleni Beach,hotel,36.4218356,28.1584051,Unknown,Unknown
Rhodes,Rhodos Lykia,hotel,36.3950288,28.2333978,Unknown,Unknown
Rhodes,Filerimos Village,hotel,36.4151997,28.1395011,Unknown,Unknown
Rhodes,Margaret Hotel,hotel,36.4141398,28.1165113,2,Unknown
Rhodes,Sol by Melia Cosmopolitan,hotel,36.4273659,28.1980294,Unknown,Unknown
Rhodes,Κασσάνδρα,hotel,36.4170623,28.1626663,Unknown,Unknown
Rhodes,Unknown,hostel,36.4432964,28.2249119,Unknown,Unknown
Rhodes,Unknown,hotel,36.4332423,28.2343779,Unknown,Unknown
Rhodes,Marco Polo Manison,hotel,36.4427864,28.2257617,Unknown,Unknown
Rhodes,Summerland,hotel,36.4123819,28.1666174,Unknown,Unknown
Rhodes,Sunny Rooftop Apartement,hotel,36.4154298,28.1562344,Unknown,Unknown
Rhodes,Hotel Ellique,hotel,36.4421163,28.2254288,4,Hotel Ellique
Rhodes,Takis Hotel,hotel,36.4114881,28.1552963,1,Unknown
Rhodes,Epsilon Ammades Apartments,hotel,36.3577464,28.2107636,Unknown,Unknown
Rhodes,Unknown,hotel,36.4368703,28.2261582,Unknown,Unknown
Rhodes,Olympia Sun,hotel,36.3517906,28.2023045,Unknown,Unknown
Rhodes,Ialyssos Bay Suneo Club,hotel,36.4217691,28.1484186,Unknown,Unknown
Rhodes,Unknown,hotel,36.4441119,28.2266836,Unknown,Unknown
Rhodes,Pyrgos Hotel Apartments,hotel,36.4164759,28.1258899,Unknown,Unknown
Rhodes,Esmeralda Hotel,hotel,36.4129737,28.123971,Unknown,Unknown
Rhodes,Anseli Hotel,hotel,36.4124678,28.1165263,Unknown,Unknown
Rhodes,Valentino Hotel,hotel,36.41384,28.115505,Unknown,Unknown
Rhodes,Kremasti Memories,hotel,36.414701,28.122409,Unknown,Unknown
Rhodes,Helena Christina,hotel,36.3984281,28.1862335,Unknown,Unknown
Rhodes,Bamboo Suites & Restaurant,hotel,36.423886,28.2000102,Unknown,Unknown
Rhodes,Zefyros hotel,hotel,36.4320238,28.234747,Unknown,Unknown
Rhodes,Allegory,hotel,36.442174,28.2240112,Unknown,Unknown
Rhodes,Klimt guest house,hotel,36.4428603,28.22579,Unknown,Unknown
Rhodes,Evita Bay Hotel,hotel,36.3471738,28.2035264,Unknown,Unknown
Rhodes,STAY Hostel Rhodes,hostel,36.4494315,28.2205859,Unknown,Unknown
Rhodes,"Block 66 ,appartement  6",guest_house,36.43525,28.2183737,Unknown,Unknown
Rhodes,Lefka,hotel,36.4375829,28.2342987,Unknown,Unknown
Rhodes,DeLight Luxury Rooms,hotel,36.3480567,28.199721,Unknown,Unknown
Rhodes,Hotel Filmar,hotel,36.4188766,28.1834793,Unknown,Unknown
Rhodes,Semiramis,hotel,36.4476998,28.21546,Unknown,Unknown
Rhodes,Unknown,hotel,36.4411144,28.2275761,Unknown,Unknown
Rhodes,Aria di Rodi,hotel,36.4435309,28.2232668,Unknown,Unknown
Rhodes,The Apartments by Esperia,hotel,36.4525334,28.2200982,Unknown,Unknown
Rhodes,San Antonio Apt,hotel,36.4518544,28.2200397,Unknown,Unknown
Rhodes,Efchi Suites 1904,hotel,36.4516908,28.2201544,Unknown,Unknown
Rhodes,Imperial Hotel (closed),hotel,36.4530383,28.2212771,Unknown,Unknown
Rhodes,Açai,hotel,36.4473821,28.2164005,Unknown,Unknown
Rhodes,Ixia Dream,hotel,36.4203735,28.1659032,Unknown,Unknown
Rhodes,Rafael Hotel,hotel,36.4216564,28.1555773,Unknown,Unknown
Rhodes,Pine Trees Hotel,hotel,36.4120706,28.1748849,Unknown,Unknown
Rhodes,Naillac Boutique Hotel,hotel,36.4537277,28.2205746,Unknown,Unknown
Rhodes,Kokkini Porta Rossa,hotel,36.4402215,28.2285053,Unknown,Unknown
Corfu,Dreams Corfu Resort & Spa,hotel,39.656655,19.8427276,5,Hyatt Inclusive Collection
Corfu,Nefeli Corfu,hotel,39.6642766,19.8504264,Unknown,Unknown
Corfu,Iliada Beach Hotel,hotel,39.6533002,19.8435076,Unknown,Unknown
Corfu,Molfetta Beach Hotel,hotel,39.6498564,19.8430689,Unknown,Unknown
Corfu,HERMES HOTEL,hotel,39.6226457,19.9190636,Unknown,Unknown
Corfu,Europa,hotel,39.6244892,19.9088936,Unknown,Unknown
Corfu,Scheria,hotel,39.6854841,19.8420382,Unknown,Unknown
Corfu,Oscar,hotel,39.6787781,19.8384252,Unknown,Unknown
Corfu,Primavera,hotel,39.6729362,19.8399738,Unknown,Unknown
Corfu,Victoria Hotel,hotel,39.6849779,19.8362748,Unknown,Unknown
Corfu,Cook's Club,hotel,39.6576537,19.8384046,Unknown,Unknown
Corfu,Sunrock,hostel,39.5820454,19.8220275,Unknown,Unknown
Corfu,Akis Apartments,guest_house,39.5855928,19.8212028,Unknown,Unknown
Corfu,Bella Vista Beach Hotel,hotel,39.5417563,19.9135264,Unknown,Unknown
Corfu,Hotel Marida,hotel,39.6162456,19.8482328,Unknown,Unknown
Corfu,Art Studios Benitses,hotel,39.5421555,19.9135241,Unknown,Unknown
Corfu,Palma Boutique Hotel,hotel,39.6807923,19.8377732,Unknown,Unknown
Corfu,Louis Kerkyra Golf Hotel,hotel,39.6346641,19.8856037,Unknown,Unknown
Corfu,Royal boutique,hotel,39.5924169,19.9175331,Unknown,Unknown
Corfu,DIVANI HOTEL,hotel,39.5985229,19.9223865,Unknown,Unknown
Corfu,Hellinis,hotel,39.593868,19.916976,Unknown,Unknown
Corfu,Siorra Vittoria Boutique Hotel,hotel,39.6226132,19.9213924,Unknown,Unknown
Corfu,Potamaki Beach Hotel,hotel,39.5442498,19.9137964,Unknown,Unknown
Corfu,Corfu Mare Boutique Hotel,hotel,39.6284596,19.8965326,Unknown,Unknown
Corfu,Kerkyra apartotel,hotel,39.5393745,19.9157443,Unknown,Unknown
Corfu,Penelope Appartments,hotel,39.6739576,19.8371264,Unknown,Unknown
Corfu,El Greco,hotel,39.5587438,19.9109408,Unknown,Unknown
Corfu,Benitses,hotel,39.558688,19.9112433,Unknown,Unknown
Corfu,Magna Graezia,hotel,39.6755504,19.8386739,Unknown,Unknown
Corfu,Livadi Nafsika,hotel,39.6778423,19.8368465,Unknown,Unknown
Corfu,Unknown,hotel,39.5398448,19.9168902,Unknown,Unknown
Corfu,Unknown,guest_house,39.545742,19.9103083,Unknown,Unknown
Corfu,Aronda,hotel,39.6796485,19.8367582,Unknown,Unknown
Corfu,Wilde Rose Hotel & Restaurant,hotel,39.6867883,19.8385408,2,Wilde Rose e.V.
Corfu,Marialice,guest_house,39.6745246,19.8356254,Unknown,Unknown
Corfu,Nick's house,guest_house,39.6240513,19.8749331,Unknown,Unknown
Corfu,Unknown,hotel,39.5702849,19.8942042,Unknown,Unknown
Corfu,Unknown,hotel,39.5430682,19.9141334,Unknown,Unknown
Corfu,Unknown,hotel,39.5937449,19.9171245,Unknown,Unknown
Corfu,Unknown,hotel,39.6724562,19.8364597,Unknown,Unknown
Corfu,Artistico,hotel,39.6511302,19.8436345,Unknown,Unknown
Corfu,Elaia Resort,guest_house,39.5727887,19.9052204,Unknown,Unknown
Corfu,Unknown,hotel,39.5433807,19.9139584,Unknown,Unknown
Corfu,Tzovana,hotel,39.6069145,19.8121896,Unknown,Unknown
Corfu,Hotel La Calma Dassia,hotel,39.6811676,19.8343911,2,Unknown
Corfu,Gouvia Hotel,hotel,39.6521319,19.8445863,Unknown,Unknown
Corfu,Carpofoli Corfu Luxury Rentals,hotel,39.6139061,19.9168634,4,Unknown
Corfu,Villa Theodora,hotel,39.5673215,19.8981816,Unknown,Unknown
Corfu,Calondri Apartments,hotel,39.5651247,19.8962356,Unknown,Unknown
Corfu,Conti Mansion,hotel,39.561448,19.8983333,Unknown,Unknown
Corfu,Unknown,hotel,39.5863294,19.9139606,Unknown,Unknown
Corfu,Sunlight Hotel,hotel,39.5435722,19.9136458,Unknown,Unknown
Corfu,Louvre,hotel,39.6526121,19.8431589,Unknown,Unknown
Corfu,Maria,guest_house,39.6473036,19.8467634,Unknown,Unknown
Corfu,Bretagne,hotel,39.6121206,19.9153421,2,Unknown
Corfu,Unknown,hotel,39.6506998,19.8441077,Unknown,Unknown
Corfu,Unknown,hotel,39.6207679,19.9142328,Unknown,Unknown
Corfu,Unknown,hotel,39.6215966,19.921825,Unknown,Unknown
Corfu,Unknown,hotel,39.6217803,19.9216888,Unknown,Unknown
Corfu,Unknown,hotel,39.5405634,19.9160826,Unknown,Unknown
Corfu,Nikoli Apartments,guest_house,39.5509961,19.9103316,Unknown,Unknown
Corfu,Amalia Corfu Hotel,hotel,39.6741782,19.8397273,Unknown,Unknown
Corfu,Dassia Margarita,hotel,39.6861979,19.8379436,Unknown,Unknown
Corfu,Happy Easy 1,guest_house,39.6856177,19.8392385,Unknown,Unknown
Corfu,Happy Easy 2,guest_house,39.6855818,19.8393135,Unknown,Unknown
Corfu,Happy Easy 3,guest_house,39.6855489,19.8393898,Unknown,Unknown
Corfu,Happy Easy 5,guest_house,39.6854719,19.8395626,Unknown,Unknown
Corfu,Happy Easy 6,guest_house,39.6854358,19.8396476,Unknown,Unknown
Corfu,Happy Easy 4,guest_house,39.6855132,19.8394735,Unknown,Unknown
Corfu,Happy Easy 7,guest_house,39.6853955,19.8397332,Unknown,Unknown
Corfu,Happy Easy 8,guest_house,39.6853473,19.8398297,Unknown,Unknown
Corfu,Happy Easy 9,guest_house,39.6853061,19.8399255,Unknown,Unknown
Corfu,Happy Easy 10,guest_house,39.685264,19.8400336,Unknown,Unknown
Corfu,Happy Easy 11,guest_house,39.685217,19.8401668,Unknown,Unknown
Corfu,Happy Easy 12,guest_house,39.6851784,19.8402866,Unknown,Unknown
Corfu,Happy Easy 13,guest_house,39.6851399,19.8404154,Unknown,Unknown
Corfu,Happy Easy 14,guest_house,39.6851041,19.8405316,Unknown,Unknown
Corfu,Debono,hotel,39.6481006,19.8432076,Unknown,Unknown
Heraklion,Atrion,hotel,35.3416154,25.1319687,Unknown,Unknown
Heraklion,Lato Boutique Hotel,hotel,35.341747,25.136567,Unknown,Unknown
Heraklion,Hotel Kastro,hotel,35.3410221,25.1325798,3,Unknown
Heraklion,Yannis Appartments,guest_house,35.3370545,25.0701207,Unknown,Unknown
Heraklion,Rea,hotel,35.3410332,25.1309442,Unknown,Unknown
Heraklion,Marilisa Apartments,hotel,35.3308437,25.2537335,Unknown,Unknown
Heraklion,Λένα,hotel,35.3416585,25.1330142,Unknown,Unknown
Heraklion,Mediterranean Hotel,hotel,35.3379275,25.1342166,Unknown,Unknown
Heraklion,Mirabello Hotel,hotel,35.3412211,25.1324094,Unknown,Unknown
Heraklion,Kronos Hotel,hotel,35.3427873,25.1330828,Unknown,Unknown
Heraklion,El Greco Hotel,hotel,35.3385394,25.1327596,2,Unknown
Heraklion,Tropical Kreta,hotel,35.3386967,25.0638895,Unknown,Unknown
Heraklion,Hotel Australia,hotel,35.3347479,25.0830564,Unknown,Stratigis
Heraklion,Lino Mare,hotel,35.3350176,25.0681215,Unknown,Manolis
Heraklion,Amounda Bay,hotel,35.3346405,25.0618738,Unknown,Unknown
Heraklion,Nikolas Apartments,guest_house,35.3366714,25.0705543,Unknown,Unknown
Heraklion,Arina Sand (номера),hotel,35.331524,25.243015,Unknown,Unknown
Heraklion,Rea,hotel,35.341031,25.1311713,Unknown,Unknown
Heraklion,Capsis Astoria,hotel,35.3384587,25.1363801,Unknown,Unknown
Heraklion,Ariadni,hotel,35.3288587,25.2035514,Unknown,Unknown
Heraklion,Heraklion Youth Hostel,hostel,35.3414526,25.1333098,Unknown,Unknown
Heraklion,Daidalos,hotel,35.3387253,25.1344957,Unknown,Unknown
Heraklion,Manos Studios Hotel,hotel,35.3343337,25.0680225,Unknown,Unknown
Heraklion,Unknown,hotel,35.332339,25.0795951,Unknown,Unknown
Heraklion,Unknown,hotel,35.3289569,25.1996876,Unknown,Unknown
Heraklion,Unknown,guest_house,35.3283495,25.2008898,Unknown,Unknown
Heraklion,Hotel Olympic,hotel,35.3367423,25.1340363,Unknown,Unknown
Heraklion,Knossos Beach Bungalows Suites Resort & Spa Crete,hotel,35.3317249,25.2462851,Unknown,Unknown
Heraklion,Unknown,guest_house,35.3098111,25.0615789,Unknown,Unknown
Heraklion,La Palma,hotel,35.3349629,25.067337,Unknown,Unknown
Heraklion,Unknown,hotel,35.335994,25.0913308,Unknown,Unknown
Heraklion,Hotel Olive Green,hotel,35.3397946,25.1361161,4,Unknown
Heraklion,Marilena,hotel,35.3348942,25.0787345,Unknown,Unknown
Heraklion,Veneziano Boutique Hotel,hotel,35.3390137,25.130586,Unknown,Unknown
Heraklion,Minos Village Hotel,hotel,35.3285993,25.19969,Unknown,ITAKA
Heraklion,Unknown,hotel,35.336836,25.1363792,Unknown,Unknown
Heraklion,So Young Bed Station,hostel,35.3410529,25.1330434,Unknown,Unknown
Heraklion,Unknown,hotel,35.3348764,25.0755929,Unknown,Unknown
Heraklion,Evans,hotel,35.3399207,25.1544595,Unknown,Unknown
Heraklion,alex studios,hotel,35.3162939,25.1943487,3,Unknown
Heraklion,Hotel Olympic,hotel,35.3365299,25.1337913,Unknown,Unknown
Heraklion,Castro Hotel,hotel,35.3347878,25.0658709,Unknown,Unknown
Heraklion,Artion,hotel,35.3360086,25.1291921,Unknown,Unknown
Heraklion,Ibis Styles,hotel,35.3407534,25.1356286,4,Unknown
Heraklion,Unknown,hotel,35.3403892,25.1352912,Unknown,Unknown
Heraklion,Pagopoieion Exclusive Suites,hotel,35.3403597,25.1345694,Unknown,Unknown
Heraklion,Intra Muros Boutique Hostel,hostel,35.3365027,25.1291507,Unknown,Unknown
Heraklion,Unknown,guest_house,35.3386178,25.1191249,Unknown,Manos Kougis
Heraklion,Villa Aris,hotel,35.3004316,25.067757,Unknown,Unknown
Heraklion,Lemon Garden,hotel,35.33589,25.12936,Unknown,Unknown
Heraklion,Georgia garden Hotel,hotel,35.3361591,25.0882053,Unknown,Unknown
Heraklion,Paralos Lifestyle Beach,hotel,35.3361628,25.0718918,Unknown,Unknown
Heraklion,Candia Suits,hotel,35.3421769,25.1335226,Unknown,Unknown
Heraklion,Infinity City Boutique,hotel,35.3411615,25.1366332,Unknown,Unknown
Heraklion,Candia Studios,guest_house,35.3289263,25.1217305,Unknown,Unknown
Heraklion,Raise Kornarou City Stay,hotel,35.3364718,25.1339802,Unknown,Unknown
Heraklion,Unknown,hotel,35.3357527,25.0699549,Unknown,Unknown
Heraklion,Unknown,hotel,35.3359516,25.0698577,Unknown,Unknown
Heraklion,Porta Suites,hotel,35.3371684,25.1257997,Unknown,Unknown
Heraklion,Emi Seaside,hotel,35.3365286,25.0752688,Unknown,Unknown
Heraklion,Frank Apartments,hotel,35.3371198,25.0751091,Unknown,Unknown
Heraklion,Metropole Urban,hotel,35.3380277,25.1304521,Unknown,Unknown
Heraklion,Petousis Hotel & Suites,hotel,35.3358095,25.0681989,Unknown,Unknown
Heraklion,Paralos lifestyle beach,hotel,35.336071,25.0718956,Unknown,Unknown
Heraklion,Hotel Lato Boutique,hotel,35.3411475,25.1375016,Unknown,Unknown
Chania,Amalthia,hotel,35.5188518,23.9337959,Unknown,Unknown
Chania,Vranas Suites,hotel,35.5155894,24.0184898,Unknown,Unknown
Chania,Monte Vardia,hotel,35.5207797,24.0580529,Unknown,Unknown
Chania,Melia Studios,hotel,35.5113478,23.9830242,Unknown,Unknown
Chania,Telchinia hotel,hotel,35.5119931,23.9777112,Unknown,Unknown
Chania,Sorta apartements,hotel,35.5103915,23.9833306,Unknown,Unknown
Chania,Golden Sands,hotel,35.509604,23.9892027,Unknown,Unknown
Chania,Anais Holiday,hotel,35.509191,23.988862,Unknown,Unknown
Chania,Casa Leone,hotel,35.5177393,24.0159073,Unknown,Unknown
Chania,Hotel Alexis,hotel,35.5074451,23.9984894,Unknown,Unknown
Chania,Pension Nora,guest_house,35.5181152,24.0150923,Unknown,Unknown
Chania,Constantino's Studios,guest_house,35.513365,24.0083288,Unknown,Unknown
Chania,Hotel Sissy Village,hotel,35.5307449,24.0749683,Unknown,Unknown
Chania,Ifigenia Rooms and Studios,hotel,35.5175315,24.0155722,Unknown,Unknown
Chania,Hotel Porto del Colombo,hotel,35.5169327,24.0157574,Unknown,Unknown
Chania,Villa Georgia apts&suites,hotel,35.5116263,23.9670971,Unknown,Unknown
Chania,Hotel Kriti,hotel,35.5154578,24.0249562,3,Unknown
Chania,Argo Beach,guest_house,35.517117,24.0247642,Unknown,Unknown
Chania,Room Honeymoon,hotel,35.5166865,24.0154681,Unknown,Unknown
Chania,Vilelmine Hotel,hotel,35.5149184,24.0179305,Unknown,trohalakis@gmail.com
Chania,Porto Veneziano Hotel,hotel,35.518866,24.0228629,Unknown,Unknown
Chania,Alcanea Hotel,hotel,35.5180572,24.0158166,Unknown,Unknown
Chania,Eliros Studios,hotel,35.5091618,23.9530817,Unknown,Unknown
Chania,Oasis,hotel,35.4932395,24.0060522,Unknown,Unknown
Chania,Creta Sun studios,hotel,35.5103706,23.9823888,Unknown,Unknown
Chania,Hotel Tina,hotel,35.5123195,24.022321,Unknown,Unknown
Chania,Fagotto rooms,hotel,35.5178585,24.015419,Unknown,simplychania
Chania,Iason,hotel,35.5180111,24.0153356,Unknown,Unknown
Chania,Porto Antico,hotel,35.5165648,24.0170681,Unknown,Unknown
Chania,ΚΥΔΩΝ,hotel,35.5134831,24.0205157,Unknown,Unknown
Chania,Silde Studios & Apartments,hotel,35.5174856,24.0154958,Unknown,Unknown
Chania,Falassarna Hotel Φαλάσαρνα,hotel,35.5120876,24.006962,Unknown,Unknown
Chania,Unknown,guest_house,35.5116311,24.0162502,Unknown,Unknown
Chania,Sea View Aparthotel,guest_house,35.5089945,23.995293,Unknown,Unknown
Chania,Niriis Hotel,hotel,35.5117709,23.9792296,Unknown,Unknown
Chania,Nostos Hotel,hotel,35.5166932,24.0161959,Unknown,Unknown
Chania,Villa Venezia,hotel,35.5168034,24.0161651,Unknown,Unknown
Chania,Belmondo,hotel,35.516323,24.0174261,Unknown,Unknown
Chania,Casa Delfino,hotel,35.5171148,24.015437,Unknown,Unknown
Chania,Palazzo,hotel,35.5179335,24.0151618,Unknown,Unknown
Chania,Anika Apartment,hotel,35.5139521,24.0070605,Unknown,Unknown
Chania,Arocaria luxe rooms,hotel,35.51598,24.009196,Unknown,Unknown
Chania,Candia Hotel,hotel,35.5146745,24.0088456,Unknown,Unknown
Chania,Evilion Hotel,hotel,35.5121359,23.9491988,Unknown,Unknown
Chania,Hotel Danaos,hotel,35.5137813,24.0069104,Unknown,Unknown
Chania,Hotel Frini,hotel,35.5131977,24.0062102,Unknown,Unknown
Chania,Hotel Pyrgos,hotel,35.535332,24.074404,Unknown,Unknown
Chania,Ideon family Hotel,hotel,35.5155908,24.0102433,Unknown,Unknown
Chania,Katerina,guest_house,35.5133335,24.0063358,Unknown,Unknown
Chania,Klinakis Hotel,hotel,35.512823,24.003443,Unknown,Unknown
Chania,Minos Studios,hotel,35.514298,24.008864,Unknown,Unknown
Chania,Pandohio studios,hotel,35.514578,24.008185,Unknown,Unknown
Chania,Posidonio Hotel,hotel,35.5130871,24.0060639,Unknown,Unknown
Chania,Semeli studios,hotel,35.515867,24.009209,Unknown,Unknown
Chania,Unknown,hotel,35.541477,24.082019,Unknown,Unknown
Chania,Creta Vitalis,hotel,35.550069,24.084364,Unknown,Unknown
Chania,Anniko,hotel,35.5138162,23.9426217,Unknown,Unknown
Chania,Christina Beach,hotel,35.5125959,24.0051,Unknown,Unknown
Chania,Elena Beach,hotel,35.5131766,24.0059691,Unknown,Unknown
Chania,Iro Appartments,guest_house,35.513622,24.0071144,Unknown,Unknown
Chania,To Spiti,guest_house,35.5167647,24.0213147,Unknown,Unknown
Chania,Sirios Village luxury hotel & bungalows,hotel,35.5066132,23.9751492,Unknown,Unknown
Chania,forum suites,hotel,35.5124895,23.9876613,Unknown,Unknown
Chania,Atrion Resort Hotel,hotel,35.5188671,23.927463,Unknown,Unknown
Chania,Talos apartments,hotel,35.5118213,23.9788542,Unknown,Unknown
Chania,Mediterranea Apartmens,hotel,35.5073518,23.9788773,Unknown,Unknown
Chania,Hotel Eλia,hotel,35.5149448,24.0187938,Unknown,Eλia Hotels Group
Chania,Sunrise Apartments,hotel,35.5496629,24.0852046,Unknown,Unknown
Chania,Skamgkas,hotel,35.5812044,24.0873251,Unknown,Unknown
Chania,Skamgkas,hotel,35.5810152,24.0868536,Unknown,Unknown
Chania,Skamagkas,hotel,35.5807583,24.0867269,Unknown,Unknown
Chania,Hotel Flamingos,hotel,35.5117179,23.9783087,Unknown,Unknown
Chania,La Maison Ottomane,hotel,35.5179095,24.0194383,Unknown,Unknown
Chania,Pia Rooms,guest_house,35.5160512,24.0179668,Unknown,Unknown
Chania,Unknown,guest_house,35.5144776,23.9435942,Unknown,Nondas
Chania,El Greco,hotel,35.517715,24.0150846,Unknown,Unknown
Chania,Unknown,hotel,35.5143341,24.0222759,Unknown,Unknown
Chania,Doge,hotel,35.5161211,24.0170095,Unknown,Unknown
Chania,Villa Anastasia Kalamaki,hotel,35.5122125,23.9683526,Unknown,Unknown
Chania,Hotel Elotia,hotel,35.5116681,23.9835263,Unknown,Unknown
Chania,Erofili Apartments,guest_house,35.5188885,23.9212463,Unknown,Unknown
Chania,Georgina Studios & Apts.,guest_house,35.5197326,23.928326,Unknown,Unknown
Chania,Coral,hotel,35.5198321,23.9288275,Unknown,Unknown
Chania,Elia,hotel,35.52012,23.9294765,Unknown,Unknown
Chania,MARiTA'S apartments,guest_house,35.5201204,23.9311984,Unknown,Unknown
Chania,Olga,hotel,35.519203,23.9244947,Unknown,Unknown
Chania,Perla Beach,hotel,35.5198516,23.9312453,Unknown,Unknown
Chania,Theodory,hotel,35.5192714,23.9326205,Unknown,Unknown
Chania,Virgina beach hotel,hotel,35.5193796,23.9263724,Unknown,Unknown
Chania,Evans House,hotel,35.5150657,24.0273189,Unknown,Unknown
Chania,hotel Kedrissos,hotel,35.5077582,23.9971554,Unknown,Unknown
Chania,hotel Kedrissos,hotel,35.5071993,23.9968094,Unknown,Unknown
Chania,Hotel Cretan Dream,hotel,35.5116937,23.9786978,Unknown,Unknown
Chania,Ontas,hotel,35.5180625,24.0234007,Unknown,Unknown
Chania,Nikos apartment,guest_house,35.5162752,24.014593,Unknown,Unknown
Chania,Julies Studios,guest_house,35.5153228,24.0282433,Unknown,Unknown
Chania,Blue Studios,guest_house,35.5156983,24.0281682,Unknown,Unknown
Chania,Unknown,guest_house,35.4651417,24.1180813,Unknown,AirBNB
Chania,Unknown,hotel,35.5094336,23.9436257,Unknown,Unknown
Chania,Captain Vasilis,hotel,35.5175504,24.0157931,Unknown,Unknown
Chania,Unknown,hotel,35.5119569,24.0547974,Unknown,Unknown
Chania,Mosaic urban rooms,hotel,35.5116244,24.0189067,Unknown,Unknown
Chania,Lidia Rooms,guest_house,35.5154075,24.0181397,Unknown,Unknown
Chania,Nikolas Rooms,guest_house,35.5154075,24.0180311,Unknown,Unknown
Chania,Cocoon City Hostel,hostel,35.5121819,24.0137645,Unknown,Unknown
Chania,Chania Rooms,guest_house,35.5156191,24.0170151,Unknown,Unknown
Chania,Anais Suites,hotel,35.5095594,23.9885189,Unknown,Unknown
Chania,Anais summer star,hotel,35.5097356,23.9881315,Unknown,Unknown
Chania,Studios Vasilis,hotel,35.5185696,23.9198393,Unknown,Unknown
Chania,Kiwi Apartments,hotel,35.5121184,23.9811694,Unknown,Unknown
Chania,Unknown,hotel,35.5166792,24.0155857,Unknown,Unknown
Chania,Unknown,hotel,35.5132106,23.9437153,Unknown,Unknown
Chania,Nireas Hotel,hotel,35.5075796,23.9774769,Unknown,Unknown
Chania,Evelyn’s House,guest_house,35.5160721,24.0327678,Unknown,Unknown
Chania,Haris,hotel,35.5188854,23.9203369,Unknown,Unknown
Chania,Magia Apartments,hotel,35.5128958,24.0056879,Unknown,Unknown
Chania,Unknown,hotel,35.5139054,23.9395641,Unknown,Unknown
Chania,Camere Maritima,guest_house,35.5164811,24.0164992,Unknown,Unknown
Chania,Central,hotel,35.5133639,24.0164252,Unknown,Unknown
Chania,Antel Suites,guest_house,35.5125017,24.0168566,Unknown,Unknown
Chania,Katrina Chania Studios & Apartments,hotel,35.5103936,24.0096901,Unknown,Unknown
Chania,Rose Hotel,hotel,35.5128312,23.9480776,Unknown,Unknown
Chania,Rose Hotel,hotel,35.5130367,23.9482365,Unknown,Unknown
Chania,Elia Zampeliou,hotel,35.5165117,24.0166335,Unknown,Eλia Hotels Group
Chania,ΞΝΟΔΟΧΕΙΟΝ ΛΟΥΚΙΑ,hotel,35.5166812,24.0163905,Unknown,Unknown
Chania,Serenissima,hotel,35.5163466,24.0165326,Unknown,Unknown
Chania,Aelios hotel,hotel,35.5168093,24.0152909,Unknown,Unknown
Chania,"Domes Noruz Chania, Autograph Collection",hotel,35.5117418,23.9771242,Unknown,Unknown
Chania,Hera,guest_house,35.5180153,24.0151691,Unknown,Unknown
Chania,Casa Vencta,hotel,35.5179279,24.0150055,Unknown,Unknown
Chania,Talos Rooms,guest_house,35.5172954,24.0153649,Unknown,Unknown
Chania,Casa Latina Rooms,guest_house,35.5171782,24.0154179,Unknown,Unknown
Chania,Elia Rooms,guest_house,35.5154435,24.0160818,Unknown,Unknown
Chania,ENA,hotel,35.5153501,24.0164103,Unknown,Unknown
Chania,SantriVani Rooms,guest_house,35.5159706,24.0170504,Unknown,Unknown
Chania,11 City Rooms,guest_house,35.5160831,24.0170802,Unknown,Unknown
Chania,Unknown,hotel,35.5168806,23.9364716,Unknown,Unknown
Chania,Unknown,guest_house,35.5178064,24.0197966,Unknown,Unknown
Chania,Hamam Suites Sifaka,guest_house,35.5162999,24.0196383,Unknown,Unknown
Chania,Morum,hotel,35.5126735,24.0149642,Unknown,Unknown
Chania,Akali,hotel,35.511545,24.0118048,Unknown,Unknown
Chania,Tasos Seagull Apartments,guest_house,35.5113834,24.0072197,Unknown,Unknown
Chania,Riviera Suites,hotel,35.5185582,24.0226258,Unknown,Unknown
Chania,Nobili,hotel,35.5154613,24.0223118,Unknown,Unknown
Chania,Odos Oneiron,hotel,35.5157218,24.0217429,Unknown,Unknown
Chania,Splanzia,hotel,35.5157767,24.0217132,Unknown,Unknown
Chania,Giorgi's Blue Apartments,hotel,35.551064,24.0806348,Unknown,Unknown
Chania,The Chania hotel,hotel,35.5132602,24.0171943,Unknown,Unknown
Chania,Arkadi hotel,hotel,35.5134232,24.0173016,Unknown,Unknown
Chania,Areti Suites,hotel,35.533554,24.1153263,Unknown,Unknown
Chania,Kyriaki,hotel,35.508783,23.9899668,Unknown,Unknown
Chania,Semiramis suite,hotel,35.5101838,23.9895577,Unknown,Unknown
Chania,Santa Elena Boutique Rooms,guest_house,35.5160279,24.0170754,Unknown,Unknown
Chania,Casa Ntore Luxury Apartments,hotel,35.509447,24.0091241,Unknown,Unknown
Chania,Lena Beach Hotel Restaurant,hotel,35.5522106,24.0849022,Unknown,Unknown
Chania,Hotel Waterlily,hotel,35.5481075,24.0831657,Unknown,Unknown
Chania,Aptera Paradise,hotel,35.4642913,24.1212263,Unknown,Unknown
Chania,Paradise Aptera,hotel,35.4643004,24.1211887,Unknown,Unknown
Chania,Marron lifestyle hotel,hotel,35.5118944,24.0155358,Unknown,Unknown
Chania,Domus Secreto,hotel,35.5168279,24.0158897,Unknown,Unknown
Chania,Domus Renier,hotel,35.5169469,24.0159047,Unknown,Unknown
Chania,Contessa,hotel,35.5172479,24.015839,Unknown,Unknown
Chania,Hotel Amphora,hotel,35.5173554,24.0158169,Unknown,Unknown
Chania,Fivis Pension,hotel,35.5166682,24.0156003,Unknown,Unknown
Chania,Azade,hotel,35.5166573,24.0158283,Unknown,Unknown
Chania,Eλia Daliani,guest_house,35.5152085,24.0201131,Unknown,Eλia Hotels Group
Chania,Hanim,hotel,35.515748,24.0184512,Unknown,Unknown
Chania,Eλia Dorotheou,hotel,35.5156945,24.0186359,Unknown,Eλia Hotels Group
Chania,Kumba Hostel,hostel,35.5122502,24.0309379,Unknown,Unknown
Nafplio,Hotel Frini,hotel,37.5204741,22.8592996,Unknown,Unknown
Nafplio,Zephyros Pension,hotel,37.5251501,22.7307056,Unknown,Unknown
Nafplio,Hotel Tolo,hotel,37.5243338,22.8632386,Unknown,Unknown
Nafplio,Lido Apartment,hotel,37.5244704,22.8618389,Unknown,Unknown
Nafplio,Hotel Mari,hotel,37.5219645,22.861176,Unknown,Unknown
Nafplio,Leto Nuevo,hotel,37.5653239,22.7954028,Unknown,Unknown
Nafplio,Pension Eleni,hotel,37.5653484,22.7947032,Unknown,Unknown
Nafplio,Pension Five Seasons,hotel,37.5653494,22.7949136,Unknown,Unknown
Nafplio,Pension Marianna,hotel,37.5644909,22.798393,Unknown,Unknown
Nafplio,Flisvos Royal,hotel,37.5250837,22.863005,4,Unknown
Nafplio,Flisvos,hotel,37.5245316,22.8633957,3,Unknown
Nafplio,Aris Hotel,hotel,37.5200759,22.8593805,Unknown,Unknown
Nafplio,Hotel Apollon,hotel,37.5226237,22.8605953,Unknown,Unknown
Nafplio,Hotel Artemis,hotel,37.5253175,22.8639278,Unknown,Unknown
Nafplio,Dolphin Hotel,hotel,37.5168919,22.8582119,Unknown,Unknown
Nafplio,Hotel Christina,hotel,37.5254781,22.8640715,Unknown,Unknown
Nafplio,Malenia Hotel,hotel,37.5236849,22.862379,Unknown,Unknown
Nafplio,Hotel Santa Maria,hotel,37.5236623,22.8626584,Unknown,Unknown
Nafplio,Hotel Solon,hotel,37.5256121,22.8644388,Unknown,Unknown
Nafplio,Barbouna,hotel,37.5283002,22.8677507,Unknown,Unknown
Nafplio,Esperia,hotel,37.5272693,22.8658269,Unknown,Unknown
Nafplio,Golden Beach,hotel,37.5278864,22.8669682,Unknown,Unknown
Nafplio,Nelly's,hotel,37.5221563,22.8613403,Unknown,Unknown
Nafplio,Poseidon,hotel,37.5238504,22.8628107,Unknown,Unknown
Nafplio,Aktaion,hotel,37.5157529,22.8574128,Unknown,Unknown
Nafplio,Panorama in Tolo,hotel,37.527446,22.8620984,Unknown,Unknown
Nafplio,Hotel Aris,hotel,37.5185667,22.8585996,Unknown,Unknown
Nafplio,Hotel Romvi,hotel,37.5177844,22.8583761,Unknown,Unknown
Nafplio,Hotel Koronis,hotel,37.5179041,22.8578281,Unknown,Unknown
Nafplio,Nafplio Palace,hotel,37.5645908,22.7945819,Unknown,Unknown
Nafplio,3Sixty°,hotel,37.5666338,22.7973593,Unknown,Unknown
Nafplio,Ανδρομέδα,hotel,37.5665385,22.7976533,Unknown,Unknown
Nafplio,Nafplion 1841,guest_house,37.565439,22.7971955,Unknown,Unknown
Nafplio,Paradise Lost Hotel Apartments,hotel,37.524284,22.8613146,Unknown,Unknown
Nafplio,Ναυπλία,hotel,37.5669502,22.803858,Unknown,Unknown
Nafplio,Έλενα,hotel,37.5661513,22.8037326,Unknown,Unknown
Nafplio,Atheaton Family Hotel,hotel,37.5652054,22.7987349,Unknown,Unknown
Nafplio,Pension Dafni,hotel,37.564502,22.7995422,Unknown,Unknown
Nafplio,Pension Omorfi Poli,hotel,37.5666099,22.7990641,Unknown,Unknown
Nafplio,Αδιάντη,hotel,37.5670587,22.7977738,Unknown,Unknown
Nafplio,Λατίνι,hotel,37.5670699,22.7971087,Unknown,Unknown
Nafplio,Διόσκουροι,hotel,37.5660971,22.7949391,Unknown,Unknown
Nafplio,Porto Assini Hotel,hotel,37.5296154,22.8795787,Unknown,Unknown
Nafplio,Byron,hotel,37.5648846,22.7979254,Unknown,Unknown
Nafplio,Elia Apartments,hotel,37.5983907,22.8310952,Unknown,Unknown
Nafplio,Pension Anapli,hotel,37.5644509,22.7992615,Unknown,Unknown
Nafplio,Ktima Dafnes,hotel,37.5612702,22.8151807,Unknown,Unknown
Nafplio,Klymeni Traditional Homes,hotel,37.5606493,22.8182116,Unknown,Unknown
Nafplio,Anthemion,hotel,37.5626535,22.8174745,Unknown,Unknown
Nafplio,Grimani Pension,hotel,37.5667298,22.80165,Unknown,Unknown
Nafplio,Pension Filyra,hotel,37.5653352,22.7986891,Unknown,Unknown
Nafplio,Porto Assini Apartments,hotel,37.5291718,22.8786793,Unknown,Unknown
Nafplio,Hotel Sofia,hotel,37.5183066,22.8585484,Unknown,Unknown
Nafplio,Pension Aggesina,guest_house,37.5649306,22.800341,Unknown,Unknown
Nafplio,Pension Asimoni,hotel,37.5645019,22.7999398,Unknown,Unknown
Nafplio,Pension Acronafplia,hotel,37.5653437,22.7981844,Unknown,Unknown
Nafplio,Kapodistrias,hotel,37.5651696,22.7975911,Unknown,Unknown
Nafplio,Porto Bello,guest_house,37.5649899,22.7975185,Unknown,Unknown
Nafplio,Aethra Boutique Rooms,guest_house,37.5649823,22.7976385,Unknown,Unknown
Nafplio,Epidavros,hotel,37.5664699,22.7979724,Unknown,Unknown
Nafplio,Daphne Bungalows,hotel,37.5167883,22.8546296,Unknown,Unknown
Nafplio,Il Palazzo,hotel,37.5653777,22.7953512,Unknown,Unknown
Nafplio,Odyssey,guest_house,37.5653937,22.7947648,Unknown,Unknown
Nafplio,Pension Bonne Nuit,hotel,37.565513,22.7941018,Unknown,Unknown
Nafplio,Pension Nikolaos,hotel,37.5655045,22.7940086,Unknown,Unknown
Nafplio,Hotel Ilion,hotel,37.5653249,22.7969754,Unknown,Unknown
Nafplio,Acronafplio,hotel,37.5645817,22.7974195,Unknown,Unknown
Nafplio,Aretousa,hotel,37.5177582,22.8554943,Unknown,Unknown
Nafplio,FILOXENION,hotel,37.5664519,22.80441,Unknown,Unknown
Nafplio,Airbnb,hotel,37.567257,22.8074947,Unknown,Unknown
Nafplio,Rex,hotel,37.5667309,22.8040966,Unknown,Unknown
Nafplio,Kyveli Suites,hotel,37.5667589,22.79807,Unknown,Unknown
Nafplio,Viaros Hotel Apartments,hotel,37.5225619,22.8566104,Unknown,Unknown
Nafplio,Ευδοκία,hotel,37.56711,22.8005534,Unknown,Unknown
Nafplio,Katia's house,guest_house,37.5788877,22.8054522,Unknown,Unknown
Nafplio,Unknown,guest_house,37.5743043,22.8057872,Unknown,Unknown
Nafplio,Leone Guest House,hotel,37.5648802,22.7989042,Unknown,Unknown
Nafplio,KLEONI HOTEL & APARTMENTS,hotel,37.519831,22.8559251,Unknown,Unknown
Nafplio,Unknown,hotel,37.5319842,22.8895242,Unknown,Unknown
Nafplio,Elenas,hotel,37.5258722,22.8640654,Unknown,Unknown
Nafplio,Perivoli,hotel,37.5885752,22.875409,Unknown,Unknown
Nafplio,Dimitrios,guest_house,37.6335511,22.7308435,Unknown,Unknown
Nafplio,Stella,hotel,37.5224248,22.8611501,Unknown,Unknown
Nafplio,Onira,hotel,37.5260315,22.8643043,Unknown,Unknown
Nafplio,Pavlos,hotel,37.5266378,22.8649105,Unknown,Unknown
Nafplio,Angelo,hotel,37.5268026,22.8651305,Unknown,Unknown
Nafplio,Assini Beach Tolo,hotel,37.5248673,22.8636049,Unknown,Unknown
Nafplio,Ammogion,hotel,37.5158243,22.8571686,Unknown,Unknown
Nafplio,Unknown,guest_house,37.5746794,22.7273015,Unknown,Unknown
Nafplio,Allotino Pansion,guest_house,37.565837,22.7986578,Unknown,Unknown
Nafplio,Πολυξένια,hotel,37.5655578,22.8001132,Unknown,Unknown
Nafplio,Unknown,hotel,37.5295862,22.883075,Unknown,Unknown
Nafplio,Dimitris beach house,hotel,37.5313741,22.8892731,Unknown,Unknown
Nafplio,Grande Bretagne,hotel,37.5668221,22.7958873,Unknown,Unknown
Nafplio,Ninemia,guest_house,37.5204569,22.8560945,Unknown,Unknown
Nafplio,Liberty Nafplio,hotel,37.5661917,22.8062535,Unknown,Unknown
Nafplio,Golden Moon Hotel,hotel,37.5160499,22.8579711,Unknown,Unknown
Nafplio,Karayannis Villas,hotel,37.6157478,22.8515339,Unknown,Unknown
Nafplio,Anassia Villas,hotel,37.6126964,22.8491578,Unknown,Unknown
Nafplio,Rigas Pension,hotel,37.5654063,22.7971946,Unknown,Unknown
Nafplio,Ιππολύτη,hotel,37.5663391,22.7951993,Unknown,Unknown
Nafplio,Impero Luxury Suites,hotel,37.5659295,22.7946699,Unknown,Unknown
Nafplio,Alexandros Boutique Hotel,hotel,37.5865875,22.7467335,Unknown,Unknown
Nafplio,Onar Pension,guest_house,37.565174,22.8000973,Unknown,Unknown
Nafplio,Espero Royal Stay,hostel,37.5666679,22.7966529,Unknown,Unknown
Nafplio,ΑιώΝ,hotel,37.5670457,22.7981054,Unknown,Unknown
Nafplio,Palacio Del Sol,guest_house,37.5815993,22.8045069,Unknown,Unknown
Nafplio,Nafplion Villa Artemis,guest_house,37.5342646,22.852971,Unknown,Unknown
Nafplio,Vrachos Κanari,guest_house,37.5236254,22.7337558,Unknown,Unknown
Delphi,Νafsika Palace,hotel,38.4318686,22.4241557,Unknown,Unknown
Delphi,Unknown,guest_house,38.4284618,22.4435093,Unknown,Unknown
Delphi,Unknown,hotel,38.4884382,22.4097807,Unknown,Unknown
Delphi,Hotel Amalia,hotel,38.4813307,22.4901129,Unknown,Unknown
Delphi,Hotel King Iniohos,hotel,38.4814004,22.4912774,Unknown,Unknown
Delphi,Trokadero Hotel,hotel,38.4350917,22.4200008,Unknown,Unknown
Delphi,Hotel Acropole,hotel,38.4781201,22.4944322,Unknown,Unknown
Delphi,Hotel Skamnos,hotel,38.5504082,22.5268285,Unknown,Unknown
Delphi,Tagli Resort & Spa,hotel,38.5049266,22.5527411,Unknown,Unknown
Delphi,Frygias,hotel,38.504532,22.5519364,Unknown,Unknown
Delphi,Likoria,hotel,38.4805302,22.5783866,Unknown,Unknown
Delphi,Galini,hotel,38.4313271,22.4245961,3,Unknown
Delphi,ΦΑΕΘΩΝ,hotel,38.4801963,22.4933773,Unknown,Unknown
Delphi,Hotel Orfeas,hotel,38.4806944,22.4919433,2,Unknown
Delphi,Unknown,hotel,38.4759063,22.4677383,Unknown,Unknown
Delphi,Unknown,hotel,38.477972,22.4954951,Unknown,Unknown
