city,name,type,latitude,longitude,elevation
Athens,Λυκαβηττός,peak,37.9818701,23.7432387,277
Athens,Κορακοβούνι (Β),peak,37.9859201,23.82583,692
Athens,Unknown,peak,37.9178011,23.7726388,562
Athens,Καστέλλα,peak,37.9406488,23.6558891,96.26
Athens,Λόφος Φιλοπάππου,peak,37.9675643,23.7221248,147
Athens,Άρειος Πάγος Aereopago Atene,peak,37.9724088,23.7230956,Unknown
Athens,Unknown,park,38.044664,23.684724,Unknown
Athens,Unknown,peak,38.0458859,23.7190799,Unknown
Athens,Λόφος Καλογήρου,peak,37.9624564,23.789308,374
Athens,Κορακοβούνι,peak,37.9798071,23.8244667,728
Athens,Αιγάλεω Όρος,peak,37.9957081,23.6330315,Unknown
Athens,Λόφος Κυνοσάργους,peak,37.9558911,23.7331777,Unknown
Athens,Αιγάλεω Όρος,peak,37.9772989,23.6174299,Unknown
Athens,Unknown,peak,38.0108896,23.7636346,310
Athens,Unknown,peak,38.0122036,23.7631815,320
Athens,Unknown,peak,38.0134696,23.7638862,305
Athens,Κόρακας,peak,37.9903506,23.8100001,363
Athens,Λόφος Νυμφών,peak,37.9732993,23.7180479,Unknown
Athens,Λόφος Πνύκας,peak,37.9720846,23.7180721,Unknown
Athens,Unknown,peak,38.0244309,23.7681625,Unknown
Athens,Unknown,peak,38.0069583,23.6448311,216
Athens,Unknown,peak,38.0141516,23.7621247,315
Athens,Unknown,peak,38.0086048,23.7630767,308
Athens,Unknown,peak,38.0111149,23.7622211,303
Athens,ΝιεσΚου,park,37.9647765,23.7689848,Unknown
Athens,Unknown,park,37.9843614,23.785388,Unknown
Athens,Μικρό πάρκο Κτελ,park,38.0107504,23.7226409,Unknown
Athens,Unknown,peak,37.9399501,23.77712,474
Athens,Κακόρεμα,peak,37.9497632,23.8007587,738
Athens,Unknown,peak,37.9368195,23.7994893,827
Athens,Unknown,peak,37.9441601,23.7666399,265
Athens,Τηγάνι,peak,37.9272002,23.81622,406
Athens,Κύλλου Πήρα,peak,37.9658403,23.7960199,436
Athens,Unknown,peak,37.9549801,23.73127,130
Athens,Αρδηττός,peak,37.9676301,23.7398399,133
Athens,Unknown,peak,37.9494701,23.76141,261
Athens,Αλεποβούνι,peak,37.9611201,23.7702399,299
Athens,Προφήτης Ηλίας,peak,38.0070101,23.65613,190
Athens,Unknown,peak,38.04725,23.68603,207
Athens,Unknown,peak,38.02851,23.6697799,209
Athens,Ταμπούρι,peak,38.0642201,23.7038599,268
Athens,Κορυδαλλός,peak,37.99484,23.64761,284
Athens,Λόφος Κόκκου,peak,38.0253901,23.76877,304
Athens,Τουρκοβούνια,peak,38.0036701,23.75472,321
Athens,Καψαλώνα,peak,38.0211601,23.62738,332
Athens,Unknown,peak,37.99299,23.63403,371
Athens,Κασκαντάμι,peak,38.02955,23.65304,414
Athens,Κατσικαδάμι,peak,38.0269401,23.6452799,418
Athens,Ζαχαρίτσα,peak,38.0528401,23.67331,452
Athens,Κούκος,peak,37.99711,23.61949,463
Athens,Πάρκο υιοθετημένων δέντρων Γαλατσίου,park,38.0212283,23.766373,Unknown
Athens,Λόφος Γρανικού,peak,37.9507772,23.7664176,Unknown
Athens,Άλσος Φολλερω Ραούλ και Μαγδαληνής,park,37.9901909,23.665323,Unknown
Athens,Άλσος Σταυριάνας,park,38.0265963,23.6694996,Unknown
Athens,Δημοτικό Πάρκο Σκύλων Νέου Ηρακλείου,park,38.0557993,23.773006,Unknown
Athens,Εύζωνας,peak,37.9462643,23.8145152,1026
Athens,Unknown,park,38.0498321,23.7629038,Unknown
Thessaloniki,Ιππικός όμιλος ΚΤΗΜΑ ΔΕΔΑ,park,40.5923251,22.9958197,Unknown
Thessaloniki,Κράνος,peak,40.6387577,22.9942027,422
Thessaloniki,Άρτεμις,peak,40.6389975,23.001241,Unknown
Thessaloniki,Πάρκο Γαλανού,park,40.5879906,23.0363407,Unknown
Thessaloniki,Τούμπα,peak,40.6926117,22.9007096,144
Thessaloniki,Αμύντα,peak,40.7257054,22.9598872,290
Thessaloniki,Σταυρός,peak,40.7113222,22.9949849,392
Thessaloniki,Σκοτωμένος,peak,40.7019334,22.9747486,313
Thessaloniki,Δυο Τούμπες,peak,40.7024085,22.8892222,136
Thessaloniki,Αράπη Λόφος,peak,40.729197,22.934614,281
Thessaloniki,Τούμπα Πολίχνης,peak,40.6772743,22.9419351,87
Thessaloniki,Μαύρος Λόφος (Καρά Τεπέ),peak,40.6455126,22.9808526,Unknown
Thessaloniki,Καρατάσιου,park,40.675575,22.9464484,Unknown
Thessaloniki,Προφήτης Ηλίας,peak,40.6359447,23.0520615,737
Thessaloniki,Unknown,peak,40.68743,22.9089045,107
Thessaloniki,220,peak,40.6907552,22.9765302,Unknown
Thessaloniki,268,peak,40.6791143,22.9700721,Unknown
Thessaloniki,Τούζλα,peak,40.6225702,23.0357111,497
Thessaloniki,Κορυδαλλός,peak,40.6338261,23.0209756,497
Thessaloniki,Κωνσταντίνος,peak,40.6281757,23.0322821,539
Thessaloniki,Άγιος Παντελεήμων,peak,40.6176722,23.0338776,464
Thessaloniki,Πολύζος,peak,40.6240522,23.0534727,563
Thessaloniki,Πάρκο Προποντίδος,park,40.5863709,22.9587351,Unknown
Thessaloniki,Κόκκινος Λόφος,peak,40.7027407,22.961604,223
Thessaloniki,Μαύρη Πέτρα,peak,40.6775444,22.985919,400
Thessaloniki,Τραπέζι,peak,40.6844677,22.9798879,245
Thessaloniki,Unknown,peak,40.6603951,22.9654196,222
Thessaloniki,Ακρόπολη,peak,40.6447259,22.9624521,191
Thessaloniki,Πτηνοτροφεία (κορυφή),peak,40.7021851,22.941,134
Thessaloniki,Unknown,peak,40.6845689,22.9710675,213
Thessaloniki,Εικονοστάσι,peak,40.6682689,23.0037491,460
Thessaloniki,Κρυσταλλένια,peak,40.6647164,23.0090589,502
Thessaloniki,Μαύρη Πέτρα,peak,40.6919487,22.9273478,81
Thessaloniki,Λαγουδάκι,peak,40.7064651,22.933733,156
Thessaloniki,Λαγοκορυφή,peak,40.681487,22.9231944,91
Thessaloniki,Ξερή Ρεματιά,peak,40.7156873,22.9350668,193
Santorini,Προφήτης Ηλίας,peak,36.3680873,25.4637178,567
Santorini,Σκάρος,peak,36.4324405,25.4182193,Unknown
Santorini,Unknown,peak,36.3566258,25.359384,Unknown
Santorini,Unknown,peak,36.455987,25.4221812,Unknown
Santorini,Unknown,peak,36.4656203,25.4090351,Unknown
Santorini,Unknown,peak,36.3662247,25.4524419,Unknown
Santorini,Unknown,peak,36.3469098,25.4395045,Unknown
Santorini,Unknown,peak,36.3544904,25.3815825,Unknown
Santorini,Unknown,peak,36.3580956,25.3900477,Unknown
Santorini,Μέσα Βουνό,peak,36.3634989,25.4781513,365
Santorini,Unknown,peak,36.3586523,25.3893579,210
Santorini,Unknown,peak,36.4074008,25.4790063,Unknown
Mykonos,Κύνθος,peak,37.3947876,25.2736198,112
Mykonos,Unknown,peak,37.4202039,25.2228214,136
Mykonos,Unknown,peak,37.3867162,25.2494311,80
Mykonos,Γκαμήλα,peak,37.4075841,25.2699031,Unknown
Rhodes,Φιλέρημος,peak,36.3993365,28.144846,266.00
Rhodes,Unknown,peak,36.3645938,28.1688693,255
Rhodes,Χάρακας,peak,36.3815369,28.2235591,144
Rhodes,Unknown,peak,36.4034308,28.2068823,106
Rhodes,Unknown,peak,36.4082279,28.2082326,113
Rhodes,Unknown,peak,36.4042459,28.1871813,100
Rhodes,Unknown,peak,36.4113315,28.2084744,111
Rhodes,Unknown,peak,36.3988518,28.1883868,146
Rhodes,Unknown,peak,36.4055974,28.1710101,67
Rhodes,Unknown,peak,36.4029104,28.1646732,96
Rhodes,Unknown,peak,36.4008373,28.1691617,81
Rhodes,Unknown,peak,36.4089907,28.1473354,56
Rhodes,Unknown,peak,36.409063,28.1436333,52
Rhodes,Unknown,peak,36.4085895,28.1433681,52
Rhodes,Unknown,peak,36.4079835,28.1366644,93
Rhodes,Unknown,peak,36.4021775,28.13038,92
Rhodes,Unknown,peak,36.4120502,28.18259,92
Rhodes,Unknown,peak,36.4090183,28.1889076,130
Rhodes,Unknown,peak,36.3801865,28.212311,141
Rhodes,Unknown,peak,36.3802915,28.2169172,140
Rhodes,Unknown,peak,36.3820542,28.2301719,124
Rhodes,Unknown,peak,36.3682337,28.2089965,105
Rhodes,Unknown,peak,36.3672965,28.2011957,110
Rhodes,Unknown,peak,36.3576659,28.2013956,117
Rhodes,Unknown,peak,36.3585924,28.2037291,116
Rhodes,Unknown,peak,36.3844985,28.1635143,150
Rhodes,Unknown,peak,36.3810886,28.1671365,142
Rhodes,Unknown,peak,36.3833013,28.1562366,176
Rhodes,Unknown,peak,36.3806749,28.1537648,184
Rhodes,Unknown,peak,36.3782764,28.1492175,133
Rhodes,Unknown,peak,36.3732962,28.1405448,125
Rhodes,Unknown,peak,36.3657902,28.1914816,108
Rhodes,Unknown,peak,36.3627577,28.1911034,81
Rhodes,Unknown,peak,36.36237,28.1878767,88
Rhodes,Unknown,peak,36.3561707,28.1826839,87
Corfu,Unknown,peak,39.6900337,19.9936255,47
Corfu,Unknown,peak,39.6991338,19.9870511,61
Corfu,Unknown,peak,39.69523,19.9842285,23
Corfu,Unknown,peak,39.6883738,19.9896941,13
Corfu,Unknown,peak,39.5975165,19.8147755,170
Corfu,Unknown,peak,39.5816719,19.8264152,180
Corfu,Unknown,peak,39.5789514,19.8294407,180
Corfu,Unknown,peak,39.5698722,19.8390105,245
Corfu,Unknown,peak,39.5609884,19.848043,270
Corfu,Unknown,peak,39.553136,19.8605055,250
Corfu,Unknown,peak,39.5489513,19.8765942,545
Corfu,Unknown,peak,39.5471478,19.8801133,555
Corfu,Unknown,peak,39.5498429,19.8809074,576
Heraklion,Freelancers Spot,park,35.3384239,25.1419461,Unknown
Heraklion,Καπετανάκειο,park,35.337066,25.139043,Unknown
Chania,Unknown,peak,35.5391094,23.9298228,240
Chania,Unknown,peak,35.4597038,24.0029353,355
Chania,Unknown,peak,35.5128972,24.0624294,210
Chania,Unknown,peak,35.5049633,24.0464362,115
Chania,Unknown,peak,35.5177318,24.0767939,205
Chania,Unknown,peak,35.4950505,23.9648665,105
Chania,Unknown,peak,35.4892201,23.9343587,215
Chania,Unknown,peak,35.490654,23.9426313,155
Chania,Unknown,peak,35.452867,23.9695654,460
Chania,Unknown,peak,35.4509209,23.9772015,525
Chania,Unknown,peak,35.4503114,23.9806395,515
Chania,Unknown,peak,35.4470208,23.9926216,480
Chania,Καμπιά,peak,35.4432025,23.987629,485
Chania,Unknown,peak,35.4434423,24.0008749,425
Chania,Unknown,peak,35.4451623,23.9991798,430
Chania,Unknown,peak,35.4430722,23.9729576,530
Chania,Unknown,peak,35.4449241,23.9576337,370
Chania,Πάρκο Μόρφου,park,35.51139,24.0434384,Unknown
Chania,Κεφάλες,peak,35.4493556,24.0041119,Unknown
Chania,Μάνδρα,peak,35.4561821,23.9803378,Unknown
Nafplio,Unknown,peak,37.5985303,22.815704,Unknown
Nafplio,Unknown,peak,37.5192792,22.8503797,Unknown
Nafplio,Unknown,peak,37.5084461,22.8579371,Unknown
Nafplio,Unknown,peak,37.5121641,22.865686,Unknown
Nafplio,Ακροναυπλία,peak,37.564586,22.7950759,80
Nafplio,Παλαμήδι,peak,37.5621982,22.8033803,216
Nafplio,Unknown,peak,37.5820745,22.8114619,98
Nafplio,Ποντίνος,peak,37.5540825,22.7105734,Unknown
Nafplio,Τσακάλι,peak,37.5302361,22.8490628,Unknown
Nafplio,Μακρυβούνι,peak,37.5646019,22.8701785,Unknown
Nafplio,Μακρύ Λιθάρι,peak,37.6247992,22.8702675,Unknown
Nafplio,Ευαγγελίστρια,peak,37.5626357,22.8138394,60
Nafplio,Unknown,peak,37.5749603,22.8295401,Unknown
Delphi,Unknown,peak,38.5359143,22.5655014,1770
Delphi,Unknown,peak,38.5483338,22.5590641,1610
Delphi,Unknown,peak,38.5441047,22.5733978,1830
Delphi,Unknown,peak,38.5258428,22.5695354,1690
Delphi,Unknown,peak,38.5142253,22.5915081,1880
Delphi,Πετρίτης 1923,peak,38.503412,22.6042968,1890
Delphi,Unknown,peak,38.4920596,22.5155479,1200
Delphi,Πατσιαντάρας 1290,peak,38.4928658,22.5372631,1280
Delphi,Unknown,peak,38.505024,22.5353748,1120
Delphi,Βίγλες,peak,38.5085838,22.5209552,1190
Delphi,Unknown,peak,38.5136209,22.5527126,1200
Delphi,Άνθιμος 1274μ,peak,38.4308334,22.582925,1270
Delphi,Unknown,peak,38.4358339,22.5986964,1160
Delphi,Unknown,peak,38.4356742,22.4883396,890
Delphi,Unknown,peak,38.4117357,22.5340015,770
Delphi,Unknown,peak,38.5681312,22.4737295,1400
Delphi,Unknown,peak,38.5689364,22.4907239,1330
Delphi,Unknown,peak,38.5614871,22.5384458,1500
Delphi,Unknown,peak,38.5484658,22.4587091,1190
Delphi,Μαυροκαλή,peak,38.5456464,22.5126108,1490
Delphi,Καλανόραχη 1588μ,peak,38.5377918,22.5034269,1580
Delphi,Unknown,peak,38.548063,22.4789651,1480
Delphi,Unknown,peak,38.5650441,22.5093492,1380
Delphi,Unknown,peak,38.5584213,22.5421445,1560
Delphi,Άγιος Αθανάσιος,peak,38.4196768,22.4220295,Unknown
Delphi,MoKa honey stories tour,park,38.4514045,22.4292989,Unknown
