city,place_id,name,rating,address,latitude,longitude,types
Athens,ChIJDzL9chm9oRQRNB4foGCsPWc,Areopagus Hill,4.8,"Theorias 21, Athina",37.9723655,23.72323219999999,"tourist_attraction, point_of_interest, establishment"
Athens,ChIJk5fOqBe9oRQRCXBBOMHU3TU,Choragic Monument of Lysicrates,4.5,"Epimenidou 3, Athina",37.9710881,23.7299467,"tourist_attraction, point_of_interest, establishment"
Athens,ChIJ4eRGPxe9oRQRPAoBLGq0D7A,Acropolis Museum,4.7,"Dionysiou Areopagitou 15, Athina",37.96844989999999,23.7285227,"tourist_attraction, museum, point_of_interest, establishment"
Athens,ChIJ86z1Nxi9oRQR9g3r9ULAl1w,Acropolis of Athens,4.8,Athens,37.9715323,23.7257492,"tourist_attraction, point_of_interest, establishment"
Athens,ChIJYe45yhm9oRQRGKJ4uHmgPxs,Parthenon,4.8,Athens,37.9715285,23.7267166,"tourist_attraction, landmark, point_of_interest, establishment"
Athens,ChIJkyqJcoO8oRQRdr8uEymL2Gs,Allou! Fun Park,4.1,"Λεωφ. Κηφισού, Petrou Ralli και, Agios Ioannis Rentis",37.9734033,23.6728639,"amusement_park, tourist_attraction, point_of_interest, establishment"
Athens,ChIJi_3FvzO9oRQRtILLqjSdogI,National Archaeological Museum,4.6,"28is Oktovriou 44, Athina",37.98902289999999,23.7327599,"tourist_attraction, museum, point_of_interest, establishment"
Athens,ChIJG1SzMhi9oRQR76kcDAdeWDE,The Porch of the Caryatids,5,Athens,37.9720244,23.726438,"tourist_attraction, point_of_interest, establishment"
Athens,ChIJdV48s0C9oRQRcDJK4TBpks8,Benaki Museum,4.7,"Koumpari 1, Athina",37.975952,23.740446,"museum, tourist_attraction, point_of_interest, establishment"
Athens,ChIJk78O7iq9oRQRw_L5PdMFeoY,Stoa of Attalos - Museum of the Ancient Agora,4.8,"Adrianou 24, Athina",37.975158,23.7242252,"tourist_attraction, museum, point_of_interest, establishment"
Athens,ChIJd6z1Nxi9oRQRjVvXVUjhrY8,Temple of Athena Nike,4.8,"Acropolis, Διονυσίου Αρεοπαγίτου, Αθήνα",37.9715524,23.7249035,"tourist_attraction, place_of_worship, point_of_interest, establishment"
Athens,ChIJKWScmxa9oRQRVULpHyK7GVU,Temple of Olympian Zeus,4.5,Athens,37.9693,23.7331,"tourist_attraction, point_of_interest, establishment"
Athens,ChIJ1WE1WBe9oRQRzBV-sc-G3Rw,Theatre of Dionysus Eleuthereus,4.7,"Mitseon 25, Athina",37.9703339,23.7278097,"tourist_attraction, point_of_interest, establishment"
Athens,ChIJW5E8oSK9oRQR3pfUO4r2hLg,Roman Forum of Athens (Roman Agora),4.5,"Polignotou 3, Athina",37.9742491,23.7260951,"tourist_attraction, point_of_interest, establishment"
Athens,ChIJ6Y5bWfuXoRQRGWYeqENaY1c,Benaki Museum - Yannis Papas Studio,4.7,"Anakreontos 38, Athina",37.9757251,23.7696064,"museum, tourist_attraction, point_of_interest, establishment"
Athens,ChIJ4ULauGueoRQR7Yu4Td6dYMA,Temple of Hephaestus,4.8,Athens,37.97559500000001,23.7214521,"tourist_attraction, point_of_interest, establishment"
Athens,ChIJMYSRbTm9oRQRCs6BjJ4QD-w,Holy Catholic Cathedral of Saint Denis the Areopagite,4.7,"Panepistimiou 24, Athina",37.9790747,23.7345353,"tourist_attraction, church, place_of_worship, point_of_interest, establishment"
Athens,ChIJSRaOpkajoRQR3SjSzrwP-wA,Peristeri Park,4.7,"Agiou Vasiliou 63, Peristeri",38.0169181,23.6860893,"park, tourist_attraction, point_of_interest, establishment"
Athens,ChIJYRK_3mq9oRQRRrCuJb-4Sqc,Panathenaic Stadium,4.7,"Leoforos Vasileos Konstantinou, Athina",37.96833419999999,23.7411118,"stadium, tourist_attraction, point_of_interest, establishment"
Athens,ChIJeWj57mm9oRQRjBeBz16nocQ,Pangrati Grove,4.1,"Pagkrati, Άλσος, Athina",37.9689594,23.7463826,"park, tourist_attraction, point_of_interest, establishment"
Athens,ChIJd8m-H2CioRQREus_8KjYczY,Probona park,4.5,"Eratonos 2, Athina",38.0311813,23.7409022,"park, tourist_attraction, point_of_interest, establishment"
Athens,ChIJq2-nTj-9oRQRNcfT2vInnQI,B. & M. Theocharakis Foundation for the Fine Arts & Music,4.6,"Βασιλίσσης Σοφίας 9 &, Merlin 1, Athina",37.97626209999999,23.7383388,"tourist_attraction, museum, point_of_interest, establishment"
Athens,ChIJS6LvQNKYoRQRp-jX1zLmyZE,Natural History Museum of Marousi Municipality,4.6,"Kairi, Marousi",38.0429067,23.8262722,"museum, tourist_attraction, point_of_interest, establishment"
Athens,ChIJY8jHtCK9oRQRGWdQR8igRhQ,Pandora Art Gallery,4.4,"Adrianou 70, Athina",37.9748164,23.7275333,"art_gallery, tourist_attraction, point_of_interest, establishment"
Athens,ChIJnaHAjxC8oRQRnqiZ1dE2514,Museum Ship Averof,4.8,"Marina Flisvos, Trokadero, Paleo Faliro",37.933751,23.6838885,"tourist_attraction, museum, point_of_interest, establishment"
Athens,ChIJm1TWaEyXoRQR7az7vAK6djw,Vorres Museum,4.7,"Diadochou Konstantinou 1, Peania",37.9530964,23.8476039,"museum, tourist_attraction, point_of_interest, establishment"
Athens,ChIJ3WUUTN-eoRQRwsniSZAfbG8,Drossinis Museum,4.6,"Διομήδους Κυριακου, Agion Theodoron και, Kifisia",38.07117529999999,23.8118704,"museum, tourist_attraction, point_of_interest, establishment"
Athens,ChIJC0V9SES8oRQRBSZd7vXfjlc,Faros Tyflon Ellados,4.8,"Αθηνάς 17, Kallithea",37.9459582,23.7000204,"tourist_attraction, point_of_interest, establishment"
Athens,ChIJpXv5AnGioRQRMKisbDz3TiI,Church of Agios Georgios,4.6,"Patriarchou Ioakim 2, Nea Ionia",38.0404589,23.75488989999999,"tourist_attraction, church, place_of_worship, point_of_interest, establishment"
Athens,ChIJ5XeF8-e7oRQRgm3ptX4mupk,Terpsitheas square,4,"Mpoumpoulinas 28, Pireas",37.9399862,23.6446039,"tourist_attraction, park, point_of_interest, establishment"
Athens,ChIJAfx7Uj29oRQRqa0Nmtv-kgs,"Museum of Greek Folk Musical Instruments ""Fivos Anoyanakis"" - Centre for Ethnomusicology",4.6,"Diogenous 1-3, Athina",37.9744531,23.7276917,"museum, tourist_attraction, point_of_interest, establishment"
Athens,ChIJX_IKp2q9oRQR6y_yKJmMX4w,Basil & Elise Goulandris Foundation,4.9,"Eratosthenous 13, Athina",37.96969199999999,23.7428456,"tourist_attraction, museum, point_of_interest, establishment"
Athens,ChIJ4bw77jO9oRQRt2wgeXDhZLk,Numismatic Museum of Athens,4.6,"Ιλίου Μέλαθρον, Ελ. Βενιζέλου, Panepistimiou 12, 10671, Athina",37.9778122,23.7353316,"museum, tourist_attraction, point_of_interest, establishment"
Athens,ChIJp5p8bSG9oRQRR0zaewNxT8E,Modern Ceramics Study Center,4.8,"Melidoni 4, Athina",37.97846369999999,23.7202955,"museum, tourist_attraction, point_of_interest, establishment"
Athens,ChIJ5-XTzxC9oRQRI0dAIM35Uao,Eleni Marneri Gallery,4.8,"Pittakou 8, Athina",37.9711586,23.7323118,"jewelry_store, tourist_attraction, art_gallery, store, point_of_interest, establishment"
Athens,ChIJuSlcgzu9oRQRG7XDSEaevWM,Μουσείο της Πόλεως των Αθηνών – Ίδρυμα Βούρου-Ευταξία,4.4,"loannou Paparrigopoulou 5-7, Athina",37.9788754,23.7315648,"tourist_attraction, museum, point_of_interest, establishment"
Athens,ChIJc9St4CW9oRQRrd5izb-NheI,Rebecca Camhi gallery,4.5,"Leonidou 9, Athina",37.9837121,23.7220032,"art_gallery, tourist_attraction, point_of_interest, establishment"
Athens,ChIJb8eC0tA4XBMRxjLmT1AqYZI,Clio Muse Tours,3.9,"Evripidou 14, Athina",37.979743,23.7287439,"tourist_attraction, travel_agency, point_of_interest, establishment"
Athens,ChIJJ-o6Hze9oRQRDbHiyVCdR78,Navarinou,4.3,"Zoodochou Pigis 26, Athina",37.9842039,23.7352974,"park, tourist_attraction, point_of_interest, establishment"
Athens,ChIJ3XXvzju9oRQRdtzpbwPEW-Q,Korai 4 | Memorial Site 1941-1944,4.7,"Korai 4, Athina",37.9799579,23.7326957,"tourist_attraction, museum, point_of_interest, establishment"
Athens,ChIJryNBpiO9oRQRuVn6C1zsiDc,Little Kook,4.3,"Karaiskaki 17, Athina",37.97772,23.7242868,"tourist_attraction, bakery, cafe, store, point_of_interest, food, establishment"
Athens,ChIJWx0WByO9oRQR05hJflCDbmA,Limba,4.5,"Pittaki 6, Athina",37.9772774,23.7247259,"tourist_attraction, point_of_interest, establishment"
Athens,ChIJE8HiGia9oRQRHiHI0PJ6Tac,"Mazi Travel & Events | Tαξιδιωτικό Γραφείο, Αθήνα",4.5,"Ippokratous 58, Athina",37.9837461,23.7377194,"travel_agency, tourist_attraction, point_of_interest, establishment"
Athens,ChIJZaciVjK9oRQRNm3nnVFEC1Y,Victoria Square,3.6,Athens,37.993168,23.7297211,"park, tourist_attraction, point_of_interest, establishment"
Athens,ChIJh3kJ9SK9oRQRyF2qMdo0KUI,Ancient Agora of Athens,4.7,Athens,37.974897,23.7220933,"tourist_attraction, museum, point_of_interest, establishment"
Athens,ChIJa0Q_jji9oRQRE-IO_yY_Tk8,Gallery 7,4.5,"Solonos 20, Athina",37.97840609999999,23.7384788,"art_gallery, tourist_attraction, point_of_interest, establishment"
Athens,ChIJ43RIbBi9oRQRg92gOesXEI8,"""Man and Tools"" - Museum of Modern Greek Culture",4.3,"Panos 22, Athina",37.9733043,23.7258127,"museum, tourist_attraction, point_of_interest, establishment"
Athens,ChIJJ1bMvzi9oRQRDjWaZuG6FvE,Museum of Ancient Greek Technology Kotsanas,4.8,"Pindarou 6, Athina",37.9776852,23.7381924,"museum, tourist_attraction, point_of_interest, establishment"
Athens,ChIJlwGg3T69oRQRQvI-Av79lsQ,Monument to the Unknown Soldier,4.7,"Leoforos Vasilisis Amalias 133, Athina",37.97535750000001,23.7362604,"tourist_attraction, point_of_interest, establishment"
Athens,ChIJ5Q3cKxi9oRQROC3X86ZSvyA,Temple of Rome & Augustus,4.7,"Anafiotika 11, Athina",37.97165949999999,23.7273232,"tourist_attraction, point_of_interest, establishment"
Athens,ChIJFYyHyke9oRQRgXQTxsAfS1Y,S G Art Gallery,4.5,"Kleomenous 2, Athina",37.9791835,23.7423448,"art_gallery, tourist_attraction, point_of_interest, establishment"
Athens,ChIJH4Sa2BW9oRQRFh42opPY4WA,Estatua de lord Byron,4.7,"Leoforos Vasilissis Olgas 1, Athina",37.9708254,23.7335768,"tourist_attraction, point_of_interest, establishment"
Athens,ChIJ9y8lHxy9oRQRoTlp7RlUaxI,Holy Church of Saint Demetrios Loumbardiaris,4.8,Athens,37.9700615,23.7202861,"tourist_attraction, church, place_of_worship, point_of_interest, establishment"
Athens,ChIJvajx9CO9oRQR05bSBSXrSOs,Athens Walks,4.9,"Athanasiou Diakou 16, Athina",37.9682556,23.7309545,"tourist_attraction, travel_agency, point_of_interest, establishment"
Athens,ChIJV3-IVUC9oRQRfnqlPJZxY5o,Hellenic Children’s Museum (HCM),4.5,"Vasileos Georgiou B 19, Athina",37.9734322,23.7442271,"tourist_attraction, museum, point_of_interest, establishment"
Athens,ChIJ20h5cRS9oRQRbCDGJVIskFA,Temple of Artemis Agrotera,3.7,"Ardittou 24, Athina",37.9675553,23.7354171,"tourist_attraction, point_of_interest, establishment"
Athens,ChIJI0B0TeG8oRQRmXEm0zZqrjg,Benaki Museum / Mentis Spinning - Antonopoulos (NH.MA.),4.6,"Polifimou 6, Athina",37.97323009999999,23.709899,"museum, tourist_attraction, store, point_of_interest, establishment"
Athens,ChIJN5rc3QC9oRQRUoahH-JYvsY,Al-Salam Mosque,4.5,"Galaxia 9, Athina",37.95748529999999,23.7202533,"mosque, tourist_attraction, place_of_worship, point_of_interest, establishment"
Athens,ChIJsSxG_6eioRQRyauTIEtoChs,Kapaps Park,4.4,"Trifillias 77, Athina",37.9964978,23.763122,"park, tourist_attraction, point_of_interest, establishment"
Athens,ChIJ1dhHuoq8oRQRP22LLT_Tlrs,Hellenic Cosmos Cultural Center (Museum & Theater complex),4.7,"Pireos 254, Tavros",37.9629099,23.6912298,"museum, tourist_attraction, point_of_interest, establishment"
Thessaloniki,ChIJV7rX5U44qBQROp_AVgN38yc,Heptapyrgion of Thessaloniki,4.6,"Επταπύργιο, Επταπυργίου 40, Θεσσαλονίκη",40.64400490000001,22.9617748,"tourist_attraction, point_of_interest, establishment"
Thessaloniki,ChIJ71pQf6g5qBQRPOKRE-IEj88,Hamza Bey Mosque (Alcazar),4.3,"Egnatia 49, Thessaloniki",40.6374258,22.9417283,"tourist_attraction, point_of_interest, establishment"
Thessaloniki,ChIJiTHTulM4qBQRrAsHHFdervQ,Ataturk Museum of Thessaloniki,4.7,"Apostolou Pavlou 17, Thessaloniki",40.6357483,22.9543541,"tourist_attraction, museum, point_of_interest, establishment"
Thessaloniki,ChIJacxIJa85qBQRFi10gJ0wGO8,White Tower of Thessaloniki,4.7,Thessaloniki,40.62644629999999,22.9484257,"tourist_attraction, museum, point_of_interest, establishment"
Thessaloniki,ChIJA4GPZu0_qBQR5va6PqX3ou8,Regency Casino Thessaloniki,4,"12Klm National Road Thessaloniki Airport 12 Χλμ. Εθ.Οδού, Ethniki Odos Aerodromiou Thessalonikis, Thessaloniki",40.5258387,22.9894596,"casino, tourist_attraction, bar, restaurant, point_of_interest, food, establishment"
Thessaloniki,ChIJMSSAKqk5qBQRTWSgt7WaK8E,Kapani Market,4.4,"Vlali, Thessaloniki",40.6357227,22.9428507,"tourist_attraction, point_of_interest, establishment"
Thessaloniki,ChIJOd-1Z8A5qBQRM5uINhPctKI,MOMus-Museum of Modern Art - Kostaki Collection,4.6,"Μονή Λαζαριστών, Kolokotroni 21, Thessaloniki",40.6581105,22.9315634,"tourist_attraction, museum, point_of_interest, establishment"
Thessaloniki,ChIJ5dh2L8A5qBQRQ-vvr-b_dro,Lazaristes Monastery,4.6,"Kolokotroni 25 - 27, Stavroupoli",40.6584486,22.9308357,"tourist_attraction, point_of_interest, establishment"
Thessaloniki,ChIJMSSAKqk5qBQRqz0IL2wmxec,Latomos Monastery - Holy Church of Hosios David,4.8,"Epimenidou 17, Thessaloniki",40.6417,22.9522164,"tourist_attraction, church, place_of_worship, point_of_interest, establishment"
Thessaloniki,ChIJczzOYQk5qBQRpZR3JFGSeBI,Thessaloniki Cinema Museum & Cinematheque,4.5,"Warehouse A Pier A, Thessaloniki",40.633097,22.935719,"museum, movie_theater, tourist_attraction, point_of_interest, establishment"
Thessaloniki,ChIJGclzquE4qBQREjtFDU5m3XM,Yeni Mosque of Thessaloniki,4.5,"Archeologikou Mousiou 30, Thessaloniki",40.61541059999999,22.9567127,"tourist_attraction, museum, point_of_interest, establishment"
Thessaloniki,ChIJiZfaVVM4qBQRiWVSh4VWUU8,Archaeological Museum of Thessaloniki,4.7,"Manoli Andronikou 6, Thessaloniki",40.6255365,22.9537021,"tourist_attraction, museum, point_of_interest, establishment"
Thessaloniki,ChIJ-Reub6w5qBQRdwKGT65xYSU,Aladja Imaret (Ishak Pasha Mosque),4.2,"Kassandrou 91-93, Thessaloniki",40.6392212,22.9496453,"tourist_attraction, point_of_interest, establishment"
Thessaloniki,ChIJJx0RgAg5qBQRa1_gYh4o45k,Telloglou House,4.5,"Aristotelous Square 2, Thessaloniki",40.6328536,22.9415671,"tourist_attraction, museum, point_of_interest, establishment"
Thessaloniki,ChIJuYaEhFE4qBQR9Jhu6gWzg4w,Pasha’s Gardens,4.4,Thessaloniki,40.63827149999999,22.9597702,"tourist_attraction, park, point_of_interest, establishment"
Thessaloniki,ChIJmaoDIuM4qBQRkqTxzYwinq0,Αμφιθέατρο «Στέφανος Δραγούμης»,4.7,"Leoforos Stratou 2, Thessaloniki",40.6243189,22.95489659999999,"tourist_attraction, point_of_interest, establishment"
Thessaloniki,ChIJd43_xvk4qBQRTaFl6O3JWZs,Olympic Museum of Thessaloniki,4.5,"Leoforos 3is Septemvriou, Thessaloniki",40.6274199,22.964159,"museum, tourist_attraction, point_of_interest, establishment"
Thessaloniki,ChIJt0UpviA5qBQR8BA0Zhjf4ZI,Folklife & Ethnological Museum of Macedonia & Thrace (Villa Giacomo Modiano),4.4,"Βασιλίσσης Όλγας 68, Filippou Nikoglou 1, Thessaloniki",40.6101414,22.9520484,"tourist_attraction, museum, point_of_interest, establishment"
Thessaloniki,ChIJ_Y8eFOw4qBQRs5aD0b9hWwQ,Children's Museum of Thessaloniki,4.5,"Kleanthous 57, Thessaloniki",40.61557730000001,22.97254449999999,"museum, tourist_attraction, point_of_interest, establishment"
Thessaloniki,ChIJMSSAKqk5qBQRwssZ-H1wH6M,Arch of Galerius,4.6,"Egnatia 144, Thessaloniki",40.6322237,22.9517511,"tourist_attraction, point_of_interest, establishment"
Thessaloniki,ChIJHfwMfgFAqBQRVEkPA9mKm5g,Anel Honey Park,4.8,"17ο χλμ, Aftokinitodromos Thessalonikis Neon Moudanion, Neo Risio",40.50876900000001,23.0069015,"tourist_attraction, store, point_of_interest, establishment"
Thessaloniki,ChIJiWodOQc5qBQRZGkE_j9rvSk,Holy Church of Hagia Sophia,4.7,"Agias Sofias, Thessaloniki",40.6328094,22.9469536,"tourist_attraction, church, place_of_worship, point_of_interest, establishment"
Thessaloniki,ChIJMSSAKqk5qBQR2EgsTwoMHRw,Agora Modiano,4.3,"Ερμού 24 και, Vasileos Irakleiou 33, Thessaloniki",40.63520109999999,22.9420649,"tourist_attraction, point_of_interest, establishment"
Thessaloniki,ChIJ1WFSVak5qBQRq2qyhmVr25o,"Holy Church of Saint Demetrius, Patron Saint of Thessalonica",4.9,"Agiou Dimitriou 81-83, Thessaloniki",40.6388887,22.9476111,"tourist_attraction, church, place_of_worship, point_of_interest, establishment"
Thessaloniki,ChIJvz6ZIuM4qBQR1YIlrzCJKM4,Museum of Byzantine Civilization,4.6,"Leoforos Stratou 2, Thessaloniki",40.6239358,22.9551444,"museum, tourist_attraction, point_of_interest, establishment"
Thessaloniki,ChIJvZRxKwg5qBQRD-hbrVWConU,Jewish Museum of Thessaloniki,4.5,"Agiou Mina 11, Thessaloniki",40.6352181,22.9395067,"tourist_attraction, museum, point_of_interest, establishment"
Thessaloniki,ChIJt0R1OwA5qBQRxixuTGQMSec,MOMus-Macedonian Museum of Contemporary Art,4.5,"Egnatia 154 Εγνατίας 154 εντός ΔΕΘ-Helexpo, Thessaloniki",40.6272764,22.9546533,"museum, tourist_attraction, point_of_interest, establishment"
Thessaloniki,ChIJz4i6VgA5qBQR8uS5nQItEx4,Rotunda,4.6,"Platia Agiou Georgiou Rotonta 5, Thessaloniki",40.63334579999999,22.9528544,"tourist_attraction, point_of_interest, establishment"
Thessaloniki,ChIJYcdDDNY4qBQRSJoNRt5rNxI,Municipal Art Gallery,4.6,"Λεωφόρος Βασιλίσσης Όλγας 182 και, Themistokli Sofouli, Thessaloniki",40.5964561,22.9558145,"tourist_attraction, museum, point_of_interest, establishment"
Thessaloniki,ChIJSVVUOAc5qBQRQ4uP-DeFI8Y,Agia Sofia Square,4.6,"Ermou 77, Thessaloniki",40.63335439999999,22.94592189999999,"tourist_attraction, point_of_interest, establishment"
Thessaloniki,ChIJv69jeSk5qBQR2Uq721w-r7g,MOMus-Μουσείο Φωτογραφίας Θεσσαλονίκης / Thessaloniki Museum of Photography,4.6,"Αποθήκη Α' , Λιμάνι Θεσσαλονίκης Warehouse A', Port of, Thessaloniki",40.6328741,22.9354793,"tourist_attraction, museum, point_of_interest, establishment"
Thessaloniki,ChIJk-KHUQA5qBQRERGVDvRWJFI,Πλατεία Αριστοτέλους Θεσσαλονίκη,N/A,Thessaloniki,40.6400629,22.9444191,"tourist_attraction, point_of_interest, establishment"
Thessaloniki,ChIJyef4aAA5qBQRJWd1K85D_Ao,Punkt 1,N/A,"Agiou Dimitriou 73-63, Thessaloniki",40.639528,22.9454523,"tourist_attraction, point_of_interest, establishment"
Thessaloniki,ChIJvxCLPKk5qBQRjGhoNHE13B4,Museum of the Roman Forum of Thessaloniki,4.4,"Οδοί Φιλίππου, Τ.Κ. 54646, Olympou, Thessaloniki",40.63833,22.9455207,"tourist_attraction, museum, point_of_interest, establishment"
Thessaloniki,ChIJNZQk-nE5qBQRfTMpJTii954,SEIKILO Museum of Ancient Music / LUTHIEROS,5,"Filippou 5, Thessaloniki",40.63931660000001,22.9419658,"museum, tourist_attraction, store, point_of_interest, establishment"
Thessaloniki,ChIJCyymqag5qBQRDQgppFb_CDE,Monasteriotes Synagogue,4.5,"Siggrou 35, Thessaloniki",40.6396805,22.9417763,"synagogue, tourist_attraction, place_of_worship, point_of_interest, establishment"
Thessaloniki,ChIJN3sEbKk5qBQRdzsoK_u6o_8,Roman Forum of Thessaloniki,4.6,"Olympou 75, Thessaloniki",40.6378581,22.9456779,"tourist_attraction, museum, church, place_of_worship, point_of_interest, establishment"
Thessaloniki,ChIJnzymrak5qBQRHzgoFKo6gSk,Ancient Agora Square,4.5,"Olympou 75, Thessaloniki",40.6378365,22.9458589,"tourist_attraction, point_of_interest, establishment"
Thessaloniki,ChIJVax64qU5qBQRm8fp9GE_i7A,Late Archaic Temple of Aphrodite,3.7,"Καραολή και Δημητρίου Των Κυπρίων 32, Adigonidon 38, Thessaloniki",40.6403582,22.9406507,"tourist_attraction, point_of_interest, establishment"
Thessaloniki,ChIJIwlptq85qBQRQJui9dfIcsg,Holy Church of Saint Catherine,4.8,"Σαχτούρη, Ious 2, Thessaloniki",40.6431512,22.9442986,"tourist_attraction, church, place_of_worship, point_of_interest, establishment"
Thessaloniki,ChIJkcAuMtw5qBQRZpV_l4bq33E,Lobby Boy Mural,4,"Rempelou 1, Thessaloniki",40.6378373,22.9415434,"tourist_attraction, point_of_interest, establishment"
Thessaloniki,ChIJ16rG0q05qBQR2wsMn6qoOpo,Holy Church of Elijah the Prophet,4.7,"Ολυμπιάδος 53, Thessaloniki",40.6409469,22.948562,"tourist_attraction, church, place_of_worship, point_of_interest, establishment"
Thessaloniki,ChIJ24uVEag5qBQRftcvwww8i_o,Church of Panagia Chalkeon,4.7,"Chalkeon 2, Thessaloniki",40.63675660000001,22.9436374,"tourist_attraction, church, place_of_worship, point_of_interest, establishment"
Thessaloniki,ChIJLR_MTKg5qBQRJlaIO4U8fI4,Archaia Agora Square,4.2,"Egnatia 78, Thessaloniki",40.63628499999999,22.9445828,"tourist_attraction, park, point_of_interest, establishment"
Thessaloniki,ChIJKWvVsqk5qBQRSW34k0fSrrE,Statue of Eleftherios Venizelos,4.5,"Egnatia 78, Thessaloniki",40.63615569999999,22.9444078,"tourist_attraction, point_of_interest, establishment"
Thessaloniki,ChIJoe_13ac5qBQRRS4VdyJ1zzo,Bezesteni Ottoman Market,4.4,"Dionisiou Solomou 20, Thessaloniki",40.6366002,22.9411805,"tourist_attraction, point_of_interest, establishment"
Thessaloniki,ChIJmXlByKk5qBQRNM5ie8QRDoI,Bey Hamam (Paradise Baths),4.4,"Egnatia 84, Thessaloniki",40.63580659999999,22.9450102,"tourist_attraction, spa, point_of_interest, establishment"
Thessaloniki,ChIJC1QSzLE5qBQRfKozX-cn94I,Μουσείο Προσφύγων,4.5,"Evrou 49, Sikies",40.6451273,22.9448998,"museum, tourist_attraction, point_of_interest, establishment"
Thessaloniki,ChIJH3e7Eqc5qBQRZk4j1NUDTWM,Holy Cathedral of the Immaculate Conception of the Mother of God,4.7,"Fragkon 19, Thessaloniki",40.63737209999999,22.9383971,"tourist_attraction, church, place_of_worship, point_of_interest, establishment"
Thessaloniki,ChIJj8nv1ak5qBQRQhv47MxCseI,Athonos Square,4.4,"Kastritsiou 7, Thessaloniki",40.6346525,22.9449205,"tourist_attraction, point_of_interest, establishment"
Thessaloniki,ChIJw9LLHqo5qBQRxHFIMG-blYM,Holy Church of the Virgin Mary Acheiropoietos,4.8,"Agias Sofias, Thessaloniki",40.6349947,22.9478639,"tourist_attraction, church, place_of_worship, point_of_interest, establishment"
Thessaloniki,ChIJPTSYJwg5qBQR5FZO2rApjvc,"Holy Church of Saints Menas, Victor and Vincent",4.8,"Ionos Dragoumi 10, Thessaloniki",40.6357413,22.9393112,"tourist_attraction, church, place_of_worship, point_of_interest, establishment"
Thessaloniki,ChIJCZT7kLg5qBQRRTs020k0eeE,Città antica di Tessalonica,4.5,"Mpoumpoulinas 23, Thessaloniki",40.64252029999999,22.9513826,"tourist_attraction, point_of_interest, establishment"
Thessaloniki,ChIJP81eDwg5qBQRkpVoDXXHPEU,Louloudadika,4.5,"Vasileos Irakleiou 26, Thessaloniki",40.634778,22.9411835,"tourist_attraction, point_of_interest, establishment"
Thessaloniki,ChIJ_Ub_F6Q5qBQRHmWNVKAXqPU,Paşa Hammam (Phoenix Baths),4.3,"Panagioti Karatza, Thessaloniki",40.64167179999999,22.9369764,"tourist_attraction, point_of_interest, establishment"
Thessaloniki,ChIJ9231RKQ5qBQRjRxHy_2iTEw,Holy Church of the Holy Apostles,4.8,"Olympou 1, Thessaloniki",40.6427521,22.9374763,"tourist_attraction, church, place_of_worship, point_of_interest, establishment"
Thessaloniki,ChIJQ1yK1Qk5qBQRGn-73XiEyrM,Commerce Square,4.4,"Agiou Mina 1, Thessaloniki",40.6359728,22.9383816,"park, tourist_attraction, point_of_interest, establishment"
Thessaloniki,ChIJ-Unsjhc5qBQRbafsOOCBvXw,Cinema Paradiso Mural,4.5,"Viktoros Ougko 3, Thessaloniki",40.6364746,22.9376427,"tourist_attraction, point_of_interest, establishment"
Thessaloniki,ChIJjYRSxaw5qBQR1hUe6-J4Sfc,Byzantine Bath of Thessaloniki,4.6,"Θεοτοκοπούλου, Κρίσπου, Χρυσοστόμου, Φιλοκτήτου &, Thessaloniki",40.63958840000001,22.9527856,"tourist_attraction, point_of_interest, establishment"
Thessaloniki,ChIJB-EvBAA5qBQRBmaTqX4EpHQ,Zarzonis,5,"Ainoy 5, Thessaloniki",40.6448802,22.950074,"tourist_attraction, point_of_interest, establishment"
Santorini,ChIJnc9kfSPOmRQRLP6sJU1An0Q,Panagia Episkopi,4.6,Santorini,36.3775073,25.4640512,"tourist_attraction, church, place_of_worship, point_of_interest, establishment"
Santorini,ChIJ_T0FN4DLmRQRn7YAj_OwvKs,The Virgin Mary of the Akathist Hymn Church,4.6,Santorini,36.4621025,25.3762292,"tourist_attraction, church, place_of_worship, point_of_interest, establishment"
Santorini,ChIJ5xoba2rPmRQR-8qpNnWSnRM,Akrotiri,4.4,Fira,36.3517952,25.403447,"tourist_attraction, point_of_interest, establishment"
Santorini,ChIJD8Ll3xfOmRQRDhaOcljaawQ,Estate Argyros,4.7,Episkopi Gonias,36.3830929,25.4647308,"tourist_attraction, point_of_interest, food, establishment"
Santorini,ChIJ-Zrj09PNmRQRhKqrS9MCuDU,"""Emmanuel A. Lignos"" Santorini Folklore Museum",4.7,"Kontochori, Κοντοχώρι-Φηρά, Thira",36.4229764,25.4341553,"tourist_attraction, museum, point_of_interest, establishment"
Santorini,ChIJu-BSKtLNmRQRK-1cpPEyB6A,Archaeological Museum of Thera,3.8,"Erithrou Stavrou, Thira",36.4201126,25.4310486,"tourist_attraction, museum, point_of_interest, establishment"
Santorini,ChIJvx4muFk0mBQR8xtg3oehXNM,Hatzidakis Winery,4.7,"Kallisti, Pyrgos, Thira, 84701, Santorini",36.3711519,25.4393696,"tourist_attraction, point_of_interest, food, establishment"
Santorini,ChIJldSN4HLOmRQR0wlYlzoh2Lk,"Argyros Mansion ""Αρχοντικό Αργυρού""",4.4,Mesaria,36.3985681,25.4482456,"museum, tourist_attraction, point_of_interest, establishment"
Santorini,ChIJybpBwBbOmRQRPHOOLv-1NOY,Artemis Karamolegos,4.7,Exo Gonia,36.3883511,25.4636568,"tourist_attraction, point_of_interest, food, establishment"
Santorini,ChIJ5YMrxW_OmRQRk0po0X3EDuM,Canava Santorini,4.8,"Mesaria, Thira",36.39743000000001,25.439873,"museum, tourist_attraction, restaurant, point_of_interest, food, establishment"
Santorini,ChIJD4aUaC7OmRQRNIW3ioImEH4,Ιερά Μόνη Προφήτου Ηλίου Θήρας,4.6,"Eparchiaki Odos Pirgou Kallistis - Profiti Ilia 10, Pirgos Kallistis",36.36843820000001,25.4636081,"tourist_attraction, place_of_worship, point_of_interest, establishment"
Santorini,ChIJTy6LeFnOmRQRkX31v9sqMWo,Venetsanos Winery,4.5,"Caldera Megalochori, Santorini Island",36.3823401,25.4315203,"tourist_attraction, point_of_interest, food, establishment"
Santorini,ChIJGcr3atHNmRQRO_ZoN_ZLsZk,Bellonio Cultural Center,4.6,Fira,36.4161459,25.4331945,"tourist_attraction, point_of_interest, establishment"
Santorini,ChIJNUlY7M3NmRQRz_k3bXKdtkY,Megaro Gizi,4.4,"25is Martiou 405, Thira",36.4207585,25.4309551,"museum, tourist_attraction, point_of_interest, establishment"
Santorini,ChIJO4EhGgDPmRQRfgimJPYXuFM,Boutari Winery Santorini,4.6,"Μεγαλοχώρι, Μεγαλοχώρι, Σαντορίνη",36.3705287,25.4249634,"tourist_attraction, bar, point_of_interest, food, establishment"
Santorini,ChIJe-zbsYTPmRQR2eZNiPygeK8,Santorini Arts Factory,4.6,Vlichada,36.3390657,25.4327735,"museum, tourist_attraction, point_of_interest, establishment"
Santorini,ChIJSWbLVdnRmRQR02BT9swY-6Y,Ancient Thera,4.6,Santorini,36.3635718,25.4778475,"tourist_attraction, museum, point_of_interest, establishment"
Santorini,ChIJFbhZ3F7OmRQReOlBpwauSzg,Santo Wines,4.5,Pyrgos Kallistis,36.387564,25.436746,"tourist_attraction, point_of_interest, food, establishment"
Santorini,ChIJEYqz8NLNmRQRQA2rGP-CQXY,Museum of Prehistoric Thera,4.5,Fira,36.4167947,25.4326851,"tourist_attraction, museum, point_of_interest, establishment"
Santorini,ChIJo1Djz2zOmRQRtq2vFa14VtU,Santorini Wine Museum,4.7,"Βόθωνας, Vothonas",36.39671920000001,25.4601443,"museum, tourist_attraction, point_of_interest, food, establishment"
Santorini,ChIJW7PqMADPmRQRI0fAkxvBgR0,Stadtmauer Aussichtspunkt,N/A,Pyrgos Kallistis,36.38378340000001,25.4508333,"tourist_attraction, point_of_interest, establishment"
Santorini,ChIJX6smmD_OmRQRtKbnenzfRXQ,Collection of Icons and Ecclesiastical Heirlooms of Agia Triada at Pyrgos of Thera,3.8,"Eparchiaki Odos Pirgou Kallistis - Profiti Ilia 2, Pirgos Kallistis",36.3834987,25.45087359999999,"museum, tourist_attraction, point_of_interest, establishment"
Santorini,ChIJe5CoxnTOmRQRa29Czffvgng,S.M.A.G Spira Marble Art Gallery,4.9,Mesaria,36.4027342,25.4485789,"tourist_attraction, museum, point_of_interest, establishment"
Santorini,ChIJp_ppTADPmRQRWChAU6CgteU,Milk - The Cat,4.9,"9CMX+3Q, Pyrgos Kallistis",36.3826686,25.4493932,"tourist_attraction, point_of_interest, establishment"
Santorini,ChIJE4rZaQDPmRQRf_MqZjCPyho,The greedy cat,5,Pyrgos Kallistis,36.383038,25.4478176,"tourist_attraction, point_of_interest, establishment"
Santorini,ChIJuZd4OgDPmRQR9GFqNCC8Z70,Petit Palace Photo Point,4.7,"9CRQ+VH, Mesaria",36.39227,25.4389283,"tourist_attraction, point_of_interest, establishment"
Santorini,ChIJxwtdmPDRmRQRvv2sLef21bU,Gaia Wines,4.6,"Θέση Βραχειές, Έξω Γωνιά, Perivolia",36.3913453,25.4857922,"tourist_attraction, food, point_of_interest, establishment"
Santorini,ChIJe7uCepzRmRQRaSFszY_d5k4,Simply Santorini Tours,5,Kamari,36.3770358,25.4770744,"tourist_attraction, point_of_interest, establishment"
Santorini,ChIJ3-mvHOfRmRQR-q-H1qmsQiA,Agios Nektarios Church,4.6,Kamari,36.3803152,25.4816171,"tourist_attraction, church, place_of_worship, point_of_interest, establishment"
Santorini,ChIJpeSCrgLRmRQR3UBiq-5eTeU,BLACK TRAILS SANTORINI OFF ROAD EXPERIENCE,5,Kamari,36.3774158,25.4802528,"tourist_attraction, point_of_interest, establishment"
Santorini,ChIJVbhKGn7RmRQRMHrx7-mD9mU,Lifeguard Station,5,Kamari,36.3807724,25.4872751,"tourist_attraction, point_of_interest, establishment"
Santorini,ChIJETOmXi7OmRQRbYI6fm9R1jM,Περιοχή με θέα,5,Greece,36.3687596,25.4640916,"tourist_attraction, point_of_interest, establishment"
Santorini,ChIJk5cVpHHRmRQRGIQps4Xq6Fc,BekaMaxi travel,3,"Βασιλέως Φιλίππου, Kamari",36.3755722,25.4829661,"travel_agency, tourist_attraction, point_of_interest, establishment"
Santorini,ChIJe-u1AunPmRQRL17Za5iKuww,Santorini Cats,4.9,Órmos Athiniós,36.3857421,25.42981619999999,"tourist_attraction, point_of_interest, establishment"
Santorini,ChIJjR0LBLDPmRQRHIUf1fY5J3k,Anydro Tour,5,"Επαρ.Οδ. Φηρών-Όρμου, Μεγαλοχώρι",36.3784137,25.432993,"tourist_attraction, point_of_interest, establishment"
Santorini,ChIJg-ub-RDNmRQRWd0vOdi8S6M,Santorini travel,5,Fira,36.4132726,25.4383157,"travel_agency, tourist_attraction, real_estate_agency, lodging, point_of_interest, establishment"
Santorini,ChIJh7N-L1_OmRQRThugTr0oBNA,Athinios Ferry Port,3.8,Órmos Athiniós,36.386129,25.4284147,"tourist_attraction, point_of_interest, establishment"
Santorini,ChIJvQaVYNHNmRQRnTTw3Q5p3m0,Sunset of Santorini,4.7,"Mitropoleos Street, Thira",36.4167976,25.4315982,"tourist_attraction, point_of_interest, establishment"
Santorini,ChIJXwa12dPNmRQRTirxciUOQzQ,Metropolitan Church of Ypapanti Thira,4.6,"Ipapantis, Thira",36.4169422,25.4316957,"tourist_attraction, church, place_of_worship, point_of_interest, establishment"
Santorini,ChIJaWsP8dPNmRQR58BEWY_ehEM,Saint Mina’s Orthodox Church,4.9,"Agiou Mina, Thira",36.41613359999999,25.4306017,"tourist_attraction, church, place_of_worship, point_of_interest, establishment"
Santorini,ChIJf5yTRQDNmRQR5Be4MoL62n8,I love Santorini,5,Fira,36.4172438,25.4319243,"tourist_attraction, point_of_interest, establishment"
Santorini,ChIJ02k2ftHNmRQRFAMDZswWRE4,MATI Art Gallery Fira,4.6,"Orthodox Cathedral Plateau, Ipapantis, Thira",36.417108,25.43161899999999,"art_gallery, tourist_attraction, point_of_interest, establishment"
Santorini,ChIJE_Ph1tPNmRQROJMlkemuXTk,AK Art Gallery | AK Asimis Kolaitou Art Galleries,4.1,"Ipapantis, Thira",36.41720600000001,25.431635,"art_gallery, tourist_attraction, point_of_interest, establishment"
Santorini,ChIJ98Pl2dPNmRQRnqsJj99xhHk,Fira Theotokopoulos Main Square,4.6,"Ipapantis 307, Thira",36.418103,25.4324494,"tourist_attraction, point_of_interest, establishment"
Santorini,ChIJPandXerPmRQRfo-0cwV_fGE,Καρδιά Σαντορίνης,4.7,"9CFF+4G, Fira",36.3757991,25.4244262,"tourist_attraction, point_of_interest, establishment"
Santorini,ChIJb9EqOP_OmRQR84THvlb_KZw,Chapel of Agios Nikolaos,4.9,Megalochori,36.3756868,25.4243109,"tourist_attraction, church, place_of_worship, point_of_interest, establishment"
Santorini,ChIJE3q_NADNmRQRD9JJEEuqVEQ,Mickey’s and Minnie’s viewpoint,N/A,"Ipapantis 10, Thira",36.41854859999999,25.4310422,"tourist_attraction, point_of_interest, establishment"
Santorini,ChIJq_1IHQDNmRQR16ut99gJaBE,Tortoise’s AV Set,4,"25is Martiou 25, Thira",36.4198965,25.43249029999999,"tourist_attraction, point_of_interest, establishment"
Santorini,ChIJP0f0FdLNmRQRhmjXcRd7uMY,Santozeum,4,"Agiou Mina, Thira",36.4191673,25.430705,"tourist_attraction, museum, point_of_interest, establishment"
Santorini,ChIJMa5-JHXNmRQRJZkKDnEZags,Jeannette House of Art,4.8,"Ipapantis, Thira",36.4194868,25.43112069999999,"art_gallery, tourist_attraction, painter, store, point_of_interest, establishment"
Santorini,ChIJ47NyGwDNmRQRsaH-vH8hQQU,Best Free Panorama Santorini,5,"Ipapantis 10, Thira",36.4198064,25.4308702,"tourist_attraction, point_of_interest, establishment"
Santorini,ChIJzc4VjBLNmRQRneOwz_wr6Fw,Panoramic View Fira,4.8,"Right next to cable car, Thira",36.4201075,25.4303526,"tourist_attraction, point_of_interest, establishment"
Santorini,ChIJ8-koKZvNmRQR8AXBIQbYqRw,Karavolades Stairs,3.2,Unnamed Road,36.4185754,25.4278773,"tourist_attraction, point_of_interest, establishment"
Santorini,ChIJL_fHKQDNmRQR9OqVDMEY5vU,Street art,N/A,Fira,36.4205147,25.4301862,"tourist_attraction, point_of_interest, establishment"
Santorini,ChIJ08O9JjTPmRQR_rSxD30SrEg,Perissa Beach,4.5,"Αγγελικής, Perissa",36.357086,25.4758105,"tourist_attraction, point_of_interest, establishment"
Santorini,ChIJ4-SWwDvNmRQR4aXDPPyyzqM,Λουκέτα της αγάπης,5,Fira,36.4215274,25.4291925,"tourist_attraction, point_of_interest, establishment"
Santorini,ChIJE3n4bgDNmRQRaJe_ZvLHm3s,Three bells Church iconic view point,5,"CCFH+9C, Fira",36.4233824,25.4285555,"tourist_attraction, point_of_interest, establishment"
Santorini,ChIJP6sDXqLNmRQRRDGNU9Qt2wA,Sunset Fira,4.8,Fira,36.4233479,25.4281904,"tourist_attraction, point_of_interest, establishment"
Santorini,ChIJcc_POQDNmRQRGUvo1SstopI,Boat Remnants,5,"1, Belvedere St, Thira",36.423936,25.4281287,"tourist_attraction, point_of_interest, establishment"
Santorini,ChIJkfKAQwDNmRQRPrvf51reDbY,Sunset View,N/A,"Firostefani, Thira",36.42515600000001,25.4290795,"tourist_attraction, point_of_interest, establishment"
Mykonos,ChIJNYe1d6e_ohQRFLiXqEIgYKQ,hotel spanelis,4.6,"Tagoo Area, Mikonos",37.45645580000001,25.3300099,"tourist_attraction, lodging, point_of_interest, establishment"
Mykonos,ChIJN39oW76-ohQRAgMZj5TEgM4,Paradise Beach,4.2,"Καλαμοπόδι, Μύκονος",37.4102851,25.3559518,"tourist_attraction, point_of_interest, establishment"
Mykonos,ChIJZTTStBCWohQRpVS_WE3fLHA,Archaeological Site of Delos,4.6,Delos,37.398929,25.2651134,"tourist_attraction, point_of_interest, establishment"
Mykonos,ChIJE4Btm6m_ohQR0X7bGtsaLzQ,RARITY GALLERY,4.6,"Kalogera 20 - 22, Mikonos",37.4459765,25.3283786,"art_gallery, tourist_attraction, point_of_interest, establishment"
Mykonos,ChIJw2j8f564ohQRt4f1bZa7NUE,Mykonos Vioma Organic Farm,4.7,"Maou Doubakia, PO 844, Ano Mera",37.4593947,25.4081366,"tourist_attraction, point_of_interest, establishment"
Mykonos,ChIJ22TzgSi5ohQR5XRgwFeCc-U,GoDive Mykonos Diving Scuba PADI Center at Lia beach,4.8,"Lia Beach, Mykonos",37.4448103,25.4354642,"tourist_attraction, health, travel_agency, school, point_of_interest, establishment"
Mykonos,ChIJWVj4o6m_ohQRnMyKC3KMnR4,Mykonos VIP Underwater Activities,N/A,"Agias Kiriakis, Mikonos",37.446731,25.3286115,"tourist_attraction, point_of_interest, establishment"
Mykonos,ChIJN1GOr6m_ohQR8k3XUkOYbl0,Agia Kyriaki Church,4.7,Mykonos,37.4470341,25.3288248,"tourist_attraction, church, place_of_worship, point_of_interest, establishment"
Mykonos,ChIJVdY5s6m_ohQRm0MEFlM_cUw,Manto Mavrogenous Statue,4.6,"Florou Zouganeli, Mikonos",37.4474986,25.3292108,"tourist_attraction, point_of_interest, establishment"
Mykonos,ChIJzd1fGwC_ohQRZ4SIhzOXVUk,Rememberable shrine,5,"Panachrantou 11-13, Mikonos",37.4453661,25.3293503,"tourist_attraction, point_of_interest, establishment"
Mykonos,ChIJHVjEgKm_ohQRd2Aq2zQGfH0,Lena's House Folk Museum,4.6,"Enoplon Dinameon, Mikonos",37.4453016,25.3284564,"tourist_attraction, museum, point_of_interest, establishment"
Mykonos,ChIJGZBOn6m_ohQR-41vOdkSYTs,Agricultural Museum- Mylos tou Boni,4.8,Greece,37.4466134,25.3308048,"tourist_attraction, museum, point_of_interest, establishment"
Mykonos,ChIJjRE-16m_ohQRZNVavPJdm1M,Boni's Windmill,4.5,Mykonos,37.4466197,25.3308136,"museum, tourist_attraction, point_of_interest, establishment"
Mykonos,ChIJqxbrSiaUohQRcbIW3qF1ZDc,Church of Agios Nikolaos of Kadena,4.7,Mykonos,37.4475081,25.3271553,"tourist_attraction, church, place_of_worship, point_of_interest, establishment"
Mykonos,ChIJf6fjYwC_ohQRadP4w6heEgY,Mykonos Observation Deck,5,"Mylos Kokkinou, Mikonos",37.446236,25.3313019,"tourist_attraction, point_of_interest, establishment"
Mykonos,ChIJAxtIdQC_ohQRVl34UBkB66c,Agiou ioanni square,5,"Little Venice, Μύκονος",37.4468705,25.3261804,"tourist_attraction, point_of_interest, establishment"
Mykonos,ChIJOeCfKny_ohQRFvcMmHCm2GE,View of Alefkandra (Little Venice),4.7,ALEFKANDRA Μύκονος Χώρα,37.4453848,25.3260488,"tourist_attraction, point_of_interest, establishment"
Mykonos,ChIJi4r-MKm_ohQRZzqwIKDNKeM,Mykonos Folklore Museum,4.6,"Κάστρο Μυκονος, Μύκονος",37.4474447,25.3255457,"tourist_attraction, museum, point_of_interest, establishment"
Mykonos,ChIJXSYCXwC_ohQRhLAonxvHI24,Panorama,5,"Agiou Ioannou 17, Mikonos",37.4445223,25.3310223,"tourist_attraction, point_of_interest, establishment"
Mykonos,ChIJARD2MBy_ohQRLllXYlr5ubk,Panorama Windmill,4.8,"Mykonos Town, Ag. Antonios (Myloi - Venice, Mikonos",37.4447588,25.3262236,"tourist_attraction, point_of_interest, establishment"
Mykonos,ChIJ_5gNZAC_ohQRJeMllMndeLc,Mikonos,5,Mykonos,37.44465799999999,25.3262531,"tourist_attraction, point_of_interest, establishment"
Mykonos,ChIJt2mz36e_ohQRmF1ws4-6Czs,Archaeological Museum of Mykonos,4.3,"Μουσείο, Χώρα Μυκόνου, Mikonos",37.4499721,25.3294408,"tourist_attraction, museum, point_of_interest, establishment"
Mykonos,ChIJP_fDbwC_ohQRzQbH1JpFaAc,Garos Mykonos,4.3,F83J+4R,37.4527628,25.33207909999999,"tourist_attraction, point_of_interest, establishment"
Mykonos,ChIJ5wYkIAC_ohQRYCVelkQ0-EY,Cute Donkey,5,DRAFAKI,37.43547599999999,25.33822099999999,"tourist_attraction, point_of_interest, establishment"
Mykonos,ChIJNyLDMwC_ohQRMfEpH3XOKf4,Mykonos,N/A,Mykonos,37.4621162,25.3310361,"tourist_attraction, point_of_interest, establishment"
Mykonos,ChIJkcvmGA-_ohQR1jb08ltTwsk,Ornos Beach,4.3,"C8FF+FF, Ornos",37.422572,25.3233442,"tourist_attraction, point_of_interest, establishment"
Mykonos,ChIJwXFO_I2_ohQRrSC687LKutg,Chic & Simple House,4,"Houlakia, Mikonos",37.47959869999999,25.3187978,"tourist_attraction, lodging, point_of_interest, establishment"
Mykonos,ChIJKe_sUwDBohQRKQXAdS15MsY,Surat Thani,N/A,"F9P6+HX, Mykonos",37.4860274,25.3629027,"tourist_attraction, point_of_interest, establishment"
Mykonos,ChIJF1kMOLi4ohQRHP4ImrKr3A4,Monastery of Tourliani,4.5,Ano Mera,37.4475041,25.3918719,"tourist_attraction, place_of_worship, point_of_interest, establishment"
Mykonos,ChIJR8ff8xaWohQRH-xsrA_nQhM,Ancient Theatre of Delos,4.7,Delos,37.3969715,25.2680598,"tourist_attraction, point_of_interest, establishment"
Rhodes,ChIJdWL3UelhlRQRJrakROLKqF0,Medieval Clock Tower,4.5,"Apollonion 11, Rodos",36.4442564,28.2238394,"tourist_attraction, point_of_interest, establishment"
Rhodes,ChIJvWVAledhlRQR_2jmgEadHb8,Rhodes Windmills,4.6,Rhodes,36.4490864,28.2279496,"tourist_attraction, point_of_interest, establishment"
Rhodes,ChIJU-KVhJ1klRQRwkxsmhLrra0,Filerimos Monastery,4.5,"Φερενίκης 14, Ialisos",36.3989308,28.1444886,"tourist_attraction, place_of_worship, point_of_interest, establishment"
Rhodes,ChIJI5sidOhhlRQRgfmhbJGNP4E,Rhodes Day Sailing Excursions | Sail in Greece,5,"Mandraki Harbour, Rodos",36.447514,28.227481,"tourist_attraction, point_of_interest, establishment"
Rhodes,ChIJzSZbpelhlRQRvZkWwxmHTs0,Archaeological Museum of Rhodes,4.5,"Akti Sachtouri 8, Rodos",36.4447685,28.2271707,"tourist_attraction, museum, point_of_interest, establishment"
Rhodes,ChIJY5ng7eNhlRQRPpq6_CUIhFM,Elli Beach,4.4,Rhodes,36.4536481,28.2241814,"tourist_attraction, point_of_interest, establishment"
Rhodes,ChIJE73XfuRhlRQRlfvpQAbptTQ,Modern Greek Art Museum of Rhodes - Nestoridion Melathron,4.3,"Plateia Gavriil Charitou, Rodos",36.4543189,28.22076969999999,"tourist_attraction, museum, point_of_interest, establishment"
Rhodes,ChIJgYrBVOJhlRQR4gbSvvCDPlk,Aquarium of Rhodes - Hydrobiological Station HCMR,3.8,"Enydreiou Sq, Ρόδος",36.457114,28.2207278,"aquarium, tourist_attraction, museum, point_of_interest, establishment"
Rhodes,ChIJ-9lKX_pjlRQRkgb66NBoLjg,Cultural and Geological Palace Rhodes,4.7,"Βρεττάκου 17, Σγουρού",36.39326390000001,28.1961402,"tourist_attraction, museum, point_of_interest, establishment"
Rhodes,ChIJR4yxdothlRQRwIN29DsOl5g,Acropolis of Rhodes,4.2,"Diagoridon 68, Rodos",36.4399129,28.2106839,"tourist_attraction, point_of_interest, establishment"
Rhodes,ChIJ7T60ce5klRQRa02R95AEH_U,Bee Museum of Rhodes,4.6,"Επαρ.Οδ. Καλυθιές-Παστίδας, Ρόδος 851 06, Ρόδος 851 06, Rodos",36.3734025,28.1453145,"museum, tourist_attraction, cafe, grocery_or_supermarket, store, point_of_interest, food, establishment"
Rhodes,ChIJlajohelhlRQRN1CCGpS6omg,Palace of the Grand Master of the Knights of Rhodes,4.6,"Ippoton, Rodos",36.4458754,28.2241493,"tourist_attraction, point_of_interest, establishment"
Rhodes,ChIJMZgI1qNmlRQRnSiPlQZXrCY,WaterPark,4.5,"Athanaton, Ρόδος",36.3643742,28.2122937,"tourist_attraction, amusement_park, point_of_interest, establishment"
Rhodes,ChIJYZ9qAo5hlRQR_D61yCRMflU,Kolymbia Sky,5,"Kolymbia, Rodos",36.43496309999999,28.2174829,"tourist_attraction, point_of_interest, establishment"
Rhodes,ChIJbxv5FWNhlRQR2S0DevlxlO0,Μνημείο τον γλάρος,N/A,"ул.Калимну, Rodos",36.4340533,28.2176379,"tourist_attraction, point_of_interest, establishment"
Rhodes,ChIJXe1EqLNhlRQRZfdF2-EOkEE,Το βενετσιάνικο συντριβάνι,5,"пл.Элефтериас, Rodos",36.4340533,28.2176379,"tourist_attraction, point_of_interest, establishment"
Rhodes,ChIJMaaNVwBhlRQROKO-AJMmOh0,LINDOU,N/A,Rhodes,36.4359325,28.2172676,"tourist_attraction, point_of_interest, establishment"
Rhodes,ChIJL-6MRgBhlRQRMbetccIlfKM,Rhodes,N/A,Rhodes,36.4359325,28.2172676,"tourist_attraction, point_of_interest, establishment"
Rhodes,ChIJzayZhOhhlRQRxELqofy1DgM,all day super market,4.1,"Themistocleous Sofoulis 111, Rodos",36.4390816,28.2174308,"supermarket, tourist_attraction, grocery_or_supermarket, store, point_of_interest, food, establishment"
Rhodes,ChIJjTPP8lBhlRQRRXPk0SiyKVQ,the Staircase of Knowledge,4.3,"12KM, Kameirou, Rodos",36.437317,28.2225875,"tourist_attraction, point_of_interest, establishment"
Rhodes,ChIJd8AyeYxhlRQRRw8QB7iwfOQ,Ancient Stadium of Rhodes,4.6,"Diagoridon 68, Rodos",36.4384221,28.2119321,"tourist_attraction, point_of_interest, establishment"
Rhodes,ChIJr_VynothlRQRolyC2rtDzdc,Temple of Apollo Pythios,4.1,"Diagoridon 68, Rodos",36.439951,28.210597,"tourist_attraction, point_of_interest, establishment"
Rhodes,ChIJdykHcuthlRQR870-lAPm7I0,Tower of St. Athanasius.,4.7,Rhodes,36.4404096,28.22454390000001,"tourist_attraction, point_of_interest, establishment"
Rhodes,ChIJJZ4Ru8ZhlRQRQWzYlTyRAUI,Viewpoint from above the church at Kritica,4.7,"Isiodou, Rodos",36.4360341,28.2073293,"tourist_attraction, point_of_interest, establishment"
Rhodes,ChIJ-a79mORhlRQRMFl0xS7YzT4,Root Tree ριζικό δέντρο,3,"Lindou 89, Rodos",36.42762889999999,28.2230327,"tourist_attraction, point_of_interest, establishment"
Rhodes,ChIJ9cQ6b_NhlRQRBlSRv-7yNN0,Cavernous Nymphaeum,3.9,"Παρθενόπης 7, Rodos",36.4431999,28.21259,"tourist_attraction, point_of_interest, establishment"
Rhodes,ChIJFxH7CMxhlRQRbBPxqQTj5-0,Ιερό Σπηλαίου Νυμφαίου,4.1,"Isiodou, Rodos",36.444114,28.2132703,"tourist_attraction, point_of_interest, establishment"
Rhodes,ChIJ__6J_IphlRQRY0gOOs8gmq4,St Stephen's Hill (Monte Smith),4.7,"Isiodou, Rodos",36.4417867,28.20881360000001,"tourist_attraction, point_of_interest, establishment"
Rhodes,ChIJvdRYSuphlRQR4ChpnHouAAk,Recep Pasha Mosque,4.4,"Parodos Dorieos, Rodos",36.44172429999999,28.2265947,"mosque, tourist_attraction, place_of_worship, point_of_interest, establishment"
Rhodes,ChIJjXGJV-lhlRQRVuz3V4jEPdg,Hafiz Ahmed Agha Library,4.5,"Apollonion 11, Rodos",36.4436885,28.2238897,"museum, tourist_attraction, point_of_interest, establishment"
Rhodes,ChIJSS2nZDNhlRQRohVmUQSjF4Q,Stare drzewo fikusowe,4.3,"Lachitos 34, Rodos",36.4439351,28.2258433,"tourist_attraction, point_of_interest, establishment"
Rhodes,ChIJs1x6WQBhlRQRH7pEM5b9FeU,Sokratous Historical Building (Κτίριο Ιστορίας Σωκράτους),5,"Sokratous 115, Rodos",36.44376680000001,28.2262168,"tourist_attraction, point_of_interest, establishment"
Rhodes,ChIJldYNuXRhlRQRRK_N-V-SBtg,Νεκρόπολη Κορακόνερου,3.2,Rhodes,36.4268321,28.2285108,"tourist_attraction, point_of_interest, establishment"
Rhodes,ChIJSeRBaABhlRQR81JSTMkpXdE,Rhodos Stad,4.3,Rhodes,36.44365649999999,28.2282694,"tourist_attraction, point_of_interest, establishment"
Rhodes,ChIJiRh86elhlRQRt_HtFMgzFDA,Hippocrates Square,4.6,"Ippokratous, Rodos",36.44364890000001,28.2282899,"tourist_attraction, point_of_interest, establishment"
Rhodes,ChIJx8I1FGZhlRQRQCx0sfQeLnE,Σιντριβάνι με Κουκουβάγιες,4.6,"Ippokratous, Rodos",36.4436551,28.2282878,"tourist_attraction, point_of_interest, establishment"
Rhodes,ChIJOYty6OlhlRQR4zwul1SC_ss,Castellania,4.2,"Aristotelous 4, Rodos",36.4434998,28.2287582,"tourist_attraction, library, point_of_interest, establishment"
Rhodes,ChIJsVYQBsJhlRQRlU06M07ehd8,Evreon Martyron (Jewish Martyrs Square),4.2,"Aristotelous 48, Rodos",36.4430515,28.2294412,"tourist_attraction, point_of_interest, establishment"
Rhodes,ChIJVTmNDcJhlRQRVSw_DJwl2UM,Sea Gate,4.7,"Rodiou 1-31, Rodos",36.4440824,28.2282805,"tourist_attraction, point_of_interest, establishment"
Rhodes,ChIJN2OCD8JhlRQR9xYcBE6Ol7c,Sea Horse Fountain,4.4,"Platia Evreon Martiron 10, Rodos",36.4428171,28.2298145,"tourist_attraction, point_of_interest, establishment"
Rhodes,ChIJEWPxPsJhlRQR_bpd3aiKclU,Medieval City of Rhodes,4.8,"Platia Mouson 6, Rodos",36.44470010000001,28.2275142,"tourist_attraction, point_of_interest, establishment"
Rhodes,ChIJv_EMoulhlRQRvyrMXL4d_n0,Our Lady of the Castle (Panayia),4.4,"Megalou Alexandrou square, Medieval City, Apellou, Rhodos-Stadt",36.4451151,28.2273724,"church, tourist_attraction, museum, place_of_worship, point_of_interest, establishment"
Rhodes,ChIJ99ujsulhlRQRm0D8ymshT2k,Decorative Arts Collection of Rhodes,4,Rhodes,36.4453532,28.2270172,"tourist_attraction, museum, point_of_interest, establishment"
Rhodes,ChIJ43sIPsJhlRQRe7TCbt6WNLE,Church of the Virgin Mary of the Burgh,4.6,"Solomou Alchadef 7-13, Rodos",36.44285850000001,28.2307803,"tourist_attraction, point_of_interest, establishment"
Rhodes,ChIJO6h3-plhlRQRw8gCGlfSVKA,Fun Boat Rhodes,4.6,"mandraki harbour, Rodos",36.4482322,28.2247533,"tourist_attraction, travel_agency, point_of_interest, establishment"
Rhodes,ChIJK1BDmuhhlRQR5lvKKIiwykM,Nea Agora,4.3,"185, Nea agora 1, Rodos",36.4479242,28.2257365,"tourist_attraction, point_of_interest, establishment"
Rhodes,ChIJh1Vj_mBhlRQRbH7PXS37n_s,PalmTree Seaside Walk (Περίπατος στους φοίνικες),5,"Afstralias 10, Rodos",36.4408129,28.2343503,"tourist_attraction, point_of_interest, establishment"
Rhodes,ChIJk2udgehhlRQRH8qZH2yKVQU,Romantika Dreams Rhodes Day Cruise,4.8,"Mandraki Port Nea Agora, Rodos",36.4479529,28.2261653,"tourist_attraction, travel_agency, point_of_interest, establishment"
Rhodes,ChIJk23FpsJhlRQR8xjWsGxl1Us,De Naillac Tower,4.5,"Akti Sachtouri 10, Rodos",36.44633089999999,28.2294985,"tourist_attraction, point_of_interest, establishment"
Rhodes,ChIJwcNYs8xhlRQR_yZpoBnYNkE,Rhodes Train City Tours,4,"Platia Eleftherias 85131, Rodos",36.4491109,28.2250084,"tourist_attraction, travel_agency, point_of_interest, establishment"
Rhodes,ChIJMRmKExFhlRQRBYn6dBH6AKI,Sculpture of Admiral Perikles Ioannidis,4,"Plotarchou Plessa, Rodos",36.4492401,28.2246761,"tourist_attraction, point_of_interest, establishment"
Rhodes,ChIJZeODcABhlRQR2cr-h5_yXeA,רחוב ברים,N/A,"Orfanidou, Rodos",36.451361,28.2168756,"tourist_attraction, point_of_interest, establishment"
Rhodes,ChIJu0isXeZhlRQRXOPIbRSkd_M,Fontana Grande,4.6,Rhodes,36.4503757,28.22504959999999,"tourist_attraction, point_of_interest, establishment"
Rhodes,ChIJjUoef1hhlRQRMgzYZ3QHnB0,Opera Boat Rhodes - Daily Boat Trips - Sunset Cruises,4.8,"Mandraki Marina & Port, Rodos",36.45046980000001,28.2253608,"tourist_attraction, travel_agency, point_of_interest, establishment"
Rhodes,ChIJZzEBHmFhlRQR74u7wJNpNa4,alfulk cruises,N/A,"Ethniki Odos Rodou Lindou, Sgourou",36.43476199999999,28.2384578,"tourist_attraction, travel_agency, point_of_interest, establishment"
Rhodes,ChIJGxdbfuNhlRQRoJqFJ2pTkcA,Rhodes Town Port,4.7,"Platia Eleftherias 47, Rodos",36.4466624,28.2325566,"tourist_attraction, point_of_interest, establishment"
Rhodes,ChIJheVqHyFhlRQRv3rIiXd-9Vs,Rhodes Hop On Hop Off - Sightseeing (Red Bus),3.3,"Platia Eleftherias 14, Rodos",36.45180240000001,28.2243678,"tourist_attraction, travel_agency, point_of_interest, establishment"
Rhodes,ChIJlxPfcpphlRQRxtlrDqeY5eA,Colossus of Rhodes,4.5,"Platia Neoriou, Rodos",36.4511981,28.2278344,"tourist_attraction, point_of_interest, establishment"
Rhodes,ChIJ04yOcwBhlRQRYWi_7Ez1V7o,Imperial Hotel (Abandoned Hotel),3,"Georgiou Papanikolaou 23, Rodos",36.452982,28.22118399999999,"tourist_attraction, point_of_interest, establishment"
Rhodes,ChIJhWNka-dhlRQRKC6cw9jimaY,Saint Nicholas Fortress,4.5,Rhodes,36.4511999,28.2280203,"tourist_attraction, point_of_interest, establishment"
Corfu,ChIJLUhhdkRZWxMRSiDWS3KidZU,Aqualand,4.6,Agios Ioannis,39.61698140000001,19.83743149999999,"amusement_park, tourist_attraction, point_of_interest, establishment"
Corfu,ChIJc8Bxy-ddWxMRhASx_pNTDTU,Old Fortress of Corfu,4.6,Corfu,39.62322,19.9287,"tourist_attraction, point_of_interest, establishment"
Corfu,ChIJOSSxWEReWxMRbGerY3mwsw4,Holy Monastery of Panagia Vlacherna,4.7,"Paleopolis 163, Kerkira",39.58999180000001,19.9171444,"tourist_attraction, church, place_of_worship, point_of_interest, establishment"
Corfu,ChIJsZZgxNpdWxMRdZNoYzt7tgY,New Venetian Fortress,4.4,"Eleftheriou Venizelou 13, Kerkira",39.6245854,19.9172817,"tourist_attraction, point_of_interest, establishment"
Corfu,ChIJv0AjdaBeWxMRe964owTVrRI,Capodistrias Museum - Kapodistrias Museum,4.8,"Eυρωπούλοι, Evropouli",39.6285142,19.857546,"museum, tourist_attraction, park, point_of_interest, establishment"
Corfu,ChIJqcV6XMNYWxMRfmmQZc7PCdk,Kaiser William II Observatory,4.7,Pelekas,39.5947731,19.8214301,"tourist_attraction, point_of_interest, establishment"
Corfu,ChIJ1Wng0NxdWxMRwKSuK-3pdv8,Banknote Museum of the Ionian Bank,4.6,"Nikiforou Theotoki 32, Kerkira",39.6246602,19.9225251,"museum, tourist_attraction, point_of_interest, establishment"
Corfu,ChIJi3JRsI9bWxMRTR4ACF2jlkA,Corcyra Beach watersports,4.7,"Corcyra Beach, Γουβιά / Κέρκυρα",39.657718,19.8447583,"tourist_attraction, point_of_interest, establishment"
Corfu,ChIJKXFrKNxdWxMR3UmwQjrBXAU,Municipal Gallery of Corfu,4.7,Corfu,39.6255282,19.9251796,"tourist_attraction, museum, point_of_interest, establishment"
Corfu,ChIJBSeyVUJeWxMR0-4iGPHnCj4,Holy Monastery of the Virgin Mary Kassopitra,4.8,"Figaréto 108, Kerkira",39.5950651,19.9181819,"tourist_attraction, place_of_worship, point_of_interest, establishment"
Corfu,ChIJ17B5L0lZWxMRtJH2qoDL5ec,George Korakianitis Art Gallery,4.8,Agios Ioannis,39.6165891,19.8468021,"museum, tourist_attraction, point_of_interest, establishment"
Corfu,ChIJX4FieqRfWxMRo8Pz4xRWG50,Kaiser's Bridge,4.1,"Unnamed Road, Kerkira",39.5633886,19.9102947,"tourist_attraction, point_of_interest, establishment"
Corfu,ChIJhUe6WRFfWxMRslUzgW9qFTk,"Olive Museum ""Donatos Paipetis""",4,Κynopiastes,39.5680285,19.8831713,"museum, tourist_attraction, point_of_interest, establishment"
Corfu,ChIJTz6n4XZbWxMRR0fO0UVtGzg,Corfu Airport Transfer,3.9,"Villa Crystal Corfu, Dasia 49083, Παλαιοκαστρίτσας, Kerkira",39.67336499999999,19.839356,"tourist_attraction, point_of_interest, establishment"
Corfu,ChIJmw5o8qBfWxMRm4buTPgPS_k,The Achilleion Palace,4.2,Achilleio,39.56280419999999,19.9042949,"tourist_attraction, point_of_interest, establishment"
Corfu,ChIJeV1TT_BZWxMRDCoOUTHdv6A,Theotoky Estate,4.5,"Ropa Valley, Giannades, Corfu",39.627953,19.786344,"tourist_attraction, point_of_interest, food, establishment"
Corfu,ChIJZabiRABdWxMRmzhxbESlh74,Korfoe Stad - Kerkira,N/A,Corfu,39.6249838,19.9223461,"tourist_attraction, point_of_interest, establishment"
Corfu,ChIJUa8tZgBdWxMR_jZmlQ0ZZnU,Sun princess,5,Corfu,39.6249838,19.9223461,"tourist_attraction, point_of_interest, establishment"
Corfu,ChIJ_1aM2NxdWxMRfMeuYqkMp3I,Plakada t' Agioú Spiridona Square,4.7,"Πλ. Ηρ. Κυπριακού Αγώνα, Κέρκυρα",39.6246995,19.9226665,"tourist_attraction, point_of_interest, establishment"
Corfu,ChIJP7uscABdWxMRmPCuDU3-MhA,Punto Piña,N/A,"Nikiforou Theotoki 40, Kerkira",39.624611,19.922009,"tourist_attraction, point_of_interest, establishment"
Corfu,ChIJ9dR-fpVdWxMRh8dOI5PZgHs,Kerkyra Korfu Town,4.6,Corfu,39.6242621,19.9216777,"tourist_attraction, point_of_interest, establishment"
Corfu,ChIJ1yXy7NxdWxMRweSn_DH09Ls,Bell Tower of the Annunziata Church,4.4,"Vrachlioti 56, Kerkira",39.62383000000001,19.9215499,"tourist_attraction, point_of_interest, establishment"
Corfu,ChIJpSnCMgBdWxMRMlkNf8l0gA8,The Uknown Tourist's Statue,N/A,Corfu,39.6250843,19.92400619999999,"tourist_attraction, point_of_interest, establishment"
Corfu,ChIJgXBKSIZdWxMR52hzs3K2ZKo,Liston - Eleftherias Street,4.8,"Eleftherias 14, Kerkira",39.6238693,19.9237176,"tourist_attraction, point_of_interest, establishment"
Corfu,ChIJ45KJFt1dWxMRTULsSbFNAyk,Τρενάκι Κέρκυρας,3.5,"Viktoros Dousmani, Kerkira",39.6236498,19.9239411,"tourist_attraction, point_of_interest, establishment"
Corfu,ChIJ_SbScwBdWxMRcquizTjcCRc,Βόλτο Κοκκίνη,N/A,"Sofokleous Dousmani 10, Kerkira",39.6263951,19.9235445,"tourist_attraction, point_of_interest, establishment"
Corfu,ChIJl7z_u8JdWxMRHalsMbai24w,Corfu Museum of Asian Art,4.6,"Παλαιά Ανάκτορα, Κέρκυρα",39.6257214,19.9247069,"tourist_attraction, museum, point_of_interest, establishment"
Corfu,ChIJDw0G78JdWxMRbixuhry8IxI,Byzantine Museum of Antivouniotissa,4.3,"gesloten, Arseniou 25, Kerkira",39.6271786,19.9225262,"museum, tourist_attraction, point_of_interest, establishment"
Corfu,ChIJddR5CgBdWxMRWiBhy_y_JB4,Προτομή Σπυρίδωνος Πλασκοβίτη,N/A,Corfu,39.625138,19.9253757,"tourist_attraction, point_of_interest, establishment"
Corfu,ChIJlzNVHABdWxMRNuuEYyFpHFg,Circle of the lost poets circular monument,N/A,Corfu,39.6251918,19.9253989,"tourist_attraction, point_of_interest, establishment"
Corfu,ChIJq818WMNdWxMRZUUYKIhcuxc,10th Infantry Battalion Square,4.2,"Konstantinou Zavitsianou 19, Kerkira",39.6265226,19.9199595,"park, tourist_attraction, point_of_interest, establishment"
Corfu,ChIJ-7yeTQBdWxMRiD_SWlz4s_8,Προτομή Ανδρέα Ανδρεάδη,N/A,"JWGG+36, Corfu",39.62515070000001,19.9255139,"tourist_attraction, point_of_interest, establishment"
Corfu,ChIJXfA9bd1dWxMRC2xp9140Gpo,Spianada Square,4.7,"Viktoros Dousmani 70, Kerkira",39.6230813,19.9245342,"park, tourist_attraction, point_of_interest, establishment"
Corfu,ChIJ7Rt_7dddWxMRAlwE7pAmcqE,Πλατεία Αλμπέρτ Κοέν,N/A,Corfu,39.6243803,19.9191314,"tourist_attraction, point_of_interest, establishment"
Corfu,ChIJCdFxTABdWxMR5oxvi5-Hz2w,Aussichtspunkt,5,"JWGG+94, Corfu",39.62588530000001,19.925304,"tourist_attraction, point_of_interest, establishment"
Corfu,ChIJN0qZV91dWxMR3wGj0H2Va4o,Bosketo Garden,4.8,Corfu,39.62424439999999,19.9256991,"park, tourist_attraction, point_of_interest, establishment"
Corfu,ChIJAZD9csNdWxMRCiVeRm7nI0M,Museum of Dionysios Solomos,4.6,"Arseniou 1, Kerkira",39.6275424,19.9215136,"museum, tourist_attraction, point_of_interest, establishment"
Corfu,ChIJE34lTwBdWxMRawDybeeHU58,Corfu Kerkyra,4.7,"Arseniou 1, Kerkira",39.6271191,19.924402,"tourist_attraction, point_of_interest, establishment"
Corfu,ChIJ3SgZdABdWxMR7TIs9u2ee_Y,Kerkira Beach,4,"Arseniou 3, Kerkira",39.6272426,19.9241889,"tourist_attraction, point_of_interest, establishment"
Corfu,ChIJ9zYwdN1dWxMRBk8c-qiAv9I,Monument of the Union of the Ionian Islands,4.6,"Platia Leonida Vlachou, Kerkira",39.6227807,19.9248493,"tourist_attraction, point_of_interest, establishment"
Corfu,ChIJtZQXRNxdWxMRPEUdzoVGL18,Ionian Parliament,4.5,"Moustoxidi 3, Kerkira",39.6219088,19.9218668,"tourist_attraction, point_of_interest, establishment"
Corfu,ChIJk_FPgcJdWxMRQh7Ycvrcsyc,Faliraki Corfu,4.6,"Kapodistriou 122, Kerkira",39.6270854,19.9255293,"tourist_attraction, point_of_interest, establishment"
Corfu,ChIJcWVxit5dWxMRYtT3JnFS7mM,Casino Corfu,3.6,"Kapodistriou 10, Kerkira",39.6216835,19.9235501,"casino, tourist_attraction, point_of_interest, establishment"
Corfu,ChIJHXrjl91dWxMRQRL6_Kz50s8,Maitland Monument,4.6,"Platia Leonida Vlachou, Kapodistriou 16, Kerkira",39.6217009,19.9246232,"tourist_attraction, point_of_interest, establishment"
Corfu,ChIJNQpEWkVdWxMRPdPgE6wyfKE,Porta Stoppa,4.6,Corfu,39.62421270000001,19.9176341,"tourist_attraction, point_of_interest, establishment"
Corfu,ChIJDWG5S0RdWxMRN7e8TtuX-IY,Mural of poet Milutin Bojić,4.5,"Almpani-Miniati Margaritas 2-20, Kerkira",39.6211664,19.9232336,"tourist_attraction, point_of_interest, establishment"
Corfu,ChIJqZGnw91dWxMRBCSA3kYp0T8,Ioannis Kapodistrias Statue,4.7,"Akadimias, Kerkira",39.6208629,19.92412449999999,"tourist_attraction, point_of_interest, establishment"
Corfu,ChIJdU9KxOddWxMR7HbptCGYwMI,Corfu Byzantine Collection,4.4,Corfu,39.6234663,19.9279111,"museum, tourist_attraction, point_of_interest, establishment"
Corfu,ChIJGwnGy9tdWxMR3_Nzg9U2ek0,Patounis' Soap Factory,4.7,"Ioannou Theotoki 9, Kerkira",39.6223944,19.917276,"tourist_attraction, point_of_interest, establishment"
Corfu,ChIJZztyHwBdWxMRahWMOx2_VR4,Przystanek,N/A,"Georgiou Theotoki 37, Kerkira",39.6222119,19.9172348,"tourist_attraction, point_of_interest, establishment"
Corfu,ChIJs8-Z-t5dWxMRl1i1V9cFuCc,Archaeological Museum of Corfu,4.5,"Archeological Museum of Corfu, Vrela Armeni 1, Kerkira",39.6189037,19.9219862,"tourist_attraction, museum, point_of_interest, establishment"
Corfu,ChIJcWVv-t9dWxMRRqqoj2puME8,Corfu Pirate Ship Black Rose,4.6,"Eleftheriou Venizelou 28, Kerkira",39.6274865,19.91499649999999,"tourist_attraction, point_of_interest, establishment"
Corfu,ChIJhUARdHpdWxMRPaz31_dW8eI,Mayor's Stairway Dock,4.5,"Leoforos Dimokratias 7, Kerkira",39.61755719999999,19.9220531,"tourist_attraction, point_of_interest, establishment"
Corfu,ChIJ0fTwN-9dWxMRSnnn40f3CTU,Cape Sidero,4.9,Greece,39.6247978,19.9325281,"tourist_attraction, point_of_interest, establishment"
Corfu,ChIJqV_I0dZdWxMRrdISOrN_bYo,Holy Monastery of Platytera,4.7,"Παλαιοκαστρίτσας 1, Kerkira",39.6219468,19.910456,"tourist_attraction, place_of_worship, point_of_interest, establishment"
Corfu,ChIJXXPKv3ZeWxMR-y1a4bSGrgY,Church of Panagia Vlacherna,4.8,"Vlachernon 3, Kerkira",39.61227629999999,19.918594,"tourist_attraction, church, place_of_worship, point_of_interest, establishment"
Corfu,ChIJs8YgDQteWxMRF_ld1fJe6Ic,Anemomilos Windmill,4.5,Corfu,39.6107106,19.9282504,"tourist_attraction, point_of_interest, establishment"
Corfu,ChIJJ2_nkO9fWxMRllBLWLdM360,bersimis-koskina,N/A,"Leoforos Eptanisou, Kerkira",39.6143108,19.90863509999999,"tourist_attraction, point_of_interest, establishment"
Corfu,ChIJC5SHpgxeWxMR8yRb3M3OJUk,Mon Repos Beach,3.7,"Theotoki, Kerkira",39.6088741,19.9268325,"tourist_attraction, point_of_interest, establishment"
Corfu,ChIJe1cEwYhdWxMRLaGZYeCsZOQ,Tramoudana Beach,4.4,Βίδο,39.6420909,19.9209327,"tourist_attraction, point_of_interest, establishment"
Heraklion,ChIJXZerkyhamhQRkOR_ElIckRE,Cathedral of Agios Minas,4.7,"Agiou Mina 25, Iraklio",35.3376536,25.13095029999999,"tourist_attraction, church, place_of_worship, point_of_interest, establishment"
Heraklion,ChIJGQ62li5amhQRPIG5FLj8nNk,Holy Cathedral Temple of Saint Titus,4.7,"Platia Agiou Titou, Iraklio",35.3401131,25.1347064,"tourist_attraction, church, place_of_worship, point_of_interest, establishment"
Heraklion,ChIJw1SLaixamhQRwoUu278STN8,Heraklion Archaeological Museum,4.7,"Ξανθουδίδη και, Chatzidaki 1, Iraklio",35.33898249999999,25.1371419,"tourist_attraction, museum, point_of_interest, establishment"
Heraklion,ChIJV5BYG4ZZmhQRRy3q9vykIBM,Venetian Loggia,4.6,"August Str 25, Iraklio",35.3398299,25.1340017,"tourist_attraction, point_of_interest, establishment"
Heraklion,ChIJiw1qkChamhQRS8-u663O1aY,Ag. Ekateríni Sinaitón (Museum),4.7,"Monis Odigitrias 1, Iraklio",35.33807,25.1313095,"museum, tourist_attraction, point_of_interest, establishment"
Heraklion,ChIJz8FEwYdZmhQRjUBHFZ_QVQQ,Nikos Kazantzakis Grave,4.6,"Κρήτης, Ηράκλειο",35.3326915,25.1307598,"tourist_attraction, point_of_interest, establishment"
Heraklion,ChIJl9TBP9JbmhQR3WipFoZAMfY,Heraklion Museum of Visual Arts,4.5,"Nimfon 3, Iraklio",35.3399003,25.1462785,"tourist_attraction, museum, point_of_interest, establishment"
Heraklion,ChIJ-Uhmli1amhQRHS-wGEasZ10,Fountain,4.4,"Leoforos Nearchou, Iraklio",35.3419133,25.1374862,"tourist_attraction, point_of_interest, establishment"
Heraklion,ChIJX7k6AdNbmhQR2Y8Rb4rYP4M,Escape House,4.8,"Koziri 3, Iraklio",35.3374839,25.1345333,"tourist_attraction, point_of_interest, establishment"
Heraklion,ChIJ5drbtS5amhQRSFPPlKmcPX8,EscapeRooms.Gr,4.9,"Perdikari 6, Dedalou 12, str",35.3390782,25.1341498,"tourist_attraction, point_of_interest, establishment"
Heraklion,ChIJ1watPzJamhQR9zh-07Z8WC4,Rocca a Mare Fortress,4.6,Heraklion,35.3446247,25.1368624,"tourist_attraction, point_of_interest, establishment"
Heraklion,ChIJNUyNdS9amhQRmJ26QL9vkWs,Historical Museum of Crete,4.6,"Leoforos Sofokli Venizelou 27, Iraklio",35.3419151,25.1309159,"tourist_attraction, museum, point_of_interest, establishment"
Heraklion,ChIJNQ973BZZmhQRQz90AluejNg,Knossos Palace,4.3,Knossos,35.2979569,25.1627815,"tourist_attraction, point_of_interest, establishment"
Heraklion,ChIJfb_KtCVamhQRQY2aWegVkOQ,Natural History Museum of Crete,4.6,"Κόλπος Δερματά, Leoforos Sofokli Venizelou, Iraklio",35.3419214,25.1266124,"tourist_attraction, museum, point_of_interest, establishment"
Heraklion,ChIJxcpdquJbmhQRDf9i8NYrJsc,Old Olive Tree,4.5,"Efessou 63, Iraklio",35.34115980000001,25.1394885,"tourist_attraction, point_of_interest, establishment"
Heraklion,ChIJXZLYAC1amhQROjBM5AMfy7A,Sampionara Bastion or Gate,3.8,"Epimenidou, Iraklio",35.34061759999999,25.1388492,"tourist_attraction, point_of_interest, establishment"
Heraklion,ChIJrRRhdCxamhQRAO64N000Q9o,Yenicar Aga Fountain,4.2,"Leoforos Ikarou, Iraklio",35.3382423,25.1372382,"tourist_attraction, point_of_interest, establishment"
Heraklion,ChIJNTp_kitamhQRuRG8a2wjafQ,Statue of Eleftherios Venizelos,4.5,"Leoforos Dimokratias, Iraklio",35.3373634,25.1372351,"tourist_attraction, point_of_interest, establishment"
Heraklion,ChIJzeCsqCtamhQR9wu45lkZZ1Q,Georgiadis Park,4.4,"Dimokratias, Iraklio",35.335494,25.1381842,"park, tourist_attraction, point_of_interest, establishment"
Heraklion,ChIJe08kFCxamhQRAABareYe64k,Spirit of Greece,4.9,"Stylianou Square 4, Iraklio",35.3392393,25.1368042,"tourist_attraction, jewelry_store, store, point_of_interest, establishment"
Heraklion,ChIJe4UZ7StamhQRaB8LYkp1jio,Venetian Gate St. George,4.5,"Leoforos Ikarou, Iraklio",35.3372853,25.1369233,"tourist_attraction, point_of_interest, establishment"
Heraklion,ChIJlYFG39NbmhQRz00FNxgThYM,Irida Family Workshop,4.8,"Sapoutie 2, Iraklio",35.33877940000001,25.136464,"tourist_attraction, point_of_interest, store, establishment"
Heraklion,ChIJ79Gn8CtamhQRP3Hi1jNUw7o,Herakleion Unknown Soldier Statue,4.5,"Plateia Eleftherias, Iraklio",35.3378176,25.1363615,"tourist_attraction, point_of_interest, establishment"
Heraklion,ChIJGXvpGSxamhQRDO6h1SFoMpc,Κουλουβάχατα Pottery Workshop,5,"Idomeneos 29A, Iraklio",35.33923720000001,25.1362732,"tourist_attraction, point_of_interest, store, establishment"
Heraklion,ChIJxyIrZgBbmhQR64LRSjM8Dh8,Sailingtrips.gr - Meeting point - Heraklion,5,"Epimenidou 19, Iraklio",35.3431035,25.137171,"tourist_attraction, point_of_interest, establishment"
Heraklion,ChIJNXhQ2p9bmhQRAQsJKXKp-E0,Old Anchor,4.6,"Leoforos Nearchou, Iraklio",35.3426028,25.1365766,"tourist_attraction, point_of_interest, establishment"
Heraklion,ChIJL2aXdC5amhQRDlcjVzzrwNk,Venetian Shipyards / Vechi,4.3,"Leoforos Nearchou, Iraklio",35.3421913,25.135233,"tourist_attraction, point_of_interest, establishment"
Heraklion,ChIJr7AkNyZbmhQRNhe8EZ-iKkY,Heraklion Venetian Port,4.6,"Ioanni Merineli 2, Iraklio",35.3445232,25.1371332,"tourist_attraction, point_of_interest, establishment"
Heraklion,ChIJrZ7yvy5amhQRCWqtJ82TERY,Sagredo fountain,3.7,"25th Avgoustou, Iraklio",35.3398884,25.134117,"tourist_attraction, point_of_interest, establishment"
Heraklion,ChIJbceCYS5amhQRDUVN3yc3BMA,Mégaro Liopiráki,4.2,"Epimenidou 2, Iraklio",35.3413382,25.1343899,"tourist_attraction, point_of_interest, establishment"
Heraklion,ChIJqVDvOIpbmhQRq62x5-5klvQ,Μνημείο Νίκου Κιτσίκη,4.5,"Το Λιμάνι, Iraklio",35.3457537,25.1381268,"tourist_attraction, point_of_interest, establishment"
Heraklion,ChIJNSjGzi5amhQRDqV_jfNS05Y,Basilica of St. Mark,4.7,"Πλατεία Λιονταριών, Iraklio",35.3392441,25.1336022,"tourist_attraction, church, place_of_worship, point_of_interest, establishment"
Heraklion,ChIJqyJPzi5amhQRNbIxyy9PpYo,Heraklion Municipal Art Gallery,4.5,"Plateia Kallergion 100, Iraklio",35.3392473,25.1335829,"art_gallery, tourist_attraction, point_of_interest, establishment"
Heraklion,ChIJ0yVl8ilamhQROXIwhS5CgpY,Kenouryia Porta,4.5,"Evans 12, Iraklio",35.3344282,25.1347712,"tourist_attraction, point_of_interest, establishment"
Heraklion,ChIJJZ6YRjNbmhQReiM_a2gZZao,Πλατεία 18 Άγγλων,4.7,Heraklion,35.34285459999999,25.1344858,"tourist_attraction, point_of_interest, establishment"
Heraklion,ChIJORB51C5amhQR4oENNhugimI,Morosini Fountain,4.5,"Platia Eleftheriou Venizelou, Iraklio",35.33913769999999,25.133176,"tourist_attraction, point_of_interest, establishment"
Heraklion,ChIJhZdICClamhQRQRjT3Gqlv0c,Bembo fountain,4.4,"Platia Kornarou 2, Iraklio",35.3364899,25.1334993,"tourist_attraction, point_of_interest, establishment"
Heraklion,ChIJp0WOuyhbmhQRgyXYEgHUgro,Tours in Heraklion,5,"Καλοναδων 4, Ηράκλειο",35.3346277,25.1343363,"tourist_attraction, travel_agency, point_of_interest, establishment"
Heraklion,ChIJrxOYYwJbmhQRvGPXT1maOjk,Herakleion Central Market,4.4,"1866 9, Iraklio",35.3384076,25.1331402,"tourist_attraction, point_of_interest, establishment"
Heraklion,ChIJUY-TBylamhQR0qqemgWBfXE,Kornarou Square,4.3,Heraklion,35.3363957,25.1334937,"tourist_attraction, point_of_interest, establishment"
Heraklion,ChIJvUvICClamhQRBErBqU5rDSU,Ottoman Pumphouse,4.2,"Platia Kornarou 40, Iraklio",35.33654920000001,25.1334304,"tourist_attraction, point_of_interest, establishment"
Heraklion,ChIJG_KL5y5amhQR4VmiXg2lxpI,Theotokopoulos Park,4.2,"Theotokopoulou 30, Iraklio",35.3402295,25.1332355,"park, tourist_attraction, point_of_interest, establishment"
Heraklion,ChIJedQBGgBbmhQRIcYrrem2deM,Großes Denkmal,N/A,Heraklion,35.3405962,25.13319,"tourist_attraction, point_of_interest, establishment"
Heraklion,ChIJsSAkkbhbmhQRNXCTMukHePY,Εξέδρα-Παρατηρητήριο,4.8,"Μητσοτάκη Ioanni 1, Iraklio",35.34311960000001,25.1338984,"tourist_attraction, point_of_interest, establishment"
Heraklion,ChIJK5UdYwBbmhQR9MjnyEBW4kU,Grafitis an der Kaimauer,5,Heraklion,35.3484338,25.1427732,"tourist_attraction, point_of_interest, establishment"
Heraklion,ChIJcd510H1ZmhQR9jLYzKw9kM0,Church of Agia Ekaterini,4.7,"Filolaou, Iraklio",35.3285675,25.14814,"tourist_attraction, church, place_of_worship, point_of_interest, establishment"
Heraklion,ChIJkwJEZChamhQRquA5LureeAs,Tsachaki House,4.2,"Monis Vrontisiou 13, Iraklio",35.33645680000001,25.1306206,"tourist_attraction, point_of_interest, establishment"
Heraklion,ChIJJdrV9MT-mhQRPnAtkGe_KVc,Museum of musical instruments “Thirathen”,5,"Platia Rhga Feraioi, Iraklio",35.33687159999999,25.1302127,"tourist_attraction, museum, point_of_interest, establishment"
Heraklion,ChIJEeF_Uy9amhQRWdCS_HizpcI,Bey Sekeria Mansion,4.3,"Apokoronou 7, Iraklio",35.3397459,25.1299964,"tourist_attraction, point_of_interest, establishment"
Heraklion,ChIJdzZp-iVamhQRNZpcUqx1AfM,Priuli Fountain,4.5,"Delimarkou, Iraklio",35.340346,25.1291193,"tourist_attraction, point_of_interest, establishment"
Heraklion,ChIJ6cca5odZmhQRp9Hfy-B8VO0,"Fountain of the Tekke of the ""Three-Men Order"" (Üçleria)",4.3,Heraklion,35.33326449999999,25.1301765,"tourist_attraction, point_of_interest, establishment"
Heraklion,ChIJW62GfSBbmhQRyk5xoUiROkg,Myron's zoo,5,"Mastracha 8, Iraklio",35.3384695,25.12842849999999,"tourist_attraction, point_of_interest, establishment"
Heraklion,ChIJWScLJIhZmhQRGcfDbhdBykQ,Bethlehem Gate,4.5,"ΤΚ, Nikolaou Plastira, Iraklio",35.3336015,25.1288118,"tourist_attraction, point_of_interest, establishment"
Heraklion,ChIJD5SgSohZmhQR7LVYjGRB4y0,Ruga Panigra fountain,4.6,Heraklion,35.3338802,25.1267366,"tourist_attraction, point_of_interest, establishment"
Heraklion,ChIJvxrZq7lbmhQRUIeFwp_EYt0,Heraklion Lighthouse,4.5,Heraklion,35.3521171,25.1560608,"tourist_attraction, point_of_interest, establishment"
Heraklion,ChIJaVdA7ilamhQRbfJbmxwrjoQ,Venetian Walls of Heraklion,4.6,"Nikolaou Plastira 25, Iraklio",35.33723320000001,25.1237248,"tourist_attraction, point_of_interest, establishment"
Heraklion,ChIJKdcUbQBbmhQRL57S758_etc,Sea view benches Nea Alikarnassos,3.8,"Λασιθίου 6, Nea Alikarnassos",35.3448702,25.1644146,"tourist_attraction, point_of_interest, establishment"
Heraklion,ChIJZRsz0INZmhQRKOn3dyh3qfw,ΚΕΘΕΑ on the wall,5,"Leoforos Knosou, Iraklio",35.3206564,25.1436947,"tourist_attraction, point_of_interest, establishment"
Heraklion,ChIJ764VkSFamhQRvX5gw5qPSPI,Karavolas,4.5,"Leoforos Sofokli Venizelou 168, Iraklio",35.341141,25.1202912,"park, tourist_attraction, point_of_interest, establishment"
Heraklion,ChIJj-9Ybx9amhQRwUWpRGOS1Bs,Fountain Karavola,4.3,Heraklion,35.3408018,25.1170156,"tourist_attraction, point_of_interest, establishment"
Chania,ChIJj7pZmdp9nBQR8g3qcfmQMXI,Eleftherios Venizelos House,4.9,"Οικία - Μουσείο Ελευθερίου Βενιζέλου, Platia Elenas Venizelou, Chania",35.5182998,24.0385724,"museum, tourist_attraction, point_of_interest, establishment"
Chania,ChIJMSwior19nBQRmwb7jd-CvRk,Land bastion,3.7,"Portou 20, Chania",35.5148379,24.0164926,"tourist_attraction, point_of_interest, establishment"
Chania,ChIJi4RikLh9nBQR_KgimWMchJk,Sabbionara Bastion,4.5,"Defkalionos 9, Chania",35.5184498,24.0242148,"tourist_attraction, point_of_interest, establishment"
Chania,ChIJoRkwfbt9nBQRt1Lv_D4n-38,Ενετικό φρούριο Φιρκά | Firka Venetian Fortress,4.6,"Akti Kountourioti, Χανιά",35.5188941,24.0154325,"tourist_attraction, point_of_interest, establishment"
Chania,ChIJ-4Gm0r19nBQRWxbNcsbs3PU,Holy Metropolitan Church of the Presentation of the Virgin Mary,4.7,"Mpetolo 18, Chania",35.5152356,24.0182776,"tourist_attraction, church, place_of_worship, point_of_interest, establishment"
Chania,ChIJGaMG-759nBQR7ecqIW45T9o,Greek National Football Team Museum,4.9,"Tsouderon 40, Chania",35.5151662,24.0215112,"museum, tourist_attraction, point_of_interest, establishment"
Chania,ChIJC6z_aL59nBQRrdho7zuqg8M,Old Chania Market,4.3,Chania,35.5141101,24.0203575,"tourist_attraction, point_of_interest, establishment"
Chania,ChIJhyvvy759nBQRM8-WrYu2SGw,Miden Agan,4.9,"Daskalogianni 70/70, Chania",35.5173029,24.0208936,"liquor_store, tourist_attraction, food, store, point_of_interest, establishment"
Chania,ChIJISFjzb19nBQRJkAGdnWPkt0,"Trimartiri, Chania's Cathedral Church",4.5,"Platia Athinagora, Chania",35.5152217,24.0183125,"tourist_attraction, church, place_of_worship, point_of_interest, establishment"
Chania,ChIJeYIWfLl9nBQROcWVKnjUJM0,Agios Nikolaos Redan,4.8,Chania,35.5198948,24.0193595,"tourist_attraction, point_of_interest, establishment"
Chania,ChIJ65aaJkyHnBQRARmcxAvsNVk,School Life Museum,4.6,"Nerokourou, Nerokouros",35.4740362,24.0423865,"museum, tourist_attraction, point_of_interest, establishment"
Chania,ChIJFbA-MP99nBQR0HsbWXDD-9Y,Verekinthos Arts and Crafts Village,4.1,"Βερεκύνθου 6, Souda",35.47891810000001,24.0631206,"store, art_gallery, tourist_attraction, point_of_interest, establishment"
Chania,ChIJBZESJM-HnBQRMiqup5__9sM,Go Kart Chania - Pista Park,4.7,Varipetro,35.4692076,23.9696835,"tourist_attraction, point_of_interest, establishment"
Chania,ChIJA6p82b59nBQR1MUzY9LbjDU,Splantzia Square,4.7,"Rousou Vourdoumpa 5, Chania",35.5163997,24.0219069,"tourist_attraction, point_of_interest, establishment"
Chania,ChIJL9m-Mvx4nBQRUIHcVk9Iwm4,Cave Lera,4.6,Stavros,35.5904944,24.1024518,"tourist_attraction, point_of_interest, establishment"
Chania,ChIJQ4uvo759nBQRlKyY7WOt4Uo,Kastélli,4.5,"Kanevarou 34, Chania",35.5171484,24.0196118,"tourist_attraction, point_of_interest, establishment"
Chania,ChIJ6ShQtb19nBQRqlUgz3K2tpM,Catholicon of the Venetian Monastery of St. Francis | Καθολικό Ενετικής Μονής Αγίου Φραγκίσκου,4.4,"28, Chalidon St, Chania",35.51567800000001,24.01777509999999,"tourist_attraction, place_of_worship, point_of_interest, establishment"
Chania,ChIJVU-NUrx9nBQRCTvU7M2Z4os,Etz Hayyim Synagogue,4.6,"Parodos Kondilaki, Chania",35.515854,24.016696,"synagogue, tourist_attraction, museum, place_of_worship, point_of_interest, establishment"
Chania,ChIJvVE4B-p9nBQRJ3OsXZwxE2M,Πλατεία Ελευθερίας,4.6,"Platia Eleftherias, Chania",35.51006770000001,24.0306871,"tourist_attraction, point_of_interest, establishment"
Chania,ChIJsUvskOp9nBQRVLzFr_1Hx8I,Historical Archive Of Crete,4.3,"Ioannou Sfakianaki 20, Chania",35.5101685,24.0267746,"tourist_attraction, museum, point_of_interest, establishment"
Chania,ChIJI6x4BcB9nBQRKo7bk5qu-ac,Park of Peace and Friendship,4.3,"Andrea Papandreou 61, Chania",35.5114323,24.0257267,"tourist_attraction, park, point_of_interest, establishment"
Chania,ChIJS7LC6q59nBQR_V3ukGiFhc8,Street art,5,"Pateraki, Chania",35.510315,24.0338682,"tourist_attraction, point_of_interest, establishment"
Chania,ChIJwz8zU5V9nBQRiE0_X5mj6y4,Army War Museum,3.3,"Staratigoy Tzanakaki 25, Chania",35.5108909,24.02509969999999,"tourist_attraction, museum, point_of_interest, establishment"
Chania,ChIJa_j-5L99nBQRxRj6DF4TbZY,Chania Municipal Garden,4.5,"Staratigoy Tzanakaki 82, Chania",35.512167,24.0241287,"tourist_attraction, park, point_of_interest, establishment"
Chania,ChIJ629ip8Z9nBQRQFat_fBKQG8,Villa Koundouros,4.7,"Iroon Politechniou 2, Chania",35.5161152,24.0309249,"museum, tourist_attraction, point_of_interest, establishment"
Chania,ChIJKye_L799nBQRFFuTOfVYZts,Church of Agios Nikolaos,4.6,"Rousou Vourdoumpa 5, Chania",35.5164161,24.02233129999999,"tourist_attraction, church, place_of_worship, point_of_interest, establishment"
Chania,ChIJ97xq8JV9nBQR7zLqQaTm9oE,Minoan's World 9D Experience,4.2,"Ipsilanton 10, Chania",35.5118774,24.0198875,"museum, tourist_attraction, movie_theater, point_of_interest, establishment"
Chania,ChIJ1WWyEPd9nBQRa7ewKXR-nH0,Painted Wall of Minoan Theme,3.9,"Ipsilanton 8, Chania",35.5117268,24.0198446,"tourist_attraction, point_of_interest, establishment"
Chania,ChIJddj5AAB9nBQRsoXTeyNYtrQ,Ancient Tap (1670),5,"Rousou Vourdoumpa 5, Chania",35.5163326,24.0218703,"tourist_attraction, point_of_interest, establishment"
Chania,ChIJlXsOQgB9nBQRlUGSus01U1o,Authentic Greek blue door Chania,5,"Tsouderon 53, Chania",35.5150958,24.0204994,"tourist_attraction, point_of_interest, establishment"
Chania,ChIJz2l22b59nBQRUnJs10tmhc4,Turkish Fountain,4.4,"Episkopou Kallistou 2, Chania",35.5164469,24.0215323,"tourist_attraction, point_of_interest, establishment"
Chania,ChIJ0_wv8O59nBQR23hQoQ02b9o,1821 Memorial Stone,4.4,"Platia 1821 1, Chania",35.5163795,24.0213406,"tourist_attraction, point_of_interest, establishment"
Chania,ChIJXb9zv9l9nBQR3XqdSJohAqk,Archaeological Museum of Chania | Αρχαιολογικό Μουσείο Χανίων,4.8,"Skra 15, Chania",35.5167648,24.03772,"tourist_attraction, museum, point_of_interest, establishment"
Chania,ChIJyYgjdep9nBQRn8RXQ4hHGjg,Pl. Kotzampasi,N/A,"Pl. Kotzampasi, Chania",35.51371089999999,24.0195317,"tourist_attraction, point_of_interest, establishment"
Chania,ChIJ9zDexL59nBQRa7oqc1JLDnw,Church of St. Rocco,4.4,"Platia 1821 1, Chania",35.5164899,24.021208,"church, tourist_attraction, place_of_worship, point_of_interest, establishment"
Chania,ChIJNSEkIgB9nBQRBxIiKNq4hZo,Cioppy the Cat,5,"Despotaki Melchisedek 31, Chania",35.5162826,24.0201745,"tourist_attraction, point_of_interest, establishment"
Chania,ChIJTUmCxCN9nBQR805gLyCRI4Q,The Traveler's Table,4.3,"Sifaka, Chania",35.5162368,24.02013419999999,"tourist_attraction, point_of_interest, establishment"
Chania,ChIJCTsK0RJ9nBQRwvS_aPCVdv8,Wine center of Crete,5,"Daskalogianni 70, Chania",35.51739559999999,24.0209102,"tourist_attraction, storage, point_of_interest, food, establishment"
Chania,ChIJGdyuawB9nBQRZhlFIxZEVaA,Fotografia - Georgia Frangedaki,5,"Archoleon 2, Chania",35.5173965,24.0209021,"tourist_attraction, point_of_interest, establishment"
Chania,ChIJG9i0Yd19nBQR_8LtJfTq2Dg,BOAT NICKY,4.5,"Akti Enoseos, Chania",35.5184455,24.0215729,"tourist_attraction, point_of_interest, establishment"
Chania,ChIJT8VwawB9nBQRlykItmNPzo4,Пристанище,N/A,Chania,35.5138298,24.0180367,"tourist_attraction, point_of_interest, establishment"
Chania,ChIJ8WJB8719nBQRreDkYbWA1cc,Ottoman Fountain,4.2,"Platia 1866 7, Chania",35.5132507,24.0176566,"tourist_attraction, point_of_interest, establishment"
Chania,ChIJl2n6u759nBQRjGpDADgf7Dw,Byzantine Walls Of Chania,4.5,"Sifaka 41, Chania",35.5162878,24.0188019,"tourist_attraction, point_of_interest, establishment"
Chania,ChIJH7spPbl9nBQROjl3zFLg598,Sea Adventures,3.9,"Λιμάνι, Chania",35.51852269999999,24.0209118,"tourist_attraction, point_of_interest, establishment"
Chania,ChIJQ2nZagB9nBQRDNWU5Kl_pB0,Statue Anagnostis Mantakas,N/A,"ΕΛΕΥΘΕΡΙΟΥ ΝΟΥΦΡΑΚΗ, Chania",35.5153057,24.0179118,"tourist_attraction, point_of_interest, establishment"
Chania,ChIJhVDwVwB9nBQRCV1dWBUhaUQ,Statue of the Ecumenical Patriarch Athenagoras,5,"ΕΛΕΥΘΕΡΙΟΥ ΝΟΥΦΡΑΚΗ, Chania",35.5151404,24.0178173,"tourist_attraction, point_of_interest, establishment"
Chania,ChIJW9qlv719nBQR0qKs2jNCw5s,Municipal Art Gallery,4.6,"Chalidon 98, Chania",35.5141915,24.01729569999999,"tourist_attraction, point_of_interest, establishment"
Chania,ChIJpfsZGtB9nBQReM2B0NALQTc,Tampakaria,4.6,"731 33, Vivilaki 28, Chania",35.5199452,24.0375791,"tourist_attraction, point_of_interest, establishment"
Chania,ChIJjQUDdQB9nBQRy5GEApimTJE,Eleftherios Venizelos Square,5,"Platia Eleftheriou Venizelou, Chania",35.5163432,24.0179123,"tourist_attraction, point_of_interest, establishment"
Chania,ChIJ-XKrPrx9nBQRo0rCAqRbqnI,Fountain,4.3,"Platia Eleftheriou Venizelou 2-14, Chania",35.5163938,24.017934,"tourist_attraction, point_of_interest, establishment"
Chania,ChIJMeB6EJZ9nBQR80XUucumQ4k,Holy Catholic Church of the Assumption of the Blessed Virgin Mary,4.6,"Chalidon 46, Chania",35.5154322,24.0173117,"tourist_attraction, church, place_of_worship, point_of_interest, establishment"
Chania,ChIJ3awFDgB9nBQRZarx0YyPf2I,Old house,5,"Lithinon 47, Chania",35.5175317,24.0184803,"tourist_attraction, point_of_interest, establishment"
Chania,ChIJYRtaPwB9nBQRxEeuvtZ3YQM,Bougainvillea Alleyway,5,"Kondilaki 47-45, Chania",35.5153354,24.0168425,"tourist_attraction, point_of_interest, establishment"
Chania,ChIJdxo0dgB9nBQRgoHs7z5cwmM,Jevrejski kvart - Topanas,5,"Kondilaki, Chania",35.5158061,24.0169592,"tourist_attraction, point_of_interest, establishment"
Chania,ChIJFb-37Up9nBQRasqUXPiFh5c,Captain Nick - Chania's No.1 Boat Trip,4.8,"7, Κουντουριώτου Street, Chania",35.5166176,24.0173564,"tourist_attraction, travel_agency, point_of_interest, establishment"
Chania,ChIJlfJDErx9nBQRvKib2zUYyN0,Küçük Hasan Mosque,4.5,"Sourmelis 18, Chania",35.5173841,24.01784259999999,"tourist_attraction, point_of_interest, establishment"
Chania,ChIJr9Y3Q7l9nBQRf9HnEshS6_8,Old Venetian Port of Chania,4.8,"Agiou Markou 8, Chania",35.51716549999999,24.0175654,"tourist_attraction, point_of_interest, establishment"
Chania,ChIJk5pamLt9nBQRi4KhTKbFmNA,Lighthouse of Chania,4.8,Chania,35.5195664,24.0167436,"tourist_attraction, point_of_interest, establishment"
Chania,ChIJ-2wCoLx9nBQRbFjIw2WktvY,Byzantine/Post-Byzantine Collection of Chania | Βυζαντινή/Μεταβυζαντινή Συλλογή Χανίων,4.4,"Theotokopoulou 78, Chania",35.5186993,24.01522499999999,"tourist_attraction, museum, point_of_interest, establishment"
Chania,ChIJC-5KEdF9nBQR55YYiAIlIVQ,Kouloura Chalepa,4.6,"Κόλπος Χανίων,",35.5217702,24.0409874,"tourist_attraction, point_of_interest, establishment"
Nafplio,ChIJPRxsGHL6nxQRgl60bKDm-W4,Mycenean Acropolis of Tiryns,4.4,Peloponnese,37.6008784,22.7988229,"tourist_attraction, point_of_interest, establishment"
Nafplio,ChIJdW_t7pv6nxQR_tgksy1mGc4,Nafplio Port,4.7,"PORT, Nafplio",37.5676441,22.7962327,"tourist_attraction, point_of_interest, establishment"
Nafplio,ChIJtUjbKpj6nxQRBieV5BtzHoU,War Museum Nafplio,4.6,"Leoforos Vasilisis Amalias 22, Nafplio",37.5660684,22.7987735,"tourist_attraction, museum, point_of_interest, establishment"
Nafplio,ChIJjVZJuZ36nxQRjP48CJPEilI,Fortress of Palamidi,4.7,"Palamidiou, Nafplio",37.5620145,22.8038145,"tourist_attraction, point_of_interest, establishment"
Nafplio,ChIJhzX4o5f6nxQRwBA--voKkP8,Archaeological Museum of Nafplio,4.7,"Πλατεία Συντάγματος, Nafplio",37.56610999999999,22.7962769,"tourist_attraction, museum, point_of_interest, establishment"
Nafplio,ChIJxzgONZn6nxQRkx7p_ECyd24,National Gallery - Nafplio Department,4.7,"Sidiras Merarchias 23, Nafplio",37.56614949999999,22.8044477,"tourist_attraction, museum, point_of_interest, establishment"
Nafplio,ChIJzRXXGpn6nxQRqg3GUdAVHQI,Theodoros Kolokotronis Statue,4.8,"Dervenakion 3, Nafplio",37.5658955,22.8023979,"tourist_attraction, point_of_interest, establishment"
Nafplio,ChIJ2-XhYIv7nxQRg8nzCDTmKCE,Σιντριβάνι Πάρκου Καποδίστρια,4.7,"Sidiras Merarchias 1, Nafplio",37.56600359999999,22.80107599999999,"tourist_attraction, point_of_interest, establishment"
Nafplio,ChIJnxdKEG77nxQRAxPpdceqtnQ,Πλατεία Τριών Ναυάρχων,4.8,Nafplion,37.5658801,22.7996598,"tourist_attraction, point_of_interest, establishment"
Nafplio,ChIJM7twMpj6nxQRbaFQQMwYxO0,Otto Statue,4.6,"Vasileos Konstantinou 28, Nafplio",37.5658152,22.7994063,"tourist_attraction, point_of_interest, establishment"
Nafplio,ChIJBYIAO5j6nxQRvWhBeJtFLhw,St. George Holy Orthodox Metropolitan Church,4.7,"Plapouta, Nafplio",37.56516569999999,22.7994816,"tourist_attraction, church, place_of_worship, point_of_interest, establishment"
Nafplio,ChIJ5XZm_XXwnxQRN22LICZLToM,sleeping lion,4.6,"Michail Iatrou 22, Nafplio",37.56634459999999,22.8112784,"tourist_attraction, point_of_interest, establishment"
Nafplio,ChIJId8lBnbwnxQR2uMDFJEEwoo,Lion of the Bavarians,4.7,"Michail Iatrou 24, Nafplio",37.5663223,22.8113344,"tourist_attraction, point_of_interest, establishment"
Nafplio,ChIJS6gmR7n7nxQRJgkSMtRl20o,Πλατεία Αγίου Σπυρίδωνα,4.8,"Ioanni Kapodistriou 28, Nafplio",37.5652255,22.7983146,"tourist_attraction, point_of_interest, establishment"
Nafplio,ChIJ789alBz7nxQRwKQ2P1Ecdv0,Anna Douka Handmade Jewelry,4.9,"Κωτσονοπούλου 6 &, Vasileos Alexandrou, Nafplio",37.5667371,22.7978398,"jewelry_store, tourist_attraction, store, point_of_interest, establishment"
Nafplio,ChIJqzTq8pf6nxQReYp-3KbfbS0,Church of Saint Spyridon,4.8,Nafplion,37.5652882,22.7981061,"tourist_attraction, church, place_of_worship, point_of_interest, establishment"
Nafplio,ChIJuXhkl5f6nxQRjVsChQrmCkM,Trianon Mosque,3.9,"Vasileos Konstantinou 4, Nafplio",37.56580830000001,22.7973585,"tourist_attraction, point_of_interest, establishment"
Nafplio,ChIJm4Dk_oz7nxQRzzXrILMret8,Syntagma Square - Nafplio,4.8,"Unnamed Road, Nafplio",37.5660038,22.7967925,"tourist_attraction, point_of_interest, establishment"
Nafplio,ChIJPdDQBJf6nxQR2SAmn7Dvq4w,Filellinon Square,4.8,"Boumpoulinas, Nafplio",37.56724030000001,22.7963113,"tourist_attraction, point_of_interest, establishment"
Nafplio,ChIJKVxNt5f6nxQROVqpscpVNRI,Vouleftiko - First Parliament of Greece,4.6,"Staikopoulou, Nafplio",37.5656836,22.79635189999999,"mosque, tourist_attraction, place_of_worship, point_of_interest, establishment"
Nafplio,ChIJxzuO2pf6nxQRebGe1HKWZgk,The Clocktower - Nafplio,4.6,"unnamed road, Nafplio",37.5646387,22.7964585,"tourist_attraction, point_of_interest, establishment"
Nafplio,ChIJl-dk-Zf6nxQRj8MLCr8Hh7o,Fortress of Akronauplía,4.7,"Fotomara 4, Nafplio",37.5644872,22.7964732,"tourist_attraction, point_of_interest, establishment"
Nafplio,ChIJQdPv6Wr7nxQRzrrt-mLcyuU,Psaromachala Square,4,Nafplion,37.56517419999999,22.7941595,"tourist_attraction, point_of_interest, establishment"
Nafplio,ChIJvX01Epb6nxQRjiTIVrKLJYc,Five Brothers,4.6,"Staikopoulou, Nafplio",37.56540169999999,22.7931919,"tourist_attraction, point_of_interest, establishment"
Nafplio,ChIJUbX_0JX6nxQRpj1tItDJnSA,Nafplio Lighthouse,4.8,Nafplion,37.56702810000001,22.7921133,"tourist_attraction, point_of_interest, establishment"
Nafplio,ChIJn4ubdp7wnxQRdB9ASNfiLd4,Vaulted tomb of Tiryns,4.6,Nea Tiryntha,37.59644729999999,22.81252599999999,"tourist_attraction, point_of_interest, establishment"
Nafplio,ChIJd6H22Vn6nxQRhJKfvH8Vos4,Naplio-Nea Kios Wetlands,4.5,"Nafpliou Neas Kiou, Nafplio",37.5907605,22.7743988,"tourist_attraction, park, point_of_interest, establishment"
Nafplio,ChIJUb9UWt77nxQRWrupWUsxoxw,Dalamanara Beach,3.8,,37.5899192,22.7641367,"tourist_attraction, point_of_interest, establishment"
Nafplio,ChIJhWsxPMPwnxQR02mJz7_tNBs,πυργόσπιτο αγίου αδριανού,4.4,Agios Adrianos,37.5980551,22.8450256,"museum, tourist_attraction, point_of_interest, establishment"
Nafplio,ChIJtYpMHULxnxQRApln_Ttpjw4,Altes Wasserrad - Old Water Wheel - Water Pump,2.4,"Eparchiaki Odos Lefkakion - Tolou 36, Asini",37.5453963,22.8638873,"tourist_attraction, point_of_interest, establishment"
Nafplio,ChIJiyUiLwr7nxQRl869cJOz8s4,Λασκαρίδειο Λαογραφικό Μουσείο,4.7,"Apostolou Peza 5, Nea Kios",37.58650600000001,22.7427303,"tourist_attraction, museum, point_of_interest, establishment"
Nafplio,ChIJYTYgV6rknxQRpiwH_-MNiKY,Myli Beach,4.1,"Eparchiaki Odos Nafpliou - Milon 21, Mili",37.5570731,22.7176234,"tourist_attraction, point_of_interest, establishment"
Nafplio,ChIJZzx80lzlnxQRZFACJBujVlc,Λιμάνι Κιβέρι,5,Kiveri,37.5241112,22.733789,"tourist_attraction, point_of_interest, establishment"
Nafplio,ChIJpzn1L47knxQR1-pQ0PkYASs,Παραλία Κιβερίου,4.3,Kiveri,37.52582400000001,22.7313495,"tourist_attraction, point_of_interest, establishment"
Nafplio,ChIJ690aCAD7nxQRQin9h34dD4s,Ξεριάς ποταμός,N/A,"JP9Q+V6, Argos",37.6196697,22.7380454,"tourist_attraction, point_of_interest, establishment"
Nafplio,ChIJGb6d9VDxnxQRoXsZrWJeyGU,Λόφος Δρεπάνου,5,Drepano,37.5381644,22.8917995,"tourist_attraction, point_of_interest, establishment"
Nafplio,ChIJlw04uA73nxQRadTyuIf6eto,Mycenaean Acropolis of Midea,4.5,Eparchiaki Odos Argous - Arachneou,37.650152,22.8416973,"tourist_attraction, point_of_interest, establishment"
Delphi,ChIJxRKT8V15XxMRUBQ0p7Cx-Ag,Temple of Apollo,4.8,"Delphi 330 54, Delfi",38.48223400000001,22.5012174,"tourist_attraction, point_of_interest, establishment"
Delphi,ChIJleKhkl15XxMRhYQGG2NqiCo,The Athenian Treasury,4.8,"Athenian Treasury, Delfi",38.4818278,22.5012734,"tourist_attraction, point_of_interest, establishment"
Delphi,ChIJe-B_Imd5XxMR_HEoAfU4b0A,Ancient Stadium of Delphi,4.8,Delphi,38.4828232,22.4983793,"tourist_attraction, point_of_interest, establishment"
Delphi,ChIJjVwmKGZ5XxMRkIBhX54T0tQ,Museum of Delphic Festivals,4.4,Delphi,38.4789023,22.4978043,"museum, tourist_attraction, point_of_interest, establishment"
Delphi,ChIJa40liyd4XxMRx3IGS-z6qNg,MoKa honey Stories tour,5,"E65, Itea",38.4513662,22.4293558,"tourist_attraction, point_of_interest, establishment"
Delphi,ChIJAQH-xdp9XxMR2robVpg0sfg,Folklore Museum of Arachova,4.6,Arachova,38.48061480000001,22.5858499,"tourist_attraction, museum, point_of_interest, establishment"
Delphi,ChIJw_8me5mdoBQRZFZkqAWyTCk,Parnassos Ski Centre,4.1,Arachova,38.5587426,22.5894577,"tourist_attraction, point_of_interest, establishment"
Delphi,ChIJieti2115XxMReUE7di8q8Mg,Castalia Spring,4.5,"Ethniki Odos Livadias Amfissas, Delfi",38.48300849999999,22.5052856,"tourist_attraction, point_of_interest, establishment"
Delphi,ChIJzSE5llt5XxMRSWXx93CjNsY,Tholos of Athena Pronaia,4.7,,38.4801794,22.5078897,"tourist_attraction, point_of_interest, establishment"
Delphi,ChIJkdngSwB5XxMRMKjOz74s9u4,Καταρράκτης Τρούπας,4,Chryso,38.4715182,22.4909247,"tourist_attraction, point_of_interest, establishment"
Delphi,ChIJ2VK6Q4Z7XxMRT22QsT8jVGo,Corycian Cave,4.7,Delphi,38.5156438,22.5216334,"tourist_attraction, point_of_interest, establishment"
Delphi,ChIJZdp-hQt3XxMRKSu4bWFfUv8,MoKa olive stories tour,5,"Ε65, Ιτέα",38.4524586,22.4275936,"tourist_attraction, point_of_interest, establishment"
Delphi,ChIJ48YS4Np9XxMRi224xTOmOKM,Papaioannou Square,5,"Πλατεία Παπαϊωάννου, Arachova",38.47991870000001,22.5839827,"tourist_attraction, point_of_interest, establishment"
Delphi,ChIJvWafXgB_XxMRm0squAL9mZo,Πλατεία Ησαία,N/A,Desfina,38.4172727,22.5295271,"tourist_attraction, point_of_interest, establishment"
Delphi,ChIJJaEpIA54XxMRET2CQ2FsyBM,Ancient Kirra - Itea,4.7,"Eparchiaki Odos Iteas-Distomou 86, Kirra",38.4290143,22.4441832,"tourist_attraction, museum, point_of_interest, establishment"
Delphi,ChIJrxBKtQ94XxMR-Jh0kMyf_WY,Ancient Port Kirra,4.4,Kirra,38.4284273,22.4440271,"tourist_attraction, point_of_interest, establishment"
Delphi,ChIJKUsWZ415XxMRPepZOmlFl8w,Βρυσούλα (Αλμυρόβρυση),4.5,"Ακτή Ποσειδώνος, Kirra",38.427447,22.4395169,"tourist_attraction, point_of_interest, establishment"
Delphi,ChIJlVJ0d0h9XxMRdBjH9XaWF6Y,Arachova Hashtag,4.7,Arachova,38.47704529999999,22.5966326,"tourist_attraction, point_of_interest, establishment"
Delphi,ChIJna5jsvJ5XxMRisXGuAsJlFA,Μνημείο αγωνιστών εθνικής αντίστασης,N/A,"Kirras 0, Itea",38.4295559,22.4302864,"tourist_attraction, point_of_interest, establishment"
Delphi,ChIJAdlEBDR7XxMR_VkiCobhjiE,Eptastomos Cave.,4.4,"Eparchiaki Odos Arachovas-Eptalofou, Eptalofos",38.5599235,22.4908584,"tourist_attraction, point_of_interest, establishment"
Delphi,ChIJRSdlOFZ3XxMRcdqJV82EwxM,Φάρος Μαρίνας Ιτέας,4.6,Μαρίνα Ιτέας,38.429771,22.42296229999999,"tourist_attraction, point_of_interest, establishment"
Delphi,ChIJ4ResgOB9XxMR8QaJAmHycng,Parnassos Ski Chalet Center,3.8,"Unnamed Road, Distomo Arachova Antikira",38.5484418,22.5892176,"tourist_attraction, point_of_interest, establishment"
Delphi,ChIJ9zF5XABxXxMRFQVCDoFOZ4k,Καταρράκτης του διαβόλου,N/A,"HC28+Q3, Amfissa",38.5519129,22.4151694,"tourist_attraction, point_of_interest, establishment"
Delphi,ChIJD083w4ZxXxMRVbwfQETpaxw,Οικία οπλαρχηγού Δυοβουνιώτη,N/A,"Athanasopoulou 2-4, Amfissa",38.5283556,22.3755736,"tourist_attraction, point_of_interest, establishment"
Delphi,ChIJs_WC9rpxXxMR6JJyICKgJuM,Σκάλες Αγ.Νικολάου,5,"Athanasopoulou 4, Amfissa",38.5275144,22.3750553,"tourist_attraction, point_of_interest, establishment"
Delphi,ChIJYWzHUyBxXxMRRbj4f04pw4k,Archaeological Museum of Amphissa,4.8,"Kechagia 8, Amfissa",38.5296135,22.3753034,"tourist_attraction, museum, point_of_interest, establishment"
Delphi,ChIJww9jem9xXxMRl-EjR_vTj38,Συνοικία Χάρμαινας,4.5,"Ipolochagou Koutsogianni 6, Amfissa",38.52610059999999,22.3729729,"tourist_attraction, point_of_interest, establishment"
Delphi,ChIJ_4cBBMdxXxMRZ5ymZQscv14,Αρχαία κρήνη Αρτέμιδος,4,"Christolia Kamperaki 8, Amfissa",38.5305474,22.3746356,"tourist_attraction, point_of_interest, establishment"
Delphi,ChIJqy5Ad4ZlXxMRFhwZY2qFwvo,Waterfall Agoriani,4.7,"Unnamed Road, Επτάλοφος",38.5959703,22.4946627,"tourist_attraction, point_of_interest, establishment"
Delphi,ChIJ_SdQZwBlXxMRTp3Ld6LctPE,7 Πηγές Αγόριανης,N/A,Eptalofos,38.5968665,22.4976497,"tourist_attraction, point_of_interest, establishment"
Delphi,ChIJJ2qyVCxlXxMReGUSiWU0eg0,Πλατεία Αγόριανης,4.7,"Επταλοφου 57, Eptalofos",38.5973165,22.4940097,"tourist_attraction, point_of_interest, establishment"
Delphi,ChIJj_2nvNVlXxMRnFbXPHwmUoc,Γεφυράκι - Καταρράκτης,4.7,"Επταλοφου 57, Eptalofos",38.5985537,22.4936539,"tourist_attraction, point_of_interest, establishment"
Delphi,ChIJnabPTbSDoBQRqPyF5mva8H4,Μπαιντάνης Παρνασσού,5,Arachova,38.5118577,22.6468731,"tourist_attraction, point_of_interest, establishment"
Delphi,ChIJQ__fFgBjXxMRKLCvWebZGUA,Μετεωρολογικός σταθμός Βαθύσταλου Παρνασσού,5,"HJ94+MF, Amfikleia-Elateia",38.569176,22.606216,"tourist_attraction, point_of_interest, establishment"
Delphi,ChIJbx8QV2KdXxMR60Y3QFlpXUk,Παραλία Κεντρί,4.3,"Unnamed Road, Delfi",38.3796356,22.3952454,"tourist_attraction, point_of_interest, establishment"
Delphi,ChIJwSi-I1GdXxMRqsK0UjXTIms,Παραλία Αρμυρίκια,3.3,"E65, Delfi",38.3926583,22.3734621,"tourist_attraction, point_of_interest, establishment"
