city,latitude,longitude,temperature,weather,humidity,wind_speed
Athens,37.9838,23.7275,14.57,scattered clouds,63,2.68
Thessaloniki,40.6401,22.9444,7.38,mist,83,4.12
Santorini,36.3932,25.4615,17.57,light rain,59,1.54
Mykonos,37.4467,25.3289,13.73,scattered clouds,76,6.69
Rhodes,36.4349,28.2176,15.79,scattered clouds,84,3.09
Corfu,39.6249,19.9223,12.12,clear sky,85,3.32
Heraklion,35.3387,25.1442,17.04,few clouds,63,1.54
Chania,35.5112,24.0297,17.1,few clouds,78,4.12
Nafplio,37.5671,22.8047,15.17,broken clouds,68,1.11
Delphi,38.4828,22.501,4.53,overcast clouds,87,1.74
