city,name,type,latitude,longitude,elevation
Rome,Monte Mario,peak,41.9244045,12.4521318,139
Rome,Parco per bambini,park,41.9335659,12.5265612,Unknown
Rome,Monte Ciocci,peak,41.9100014,12.442076,90
Rome,Cedro 1,park,41.8804854,12.4810749,Unknown
Rome,Cedro 2,park,41.8805143,12.4811278,Unknown
Rome,Magnolia,park,41.8804514,12.4810232,Unknown
Rome,Colle Vaticano,peak,41.9027753,12.449895,75
Rome,Villa Strohl Fern,park,41.9144584,12.4782755,Unknown
Rome,Parco Villa Flaviana,park,41.8483009,12.5880248,Unknown
Rome,Unknown,park,41.9424459,12.5149056,Unknown
Rome,Unknown,park,41.9026762,12.469376,Unknown
Rome,Unknown,park,41.9028669,12.4691614,Unknown
Rome,Unknown,park,41.9029078,12.4693733,Unknown
Rome,Parco giochi,park,41.8368292,12.5538211,Unknown
Rome,Collina INA,peak,41.9540647,12.446233,100
Rome,Unknown,park,41.9192863,12.4731199,Unknown
Milan,Monte Stella,peak,45.4908758,9.1344782,185
Milan,Collina del Parco Lambro,peak,45.4940683,9.2472154,143
Milan,Parco Torri,park,45.5140346,9.2831039,Unknown
Milan,Chiostro Refaat Alareer,park,45.460134,9.1945702,Unknown
Florence,Poggio Pratone,peak,43.8330676,11.3440244,702
Florence,Monte Acuto,peak,43.8487709,11.2326324,609
Florence,Poggio Balletto,peak,43.8473155,11.2486488,690
Florence,Poggio Caselli,peak,43.8480326,11.3010092,317
Florence,Monte Cuccioli,peak,43.7361062,11.2501247,137
Florence,Monte Sant'Antonio,peak,43.68912,11.2537796,316
Florence,Monte delle Sante Marie,peak,43.6822114,11.2590167,337
Florence,Monte di Meccoli,peak,43.697891,11.2487852,303
Florence,Poggio Balestrieri,peak,43.7568891,11.3709857,450
Florence,Poggio Terra Bianca,peak,43.7564367,11.3584579,434
Florence,Poggio dell'Incontro,peak,43.7515687,11.3693191,480
Florence,Poggio al Giro,peak,43.8523553,11.2505669,747
Florence,La Poggiona,peak,43.7150163,11.1717566,352
Florence,Poggio Issi,peak,43.7122434,11.1906212,237
Florence,Poggio Valicaia,peak,43.7160267,11.1561766,381
Florence,Poggio delle Monache,peak,43.7134937,11.1885147,238
Florence,Unknown,park,43.764278,11.2835492,Unknown
Florence,Poggio al Torrino,peak,43.7025555,11.3014168,187.9
Florence,Unknown,peak,43.8529997,11.2470648,733
Florence,Unknown,peak,43.854271,11.2524041,737
Florence,La Cipressa,park,43.75366,11.3326714,Unknown
Florence,Monte Pilli,peak,43.7384149,11.3646419,Unknown
Florence,Monte Ceceri,peak,43.801447,11.3042003,414
Florence,Poggio alle Tortore,peak,43.8066395,11.3465549,515
Florence,Cancello,park,43.6980467,11.2822216,Unknown
Florence,Unknown,peak,43.8359867,11.2229581,179
Florence,Monte Govino,peak,43.8279693,11.2709186,Unknown
Florence,Monte Rinaldi,peak,43.8124806,11.2809376,285
Florence,Poggio San Francesco,peak,43.8080209,11.2900527,343
Florence,Montenopoli,peak,43.8184383,11.2792062,282
Florence,Montepiano,peak,43.8135479,11.2625017,234
Florence,Monterivecchi,peak,43.8157158,11.2564156,220
Florence,Poggio Panichi,peak,43.8263308,11.246707,201
Florence,Poggio Magrini,peak,43.8064976,11.3057884,404
Florence,Monte Muscoli,peak,43.8157812,11.3241317,566
Florence,Poggio Uccellare,peak,43.8474111,11.3151543,348
Venice,Unknown,park,45.4829217,12.2215887,Unknown
Naples,Monte Spina,peak,40.8287172,14.1637874,159
Naples,Monte Echia,peak,40.8312303,14.2479212,Unknown
Naples,Parco Urbano Meravilla,park,40.8492663,14.3703479,Unknown
Naples,"Lungomare di Napoli, Via Francesco Caracciolo",park,40.8318889,14.2304472,Unknown
Naples,Parco pubblico comunale,park,40.903707,14.3384676,Unknown
Naples,Giardinetti,park,40.8520801,14.2196454,Unknown
Naples,Parco Giorgio Ascarelli,park,40.8243797,14.1937493,Unknown
Naples,Pinnetina Monterosa,park,40.8995875,14.2509059,Unknown
Naples,Parco Nani,park,40.914884,14.2365997,Unknown
Naples,Parco Urbano dei Camaldoli (Ingresso Sud),park,40.8602699,14.1938982,Unknown
Naples,Collina dei Camaldoli,peak,40.8584336,14.1921844,457
Naples,Monte Coroglio,peak,40.7984204,14.1775876,151
Naples,Unknown,peak,40.8171456,14.2002584,190
Naples,Collina del Vomero,peak,40.8433628,14.2395788,251
Naples,Area 3,park,40.8657489,14.2502692,Unknown
Naples,Area 4,park,40.8656333,14.250634,Unknown
Naples,Area 1,park,40.8662186,14.2510974,Unknown
Naples,Area 2,park,40.8662037,14.2508509,Unknown
Verona,Monte Ongarine,peak,45.4758789,10.9829199,311
Verona,Monte Cavro,peak,45.4756733,10.9693473,222
Verona,Monte Cucco,peak,45.509726,11.0458356,460
Verona,Giardini Lidia Poët,park,45.4317958,10.9936691,Unknown
Verona,Parco Università degli studi di Verona,park,45.4360045,11.0024244,Unknown
Bologna,Monte Pradone,peak,44.4528401,11.2959586,255
Bologna,Monte Donato,peak,44.4565302,11.3508766,Unknown
Bologna,Monte Paderno,peak,44.4507578,11.3194732,358
Bologna,Colle di Barbiano,peak,44.4636819,11.3456855,Unknown
Bologna,Colle di Casaglia,peak,44.4784303,11.3071511,205
Bologna,Unknown,peak,44.4619635,11.3567766,Unknown
Bologna,Unknown,peak,44.4790184,11.3407456,Unknown
Bologna,Monte Cuccolino,peak,44.463181,11.3313989,232
Bologna,Monte Calvo,peak,44.4242753,11.3743365,389
Bologna,Unknown,nature_reserve,44.4199409,11.2846117,Unknown
Bologna,Oasi Naturale San Gherardo,park,44.4251113,11.2876863,79
Bologna,Collina dei Celestini,peak,44.4320181,11.2595277,Unknown
Bologna,Monte Grana,peak,44.4622285,11.2985973,269
Bologna,Monte San Vittore,peak,44.4663797,11.3416621,283
Bologna,Unknown,park,44.5360121,11.3019325,Unknown
Bologna,Unknown,peak,44.4419798,11.2504377,296
Bologna,Unknown,peak,44.4427388,11.2470146,306
Bologna,Colle della Guardia,peak,44.4792767,11.2985256,280
Bologna,Giardino Carlo Descovich,park,44.4829383,11.3421498,Unknown
Bologna,Unknown,peak,44.4503708,11.29422,215
Bologna,Monte Olive,peak,44.4513365,11.2417595,306
Bologna,Colle dell'Osservanza,peak,44.4814573,11.3305248,225
Bologna,Monte Aperto,peak,44.467647,11.3297541,245
Bologna,Monte Sabbiuno,peak,44.4312138,11.3173667,392
Bologna,Dente del Diavolo,peak,44.4102129,11.3204187,Unknown
Turin,Colle della Maddalena,peak,45.031147,7.7216501,715
Turin,Monte dei Cappuccini,peak,45.0595794,7.6973499,284
Turin,Bric della Croce,peak,45.0339516,7.732405,710
Turin,Bric Rosero,peak,45.0353645,7.7500147,603
Turin,Bric San Viter,peak,45.028962,7.7428479,623
Turin,Superga,peak,45.0805149,7.7670995,672
Turin,Bric Caros,peak,45.0567513,7.7724798,535
Turin,Bric Brunassa,peak,45.0585706,7.7727158,540
Turin,Monte Aman,peak,45.0665807,7.7801938,600
Turin,Bric San Giacomo,peak,45.0730664,7.7847643,660
Turin,Bric Palouc,peak,45.071839,7.7893562,616
Turin,Bric Sueri,peak,45.0704621,7.7836247,628
Turin,Montosolo,peak,45.0501697,7.7761066,599
Turin,Monte Cervet,peak,45.0619287,7.7849449,568
Turin,Bric Barletta,peak,45.0558649,7.7862793,509
Turin,Monte Calvo,peak,45.0197956,7.7082827,592
Turin,Monte Capra,peak,45.0426146,7.7362682,633
Turin,Bric del Duca,peak,45.0741587,7.7801827,671
Turin,Bric Pietraforata,peak,45.0789134,7.8021724,593
Turin,Unknown,peak,45.0788176,7.8066215,573
Turin,Unknown,peak,45.0771397,7.7980727,589
Turin,Bric del Pilonetto,peak,45.0748854,7.7973649,Unknown
Turin,Bric Merlo,peak,45.0949499,7.7679828,Unknown
Turin,Bric Giardin,peak,45.0874411,7.7723068,560
Turin,Unknown,peak,45.0149484,7.7052341,534
Turin,Unknown,peak,45.0111159,7.7001993,447
Turin,Unknown,peak,45.0116481,7.689667,302
Turin,Unknown,peak,45.0119386,7.7193139,408
Turin,Unknown,peak,45.0140646,7.7166806,434
Turin,Unknown,peak,44.9983152,7.7265518,303
Turin,Unknown,peak,45.0551667,7.7155167,389
Turin,Bric dlà Serra,peak,45.0382516,7.7598721,599
Turin,Unknown,peak,45.0407333,7.7636333,615
Turin,Unknown,peak,45.0515667,7.75775,527
Turin,Unknown,peak,45.0623833,7.7450667,417
Turin,Unknown,peak,45.0661088,7.7394708,407
Turin,Unknown,peak,45.0703,7.7383667,376
Turin,Unknown,peak,45.0714667,7.7367167,398
Turin,Unknown,peak,45.0617833,7.7531667,454
Turin,Unknown,peak,45.0689667,7.7487833,422
Turin,Unknown,peak,45.06685,7.7519167,414
Turin,Unknown,peak,45.07105,7.7454667,396
Turin,Unknown,peak,45.0436333,7.7034667,507
Turin,Unknown,peak,45.04035,7.7062667,525
Turin,Unknown,peak,45.04045,7.6891167,325
Turin,Bric Rocca,peak,45.0915872,7.7791324,492
Turin,Bric Castlètt,peak,45.0845375,7.7838517,477
Turin,parco Pinocchio,park,45.0714149,7.5905916,Unknown
Turin,Unknown,park,45.075157,7.5609191,Unknown
Turin,Bambini di Beslan,park,45.0734789,7.5610119,Unknown
Turin,Unknown,park,45.0755743,7.5684228,Unknown
Turin,Nuovi Giardini,park,45.0721677,7.7022121,Unknown
Turin,Bric delle Ghiaie,peak,45.0544245,7.7599377,Unknown
Pisa,Monte Faeta,peak,43.7580988,10.4956085,830
Pisa,Cima Stipareccia,peak,43.7432213,10.5050807,584
Pisa,Cima della Sughereta,peak,43.7421609,10.4833872,313
Pisa,Colle Grosso,peak,43.7388809,10.4983112,316
Pisa,Le Cimette,peak,43.7896054,10.4399127,452
Pisa,Monte Aguzzo,peak,43.7986311,10.4451862,393
Pisa,Monte Castellare,peak,43.7580644,10.4512608,266
Pisa,Monte Cotrozzi,peak,43.7886431,10.4627195,242
Pisa,Monte Cupola,peak,43.7846776,10.4392776,440
Pisa,Monte Moriglione di Penna,peak,43.792914,10.4545979,543
Pisa,Monte Pervia,peak,43.7950793,10.4418577,423
Pisa,Monte Pian della Conserva,peak,43.7665001,10.4688154,373
Pisa,Monte San Giuliano,peak,43.7729514,10.4491916,326
Pisa,Monte della Conserva,peak,43.7596725,10.4824803,581
Pisa,Terminetto Alto,peak,43.7448642,10.4961771,393
Pisa,Terminetto Basso,peak,43.7403941,10.4924366,280
Pisa,Verruchino,peak,43.7520989,10.5013436,775
Pisa,Monte Arbatrone,peak,43.8007023,10.431864,278
Pisa,Monte Le Corna,peak,43.7711881,10.4884729,552
Pisa,Spuntone,peak,43.7315458,10.4957447,242
Pisa,Monte Bastione,peak,43.8019529,10.3827287,190
Pisa,Monte Bruceto,peak,43.7988558,10.3888777,193
Pisa,Monte Spazzavento,peak,43.7867179,10.3942606,156
Pisa,Monte del Legnaio,peak,43.8027028,10.3769064,183
Pisa,Unknown,peak,43.7534803,10.5010895,766
Pisa,Unknown,peak,43.7546575,10.4992716,786
Pisa,Monte Bianco,peak,43.7042029,10.515803,145
Pisa,Giardino dei Platani,park,43.7189225,10.3938532,Unknown
Pisa,Unknown,peak,43.7675787,10.4513859,252
Pisa,Unknown,peak,43.7652498,10.4535745,242
Pisa,Monte della Conserva,peak,43.7739335,10.463634,172
Siena,I Poggiarini,peak,43.2854931,11.2289488,274
Siena,Monte Morio,peak,43.3480992,11.2152382,500
Siena,Poggio del Lagaccio,peak,43.3187294,11.2228779,369
Siena,Poggio La Piana,peak,43.3028109,11.2412885,320
Siena,Poggiali,peak,43.3434796,11.26906,301.8
Siena,Il Poggione,peak,43.3092761,11.2566058,402
Siena,Piazza ai Lecci,peak,43.3108016,11.2691651,338
Siena,Poggio Cannicci,peak,43.3080625,11.2507292,410
Siena,Poggio La Leccia,peak,43.3005932,11.2786731,276
Siena,Poggio Montecucco,peak,43.2707752,11.320894,243.2
Siena,Poggio del Morvido,peak,43.274871,11.3081233,245
Siena,Poggio dell'Agresto,peak,43.297696,11.3030735,301
Siena,Poggio alle Lame,peak,43.2656259,11.2599055,209
Siena,Poggio le Pietraie,peak,43.3317597,11.2118167,515
Siena,Colle Pinzuto,peak,43.3249373,11.3775373,274.0
Siena,Poggio Teo,peak,43.3758729,11.3227947,336
Siena,Poggio Bandita,peak,43.2335669,11.2925149,233
Siena,Poggio Cappella,peak,43.2525232,11.3207197,251
Siena,Poggio Tondo,peak,43.2609523,11.3452448,250
Siena,Poggio del Cannone,peak,43.2629952,11.3244355,244
Siena,Poggio La Luna,peak,43.2323291,11.3008688,256
Siena,Poggio alle Pietre,peak,43.2406579,11.3215273,255
Siena,Poggio Nero,peak,43.2371858,11.3461818,252
Siena,Il Poggione,peak,43.31788,11.4450189,260
Siena,Poggio al Vento,peak,43.2656686,11.4010357,247
Siena,Poggio Volterrani,peak,43.3774115,11.3745702,371
Siena,Poggio Marzino,peak,43.3651006,11.2362668,442
Siena,Poggio di Chele,peak,43.3355307,11.2684468,296
Siena,Poggio di San Cristoforo,peak,43.2786572,11.276747,250
Siena,Unknown,peak,43.3364005,11.2174038,501
Siena,Unknown,peak,43.3618021,11.2387032,458
Siena,Poggio Peruzzi,peak,43.3189959,11.402725,268
Siena,Colle di Monteaperti,peak,43.315423,11.4394467,242
Siena,Poggio di Mezzapiaggia,peak,43.2906849,11.3265637,241
Siena,Poggio di Doglia,peak,43.2892175,11.3265471,256
Siena,Il Poggio,peak,43.3027569,11.3637392,262.3
Siena,Poggio ai Frati,peak,43.2502482,11.3445115,230
Siena,Poggio Santa Croce,peak,43.2852724,11.3532275,248.9
Siena,Monte Lisi,peak,43.3378438,11.3973099,284.9
