city,latitude,longitude,temperature,weather,humidity,wind_speed
Rome,41.9028,12.4964,10.11,scattered clouds,72,3.09
Milan,45.4642,9.19,5.64,broken clouds,71,1.54
Florence,43.7696,11.2558,8.81,scattered clouds,63,0.51
Venice,45.4408,12.3155,3.07,broken clouds,61,3.6
Naples,40.8518,14.2681,13.72,clear sky,63,1.54
Verona,45.4384,10.9916,4.87,broken clouds,74,2.57
Bologna,44.4949,11.3426,4.73,broken clouds,80,2.57
Turin,45.0703,7.6869,4.62,broken clouds,70,1.03
Pisa,43.7162,10.3966,9.23,broken clouds,64,6.17
Siena,43.3188,11.3308,6.18,broken clouds,68,1.56
