city,place_id,name,rating,address,latitude,longitude,types
Oslo,ChIJEdCjxYBuQUYRKGkCc_T-oPE,Nobel Peace Center,4.4,"Brynjulf Bulls plass 1, Oslo",59.91163349999999,10.7304833,"museum, tourist_attraction, point_of_interest, store, establishment"
Oslo,ChIJMSHMochtQUYRVHjax0HNGfU,Monolitten,4.7,Rolf E. Stenersens allé 85,59.92767389999999,10.6989019,"tourist_attraction, point_of_interest, establishment"
Oslo,ChIJFfcho4tuQUYREdaiosanthw,Oslo Opera House,4.7,"Kirsten Flagstads Plass 1, Oslo",59.90748850000002,10.7531275,"tourist_attraction, point_of_interest, establishment"
Oslo,ChIJad5-7udxQUYRMPsRz5WOcj8,Norwegian Museum of Science and Technology,4.5,"Kjelsåsveien 143, Oslo",59.9669358,10.7833781,"tourist_attraction, museum, point_of_interest, establishment"
Oslo,ChIJOdGZU3xuQUYRRpZUX1Z3YUM,The National Museum,4.6,"Brynjulf Bulls plass 3, Oslo",59.911506,10.7292472,"art_gallery, tourist_attraction, museum, point_of_interest, establishment"
Oslo,ChIJJ0uE7VtuQUYRGxJdLJL1PmU,Munch,4.4,"Edvard Munchs Plass 1, Oslo",59.9059037,10.7552605,"tourist_attraction, museum, point_of_interest, establishment"
Oslo,ChIJn5IXQ89tQUYRqXaN0mEtOw0,Frognerparken,4.7,"Kirkeveien, Oslo",59.92645829999999,10.7034734,"park, tourist_attraction, point_of_interest, establishment"
Oslo,ChIJpaMsOYduQUYRvIhIclNW9lI,Oslo City Hall,4.6,"Rådhusplassen 1, Oslo",59.912284,10.7338751,"city_hall, tourist_attraction, local_government_office, point_of_interest, establishment"
Oslo,ChIJ_RU_NjhsQUYRB-AemP-rpkM,Viking Ship Museum,4.4,"Huk Aveny 35, Oslo",59.90494479999999,10.6844075,"tourist_attraction, museum, point_of_interest, establishment"
Oslo,ChIJezW6eddtQUYRHFnCrMk4cGc,The Royal Palace,4.5,"Slottsplassen 1, Oslo",59.9170987,10.7276314,"tourist_attraction, point_of_interest, establishment"
Oslo,ChIJfXQR5n1uQUYRzYvWqpss9dU,National Theater,4.5,"Johanne Dybwads plass 1, Oslo",59.91442370000001,10.734079,"tourist_attraction, point_of_interest, establishment"
Oslo,ChIJbcQbpTdsQUYRcPVxnHOFQy4,The Norwegian Museum of Cultural History,4.6,"Museumsveien 10, Oslo",59.90749150000001,10.6867036,"tourist_attraction, museum, point_of_interest, establishment"
Oslo,ChIJu4wrvDpsQUYRgF8XWfTcwBU,Kon-Tiki Museum,4.6,"Bygdøynesveien 36, Oslo",59.9035075,10.6979806,"tourist_attraction, museum, point_of_interest, establishment"
Oslo,ChIJAVYeCn9tQUYR-b71kdo6ySs,Holmenkollen Ski Museum,4.6,"Kongeveien 5, Oslo",59.9640897,10.6664141,"museum, tourist_attraction, point_of_interest, establishment"
Oslo,ChIJnXRliGFuQUYRLNRLS_Q9CDM,Oslo Reptile Park,4.2,"Sankt Olavs Gate 2, Oslo",59.9181666,10.7431959,"zoo, tourist_attraction, point_of_interest, establishment"
Oslo,ChIJafNVh2JuQUYRS87dbb5wUrM,Oslo Cathedral,4.4,"Karl Johans gate 11, Oslo",59.91252399999999,10.7468867,"tourist_attraction, church, place_of_worship, point_of_interest, establishment"
Oslo,ChIJA6u0RIxyQUYR9FwjWef9G8Q,Oslo Winter Park,4.4,"Tryvannsveien 64, Oslo",59.98788729999999,10.6668472,"tourist_attraction, point_of_interest, establishment"
Oslo,ChIJMcBwszpsQUYReqPeWg4Oe4A,The Fram Museum,4.7,"Bygdøynesveien 39, Oslo",59.90338130000001,10.699729,"tourist_attraction, museum, point_of_interest, establishment"
Oslo,ChIJsV__us5tQUYRlsdVNqT4Ywg,The Vigeland Park,4.7,"Nobels gate 32, Oslo",59.927029,10.700865,"tourist_attraction, museum, park, point_of_interest, establishment"
Oslo,ChIJtSP6DL1vQUYRbYCAKDpZmuA,Harald Huysman Karting,4.4,"Smalvollveien 34, Oslo",59.91912149999999,10.8365072,"amusement_park, tourist_attraction, point_of_interest, establishment"
Oslo,ChIJ6YTWrmZuQUYR67M-UX44Hgc,Kulturkirken Jakob,4.5,"Hausmanns gate 14, Oslo",59.91803299999999,10.7541217,"church, tourist_attraction, place_of_worship, point_of_interest, establishment"
Oslo,ChIJbcBYus5tQUYRAQVENosTVKQ,The Vigeland Museum,4.6,"Nobels gate 32, Oslo",59.92275419999999,10.7000867,"tourist_attraction, museum, point_of_interest, establishment"
Oslo,ChIJJciAwTpsQUYRfGgnc_Iwv8c,Norwegian Maritime Museum,4.4,"Bygdøynesveien 37, Oslo",59.9028133,10.6986424,"tourist_attraction, museum, point_of_interest, establishment"
Oslo,ChIJGz5l5M5tQUYRLaB1udUWVJE,Oslo City Museum (Oslo Bymuseum),4.3,"Halvdan Svartes gate 58, Oslo",59.92389429999999,10.7030618,"museum, tourist_attraction, point_of_interest, establishment"
Oslo,ChIJf0G7hltuQUYROAg3_gkGlEk,Naturhistorisk museum,4.6,"Sars' gate 1, Oslo",59.9201373,10.770986,"museum, tourist_attraction, point_of_interest, establishment"
Oslo,ChIJT4tdJ4luQUYRgMF5nmdF7L8,Astrup Fearnley Museum Of Modern Art,4.3,"Strandpromenaden 2, Oslo",59.90680829999999,10.7215536,"museum, tourist_attraction, point_of_interest, establishment"
Oslo,ChIJ0SSOBqppQUYR66_8ku-3PSk,Ingierstrand Bad,4.4,"Ingierstrandveien 27, Svartskog",59.8183055,10.7490928,"tourist_attraction, point_of_interest, establishment"
Oslo,ChIJw6hs2XduQUYR2g-9v17yeck,Fagerborg Church,4.4,"Pilestredet 72, Oslo",59.92722219999999,10.7297222,"tourist_attraction, church, place_of_worship, point_of_interest, establishment"
Oslo,ChIJwWHZemJuQUYRlKPD-flvrVM,Oslo Bazaars,4.2,"Dronningens gate 27, Oslo",59.9122739,10.7478204,"tourist_attraction, point_of_interest, establishment"
Oslo,ChIJb_iS8YZuQUYRASKo1ZmoaCs,Kystlaget Viken,4.3,"Akershuskai Nordre, Oslo",59.9094695,10.7345186,"tourist_attraction, point_of_interest, establishment"
Oslo,ChIJxe5YP85vQUYRkgT5-lYTtj4,Bjerkedalen park,4.5,"Refstadveien, Oslo",59.9398156,10.8219624,"park, tourist_attraction, point_of_interest, establishment"
Oslo,ChIJ_RGL6vZuQUYRHdgqH3ImMBY,Memorial Park With St. Olav's Monastery & St. Hallvard's Cathedral,4.2,"Ruinparken, Sankt Halvards gate, Oslo",59.905865,10.7688708,"tourist_attraction, point_of_interest, establishment"
Oslo,ChIJ6VY9dYJuQUYRx8QHyJP9EDI,The Sneak Peak,4.2,"Bryggegangen, Oslo",59.90700609999999,10.7206581,"tourist_attraction, landmark, point_of_interest, establishment"
Oslo,ChIJ06nMb2JuQUYRMWRNjdwbi_4,Norsk Speidermuseum,4.8,"Industriveien 40, Sandvika",59.8911993,10.5084151,"museum, tourist_attraction, point_of_interest, establishment"
Oslo,ChIJI5jHn99kQUYRyMbEBsCnf4M,Lørenskog bygdemuseum - MiA,4.4,"Løkenåsveien 29, Lørenskog",59.92017860000001,10.9577157,"museum, tourist_attraction, point_of_interest, establishment"
Oslo,ChIJ2-zrHWNuQUYRfsO1BAVC8DI,22. juli-Senteret,4.7,"Teatergata 10, Oslo",59.9159596,10.7427013,"museum, tourist_attraction, point_of_interest, establishment"
Oslo,ChIJewmZ_YhuQUYRuguFHCTg6Hw,Byens andre Rådhus,3.7,"Rådhusgata 7, Oslo",59.9090335,10.7447266,"museum, tourist_attraction, point_of_interest, establishment"
Oslo,ChIJk2MpLF9uQUYRo6pGmLJemjg,St Hallvards Kirke,4.7,"Enerhauggata 4, Oslo",59.9127812,10.7694801,"tourist_attraction, church, place_of_worship, point_of_interest, establishment"
Oslo,ChIJ-9-NIfNuQUYRESqAyZwzWEU,Losæter,4.4,"Kongshavnveien, Bjørvika,, Oslo",59.9030175,10.7585573,"park, tourist_attraction, point_of_interest, establishment"
Oslo,ChIJ_3573IBuQUYRm3541BMvp7A,Stasjonsmesterboligen,4.1,"Brynjulf Bulls plass 2, Oslo",59.91099380000001,10.7300264,"museum, tourist_attraction, point_of_interest, establishment"
Oslo,ChIJ6eKno_NuQUYRvcEXahY0ch0,Mariakirkens ruiner,4.1,"Sørenga 5, Oslo",59.9034515,10.7621204,"tourist_attraction, point_of_interest, establishment"
Oslo,ChIJkeeC-_NuQUYRtmwHOXfilBI,Ruins of St. Clement's Church,4.1,"Gamle Oslo, Oslo",59.90432069999999,10.7657096,"tourist_attraction, church, place_of_worship, point_of_interest, establishment"
Oslo,ChIJOSC1AH9uQUYRLR0Vf5KZsPI,Slottsplassen,4.6,"Karl Johans gate, Oslo",59.91684089999999,10.7284998,"tourist_attraction, point_of_interest, establishment"
Oslo,ChIJaxAHb9VtQUYRcH_1Z8DlvO8,The Queen Sonja Art Stable,4.3,"Parkveien 50, Oslo",59.9161579,10.7232231,"tourist_attraction, museum, point_of_interest, establishment"
Oslo,ChIJEzh4nO1uQUYRH_xWU6duVsQ,Ekeberg Skulpturpark,4.6,"Kongsveien 23, Oslo",59.89852399999999,10.7597649,"tourist_attraction, museum, point_of_interest, establishment"
Oslo,ChIJZ8TCRWxuQUYRcpLZ4-G5sww,Labour Museum,4.3,"Sagveien 28, Oslo",59.9308971,10.7557825,"museum, tourist_attraction, point_of_interest, establishment"
Oslo,ChIJZZX7TZpuQUYRupdehzQ31GM,Lavetthuset,4.4,"Hovedøya, Oslo",59.8981585,10.7312043,"museum, tourist_attraction, point_of_interest, establishment"
Oslo,ChIJP6WMa9xtQUYRAhintZrjJnk,Anne Kari Ødegård,N/A,"Suhms gate 20A, Oslo",59.93315089999999,10.7195894,"tourist_attraction, point_of_interest, establishment"
Oslo,ChIJzw6X1zdsQUYRZLdUMlCPhBo,Gol Stave Church,4.7,"Museumsveien 10, Oslo",59.9080351,10.6833793,"church, tourist_attraction, place_of_worship, point_of_interest, establishment"
Oslo,ChIJp0V68X9yQUYRkzQSHaNrkJs,Holmenkollen Chapel,4.7,Oslo,59.96567169999999,10.6723267,"tourist_attraction, church, place_of_worship, point_of_interest, establishment"
Oslo,ChIJAVYeCn9tQUYREh5yngL6LvY,Skisimulator,2.9,"Kongeveien 5, Oslo",59.9646494,10.6671184,"tourist_attraction, point_of_interest, establishment"
Oslo,ChIJC4eGFBNuQUYR8OLMLtU6rNk,Kollensvevet Zipline & activities in Holmenkollen,4.4,"Kongeveien 5, Oslo",59.9643766,10.6660077,"tourist_attraction, point_of_interest, establishment"
Oslo,ChIJPbwjAYVlQUYRFb4nIPYd7tg,Sarabråten,4.6,"Mariholtveien, Oslo",59.8918974,10.8788836,"tourist_attraction, point_of_interest, establishment"
Oslo,ChIJxVF5b1FlQUYRCsHhIomYW2U,Baitun Nasr Mosque - House of A||ah,4.6,"Søren Bulls Vei 1, Oslo",59.9396467,10.8984129,"mosque, tourist_attraction, place_of_worship, point_of_interest, establishment"
Oslo,ChIJadRVALUSQUYR8V0SkBFLQ8Y,Grinimuseet,4.5,"Jøssingveien 31, Eiksmarka",59.9557625,10.5847105,"tourist_attraction, museum, point_of_interest, establishment"
Oslo,ChIJWQl307h6QUYRY5mcvF-q8vw,Stovner Tower,4.3,"Karl Fossums vei 30, Oslo",59.96115709999999,10.9295647,"tourist_attraction, point_of_interest, establishment"
Oslo,ChIJOdDojc16QUYRZPyFEg23P4U,Megafun Lekeland,4.1,"Skoglistubben 21, Lørenskog",59.94673899999999,10.9446748,"tourist_attraction, restaurant, food, point_of_interest, establishment"
Oslo,ChIJnRymel4TQUYRX3SQ-k-doqs,"Sandvika Fjordturer AS, M/S Rigmor og M/S Rigfar",4.2,"Rigmorbryggen, Kadettangen 18, Sandvika",59.8882597,10.5277123,"tourist_attraction, point_of_interest, establishment"
Oslo,ChIJEfA163gTQUYRd8hoWhbQWqU,Emma Hjorth museum,4.6,"Emma Hjorths vei 64, Sandvika",59.8938428,10.4914367,"museum, tourist_attraction, point_of_interest, establishment"
Oslo,ChIJjZ7TnUF7QUYRFyPVGSzU9BI,Sagelvas Venner - Mølleparken - Strømmensaga - Strømmenkverna - Strømmen sidebane,4.4,"Strømsveien 119, Strømmen",59.95718059999999,11.0151375,"tourist_attraction, museum, point_of_interest, establishment"
Bergen,ChIJPX2owAv5PEYRKT4wxfIgFL8,Fantoft Stave Church,4.3,"Fantoftvegen 38, Bergen",60.3393031,5.353289999999999,"church, tourist_attraction, place_of_worship, point_of_interest, establishment"
Bergen,ChIJ4TG-gB38PEYRLiN1fX1lePI,Bryggen,4.7,Bergen,60.3975672,5.3245494,"tourist_attraction, point_of_interest, establishment"
Bergen,ChIJ6TU-lBD8PEYR63yf2sh2Ekc,Akvariet i Bergen - The National Aquarium,4.2,"Nordnesbakken 4, Bergen",60.3996913,5.303370999999999,"aquarium, zoo, tourist_attraction, point_of_interest, establishment"
Bergen,ChIJm46nd5H5PEYRBnw82R8cUQg,Troldhaugen,4.6,"Troldhaugvegen 65, Paradis",60.31962499999999,5.329447,"museum, tourist_attraction, point_of_interest, establishment"
Bergen,ChIJHyXx2E75PEYRAOif-RCbO88,Gamle Bergen Museum - Bymuseet i Bergen,4.5,"Elsesro, Nyhavnsveien 4, Bergen",60.4181597,5.3093194,"museum, tourist_attraction, point_of_interest, establishment"
Bergen,ChIJlwnT2gH8PEYRS_SzIVX4VKY,University Museum - Museum Of History,4.4,"Haakon Sheteligs plass 10, Bergen",60.3868748,5.320336,"museum, university, tourist_attraction, point_of_interest, establishment"
Bergen,ChIJm-dYP1P5PEYRMiLoAn1BujY,VilVite - Bergen Science Center,4.6,"Thormøhlens Gate 51, Bergen",60.3816393,5.3296617,"tourist_attraction, museum, store, point_of_interest, establishment"
Bergen,ChIJ761ILR38PEYRCb6WxFB1hgE,Buekorpsmuseet i Bergen,4.5,"Murhvelvingen, Bergen",60.39479829999999,5.319889199999999,"museum, tourist_attraction, point_of_interest, establishment"
Bergen,ChIJ0fMxaKn-PEYRStaFCqeXGYE,Kode - Stenersen building,4.4,"Rasmus Meyers allé 3, Bergen",60.38995389999999,5.3251252,"tourist_attraction, museum, point_of_interest, establishment"
Bergen,ChIJq4GNgED5PEYRL9y97G36Fa0,Hindu Sabha Bergen,4.6,"Storetveitvegen 5, Bergen",60.36115820000001,5.3507659,"hindu_temple, tourist_attraction, place_of_worship, point_of_interest, establishment"
Bergen,ChIJIVWftCH8PEYRie0zLbqycxI,Sandviksboder Kystkultursenter,4.3,"Sjøgaten 15-17, Bergen",60.407463,5.321384,"tourist_attraction, point_of_interest, establishment"
Bergen,ChIJ8_PISov_PEYRpguaJS6euSA,Museet Gamle Vossebanen,4.5,"Tunesvegen 8, Garnes",60.4464218,5.470193499999999,"museum, tourist_attraction, point_of_interest, establishment"
Bergen,ChIJGfjITRn8PEYRyHW_twRghBw,Norway Fisheries Museum,4.4,"Sjøgaten 23, Bergen",60.4080429,5.3216969,"tourist_attraction, museum, point_of_interest, establishment"
Bergen,ChIJyRovnB78PEYRcRBsWgd7ys4,Bergenhus Fortress Museum,4.6,"Bergenhus 30, Bergen",60.39977209999999,5.3214973,"tourist_attraction, museum, point_of_interest, establishment"
Bergen,ChIJoVxneQL8PEYRCbnkrhZsxo8,Rosenkrantz Tower,4.3,"Bergenhus 4, Bergen",60.39903929999999,5.3182983,"museum, tourist_attraction, point_of_interest, establishment"
Bergen,ChIJ2Qd2yqn-PEYRcXKRByzMuo4,Musikkpaviljongen,4.6,"Olav Kyrres gate 27, Bergen",60.3913709,5.3248729,"tourist_attraction, point_of_interest, establishment"
Bergen,ChIJwyDl9aj-PEYRyec72CsTLmE,Hagerupsgården,4.5,"Rådstuplassen 9, Bergen",60.3926306,5.327372999999999,"museum, tourist_attraction, point_of_interest, establishment"
Bergen,ChIJ__8vXan-PEYR3BEaaiCudzw,Lysverket,4.3,"Rasmus Meyers allé 9, Bergen",60.3892166,5.328982499999999,"tourist_attraction, museum, point_of_interest, establishment"
Bergen,ChIJwaB9Jq_-PEYRYZRJznkon6Y,Leprosy Museum St. Jørgen's Hospital,4.4,"Kong Oscars gate 59, Bergen",60.39165370000001,5.332922099999999,"museum, tourist_attraction, point_of_interest, establishment"
Bergen,ChIJ1Wlb26f-PEYRaciiGqJ2SHg,Bryggen Hansa Quarter,4.7,"Torget 13, Bergen",60.3971021,5.323543799999999,"tourist_attraction, point_of_interest, establishment"
Bergen,ChIJYXlh3xD8PEYRmhiNcWbnmB4,Nordnesparken,4.7,"Nordnesparken 1, Bergen",60.400027,5.3023132,"park, tourist_attraction, point_of_interest, establishment"
Bergen,ChIJkRlNq035PEYRKZqjA_T_6Xg,Tag Team Studio,3.7,"Møllendalsveien 17, Bergen",60.37898149999999,5.3420573,"museum, tourist_attraction, point_of_interest, establishment"
Bergen,ChIJg_L60XP5PEYR-NWwc2C4DB0,Scandinavian Seaplanes AS,4.5,"Kristiansholm 8, Bergen",60.4090155,5.318268899999999,"tourist_attraction, airport, travel_agency, point_of_interest, establishment"
Bergen,ChIJmZak_Z3-PEYRobMMoCaM8C4,Stoltzen Start,4.8,"Stoltzekleiven, Bergen",60.4115242,5.327994299999999,"tourist_attraction, park, point_of_interest, establishment"
Bergen,ChIJlziilrT9PEYRkhW0sYFvUcw,Hellen fortress,4.5,Bergen,60.4325364,5.2887594,"tourist_attraction, point_of_interest, establishment"
Bergen,ChIJyyxTfy34PEYRNbTXVlaMKGY,Høyt & Lavt Bergen,4.7,"Osvegen 141, Nesttun",60.2990125,5.377736599999999,"amusement_park, tourist_attraction, point_of_interest, establishment"
Bergen,ChIJ3UlTK-3kPEYR0Ydi6JLkK9Q,Foldnes kirke,4.6,"Austre Skiftedalsvegen 25, Straume",60.3673502,5.126743799999999,"church, tourist_attraction, place_of_worship, point_of_interest, establishment"
Bergen,ChIJw0y18aLlPEYRzGIt7M8d3ys,Fjell Fortress,4.5,Festningsvegen,60.3253299,5.08188,"museum, tourist_attraction, point_of_interest, establishment"
Bergen,ChIJh9yxpgj3PEYRks-UbKOLRHE,Fanafjell,4.6,"Fanafjellsvegen 60, Fana",60.2540983,5.3563117,"tourist_attraction, park, point_of_interest, establishment"
Bergen,ChIJqeTWvhr8PEYRh639Y2ruMYY,USF,4.4,"Georgernes Verft 12, Bergen",60.3958114,5.3093656,"tourist_attraction, art_gallery, movie_theater, point_of_interest, establishment"
Bergen,ChIJ7cFHX7z7PEYRkGidO3CkAsA,Kanadaskogen,4.7,Bergen,60.35790350000001,5.2667775,"park, tourist_attraction, point_of_interest, establishment"
Bergen,ChIJ2b9ilqj-PEYRKJ9T9-IfpXk,Bergen Cathedral,4.1,"Domkirkeplassen 1, Bergen",60.3939223,5.330342599999999,"tourist_attraction, church, place_of_worship, point_of_interest, establishment"
Bergen,ChIJ57mE4QH8PEYRSD_JBhHQyVo,Bergen University Museum - Natural History,4.6,"Muséplassen 3, Bergen",60.3877,5.321559,"tourist_attraction, museum, point_of_interest, establishment"
Bergen,ChIJgVSZtgz7PEYRDu7zuTHeFo4,Vannkanten Waterworld,4.2,"Lyderhornsveien 351, Loddefjord",60.36254109999999,5.2357016,"amusement_park, tourist_attraction, point_of_interest, establishment"
Bergen,ChIJaxs10B38PEYR78b-UsBmAQ4,The King Håkon's Hall,4.3,"Bergenhus 10, Bergen",60.39971910000001,5.317415,"tourist_attraction, museum, point_of_interest, establishment"
Bergen,ChIJWXsIuAH8PEYRtY6JMvsQRho,Bergen Maritime Museum,4.4,"Haakon Sheteligs plass 15, Bergen",60.38693130000001,5.319224999999999,"museum, tourist_attraction, point_of_interest, establishment"
Bergen,ChIJSeTPKBz8PEYRTOOm7nf_L4g,Bryggens Museum,4.3,"Dreggsallmenningen 3, Bergen",60.39821480000001,5.3226073,"museum, tourist_attraction, travel_agency, store, point_of_interest, establishment"
Bergen,ChIJm1SeJqb-PEYR7uzZumfHWRI,Cathedral Vågsalmenningen,4.2,"Nedre Korskirkeallmenningen 20, Bergen",60.39481009999999,5.327933199999999,"church, tourist_attraction, place_of_worship, point_of_interest, establishment"
Bergen,ChIJmfsAiwH8PEYRByW_zPBlzRc,St. John's Church,4.4,"Sydnesplassen 5, Bergen",60.38863319999999,5.3194463,"tourist_attraction, church, place_of_worship, point_of_interest, establishment"
Bergen,ChIJk_8jjR38PEYRkI0vxUczyZI,St. Mary's Church,4.4,"Dreggsallmenningen 15, Bergen",60.3988974,5.3234029,"church, tourist_attraction, place_of_worship, point_of_interest, establishment"
Bergen,ChIJTx_fQHH5PEYR86kCHLClO8s,Gamlehaugen,4.6,"Gamlehaugvegen 10, Paradis",60.342898,5.3366297,"museum, tourist_attraction, park, point_of_interest, establishment"
Bergen,ChIJpVasKBz8PEYRuD_xd3UPN98,Bergenhus Fortress,4.4,Bergen,60.4000024,5.318540699999999,"tourist_attraction, museum, point_of_interest, establishment"
Bergen,ChIJ0Y4Xnqn-PEYRVh2-Y6ywzg8,Bergen Kunsthall,4.3,"Rasmus Meyers allé 5, Bergen",60.3897461,5.326410399999999,"art_gallery, tourist_attraction, museum, point_of_interest, establishment"
Bergen,ChIJoYE1-_f7PEYR1AVz_RqF9P8,Damsgård Country Mansion,4.2,"Alléen 29, Laksevåg",60.38334500000001,5.3020502,"museum, tourist_attraction, point_of_interest, establishment"
Bergen,ChIJU4Q29i_7PEYRLQXQ-BHxGjw,Alvøen Manor,4.5,"Alvøveien 150, Godvik",60.35244639999999,5.1902509,"museum, tourist_attraction, point_of_interest, establishment"
Bergen,ChIJmw4NNjH5PEYR7a953xdpJ-k,Ulriksbanen,4.6,"Haukelandsbakken 40, Bergen",60.37397259999999,5.3637817,"tourist_attraction, restaurant, food, point_of_interest, establishment"
Bergen,ChIJU5qmtan-PEYRR7Em0kryM1g,Festplassen,4.6,"Christies gate, Bergen",60.3910891,5.325849499999999,"tourist_attraction, point_of_interest, establishment"
Bergen,ChIJEVR3FKr-PEYRIUZKM_F8mkk,Det humanistiske Fakultetssekretariat,3,"Bibliotek for Humaniora, Sydnesplassen 7, Bergen",60.3875514,5.323462899999999,"museum, tourist_attraction, point_of_interest, establishment"
Bergen,ChIJkX4DKdT9PEYReRoXKYnopOI,Øvre-Eide Farm,4.6,"Øvre-eide 36, Eidsvåg i Åsane",60.43494949999999,5.3267772,"tourist_attraction, travel_agency, point_of_interest, establishment"
Bergen,ChIJT6g08_75PEYRTZfcyLGH1RA,Siljustøl,4.5,"Siljustølvegen 50, Rådal",60.2939585,5.308220699999999,"museum, tourist_attraction, point_of_interest, establishment"
Bergen,ChIJJdHnhaj-PEYRz5lkgQaIgSA,Østre,4.3,"Østre Skostredet 3, Bergen",60.3937275,5.3281331,"art_gallery, tourist_attraction, night_club, point_of_interest, establishment"
Bergen,ChIJ4-x8fA33PEYRkXg7hl5Ivc4,Fana kirke,4.4,"Fanavegen 320, Bergen",60.26356129999999,5.3496339,"tourist_attraction, church, place_of_worship, point_of_interest, establishment"
Bergen,ChIJ9Vo4bhv8PEYRtFCrYKCODPQ,Nykirken,4.3,"Strandgaten 197B, Bergen",60.3970377,5.313390999999999,"church, tourist_attraction, place_of_worship, point_of_interest, establishment"
Bergen,ChIJLYVKpqr-PEYRLofZ413cYWg,Bergen Technical Museum,4.5,"Thormøhlens Gate 23, Bergen",60.3838196,5.3211622,"museum, tourist_attraction, point_of_interest, establishment"
Bergen,ChIJ0fMxaKn-PEYR35nXxDBx2Co,"KODE, West Norway Museum of Decorative Art",4.2,"Nordahl Bruns gate 9, Bergen",60.3906168,5.324062200000001,"tourist_attraction, museum, point_of_interest, establishment"
Bergen,ChIJzw4yaUH3PEYRFDPTIf_Kgp4,Hordamuseet - Bymuseet i Bergen,4.5,"Hordnesvegen 24, Fana",60.2712253,5.324781299999999,"museum, tourist_attraction, point_of_interest, establishment"
Bergen,ChIJUSDSrfYCPUYRIgvJl_Yl0E8,Textile Industry Museum,4.6,"Salhusvegen 201, Salhus",60.50778829999999,5.271306500000001,"museum, tourist_attraction, restaurant, food, store, point_of_interest, establishment"
Bergen,ChIJWXsIuAH8PEYRyCgqwQVId3g,The Hanseatic Museum and Schøtstuene assembly rooms,4.5,"Øvregaten 50, Bergen",60.39842299999999,5.323692900000001,"tourist_attraction, museum, point_of_interest, establishment"
Bergen,ChIJnXQjM9vwPEYRMUcWNpV5rYY,University gardens of the University Museum Bergen,4.7,"Arboret, Mildevegen 240, Hjellestad",60.2571635,5.2701439,"university, tourist_attraction, park, point_of_interest, establishment"
Bergen,ChIJI9zgJN39PEYRb-UOSLC4j6g,Storstova Kanadaskogen,N/A,Bergen,60.39126279999999,5.3220544,"tourist_attraction, point_of_interest, establishment"
Trondheim,ChIJGaAFhZAxbUYR_XHr9-S_Zbk,Nidaros Cathedral,4.7,"Kongsgårdsgata 2, Trondheim",63.4269097,10.3969374,"tourist_attraction, church, place_of_worship, point_of_interest, establishment"
Trondheim,ChIJo7QnxRgybUYRwIfYyYCMMys,Sverresborg Trøndelag Folk Museum,4.6,"Sverresborg Alle 13, Trondheim",63.42118859999999,10.3569019,"museum, cafe, tourist_attraction, food, point_of_interest, establishment"
Trondheim,ChIJQWdQ1ZsxbUYReHxtZZTBncE,Vitensenteret i Trondheim,4.5,"Kongens gate 1, Trondheim",63.4299663,10.4005749,"tourist_attraction, museum, point_of_interest, establishment"
Trondheim,ChIJbTKKPYYxbUYR2BU32ovQx8s,Ilen kirke,4.4,"Kongens gate 99, Trondheim",63.4298648,10.3764538,"church, tourist_attraction, place_of_worship, point_of_interest, establishment"
Trondheim,ChIJsyKFlJ4xbUYR73-sm-KUBLQ,Trondheim Maritime Museum,4.3,"Kjøpmannsgata 75, Trondheim",63.4345763,10.4052384,"museum, tourist_attraction, point_of_interest, establishment"
Trondheim,ChIJb0WdNnYxbUYRVehvEfVxmdc,Museums of Sør-Trøndelag AS,3,"Havnegata 12, Trondheim",63.4406528,10.4008073,"museum, tourist_attraction, point_of_interest, establishment"
Trondheim,ChIJczB8MpoxbUYRMKW5-DlVg1M,Tordenskioldsparken,4.2,"Vår Frue gate 1, Trondheim",63.4300016,10.3990714,"park, tourist_attraction, point_of_interest, establishment"
Trondheim,ChIJb6wb7JkxbUYRyeGT5SVAWoQ,Old Town Bridge,4.7,"Gamle bybro, Trondheim",63.4282182,10.4015486,"tourist_attraction, point_of_interest, establishment"
Trondheim,ChIJ35HhxZkxbUYRnCopgR-5-_o,Trampe Cyclocable Bicycle Lift,4.2,"Brubakken 8, Trondheim",63.4280005,10.4033646,"tourist_attraction, point_of_interest, establishment"
Trondheim,ChIJw6SNk5AxbUYRgyf_jBS2Wtg,Riksregaliene,4.3,"Kongsgårdsgata 1D, Trondheim",63.4262673,10.3953334,"museum, tourist_attraction, point_of_interest, establishment"
Trondheim,ChIJqdn6rqIxbUYRNFncTi6eGK8,Kristiansten Fortress,4.4,"Kristianstensbakken 60, Trondheim",63.426876,10.4106565,"tourist_attraction, point_of_interest, establishment"
Trondheim,ChIJb0WdNnYxbUYRkiANimaeWfs,Pirbadet,4.4,"Havnegata 12, Trondheim",63.440884,10.4013428,"tourist_attraction, point_of_interest, establishment"
Trondheim,ChIJXWNArpUxbUYRftrOk_-g9xg,Ohma Electra,3.7,"O. S. Bragstads Plass, Trondheim",63.4187913,10.4014725,"tourist_attraction, point_of_interest, establishment"
Trondheim,ChIJ9XH3l5UxbUYRwGUraneZxk0,D / L Bjørkelangen,3.6,"Kolbjørn Hejes vei 1A, Trondheim",63.418713,10.4033798,"tourist_attraction, point_of_interest, establishment"
Trondheim,ChIJQ9ugeigybUYRnl4BbSiAVtE,Iladalen Park,4.6,"Møllehaugen 3, Trondheim",63.43041950000001,10.3645726,"park, tourist_attraction, point_of_interest, establishment"
Trondheim,ChIJ61FeK6QxbUYRHaljHBaQPhs,Lookout Kiosk Kuhaugen,4.5,"Kuhaugen, Trondheim",63.43074619999999,10.4273665,"landmark, tourist_attraction, point_of_interest, establishment"
Trondheim,ChIJcfDX6yEybUYR_YS4qmVroQE,Forsamlingshuset Skogheim,4.6,"Sverresborg Alle 19-33, Trondheim",63.4196255,10.3552739,"museum, tourist_attraction, point_of_interest, establishment"
Trondheim,ChIJMUjgIn0xbUYR9a4OPFRasWA,Munkholmen,4.4,"Frostaveien 2, Trondheim",63.4510148,10.3830473,"tourist_attraction, point_of_interest, establishment"
Trondheim,ChIJQZ62xX8wbUYRuqw1TGUCbIw,The Ranheim Community Museum,4.6,"Ranheimsveien 201, Ranheim",63.42811839999999,10.5348221,"museum, tourist_attraction, point_of_interest, establishment"
Trondheim,ChIJs5ZbvjwwbUYRTFjqEf58oVI,Burmaklippen,4.5,"Estenstadvegen, Trondheim",63.3992068,10.4746061,"tourist_attraction, park, point_of_interest, establishment"
Trondheim,ChIJKRtLapoxbUYRl9eKvDq9t2Q,National Museum of Decorative Arts,4.3,"Munkegata 3-7, Trondheim",63.428717,10.3964583,"tourist_attraction, museum, point_of_interest, establishment"
Trondheim,ChIJaVGFgZAxbUYRmLY0McnGb0k,Trondheim Kunstmuseum,4.2,"Bispegata 7b, Trondheim",63.4274065,10.3945688,"tourist_attraction, museum, point_of_interest, establishment"
Trondheim,ChIJRei0vpAxbUYRC3DvDFLTy8Y,"Archbishop's Palace, Trondheim",4.4,"Kongsgårdsgata 1B, Trondheim",63.42577989999999,10.3960392,"museum, tourist_attraction, point_of_interest, establishment"
Trondheim,ChIJXfOSDpsxbUYRN_VSe55u3qU,Stiftsgården,4.3,"Munkegata 23, Trondheim",63.4316,10.3949897,"tourist_attraction, museum, point_of_interest, establishment"
Trondheim,ChIJUw2_DIYxbUYRWoLTYXpDXaQ,Justice Museum,4.3,"Kongens gate 95, Trondheim",63.4298295,10.3782807,"museum, tourist_attraction, point_of_interest, establishment"
Trondheim,ChIJge7KZ5AxbUYRpt9V6VoT6dU,Jewish Museum Trondheim,4.6,"Arkitekt Christies gate 1B, Trondheim",63.42638559999999,10.3929201,"museum, tourist_attraction, point_of_interest, establishment"
Trondheim,ChIJAzDZN2MxbUYRXZVPWzd6Vgk,Trondheim torg,4,"Kongens gate 14, Trondheim",63.43045069999999,10.3957647,"tourist_attraction, point_of_interest, establishment"
Trondheim,ChIJLyB8cGExbUYRCxZNiyi68dc,Sommergården,N/A,Trondheim,63.43080059999999,10.3962185,"tourist_attraction, point_of_interest, establishment"
Trondheim,ChIJdw6YCgAxbUYROLtHaQ4ORMs,Skulptur Go'Dagen,N/A,"Presidentveita, Trondheim",63.4300042,10.3958348,"tourist_attraction, point_of_interest, establishment"
Trondheim,ChIJV6ClFgAxbUYRl4g7NswfJyE,Bauta krigeren,N/A,"Sommerveita 3, Trondheim",63.4309397,10.3960905,"tourist_attraction, point_of_interest, establishment"
Trondheim,ChIJFws_px4xbUYRFP_q0xNDzLI,Prinsenkrysset,3.8,Trondheim,63.43063660000001,10.3920364,"tourist_attraction, point_of_interest, establishment"
Trondheim,ChIJdWKUPQAxbUYRtpymd-9wjA4,St. Jørgensveita,N/A,"Sankt Jørgensveita 13, Trondheim",63.42958290000001,10.3983939,"tourist_attraction, point_of_interest, establishment"
Trondheim,ChIJ-WpCGRAxbUYRKZw0BDovI-c,Paraplu straat,4.3,"Thomas Angells gate, Trondheim",63.4326138,10.3959969,"tourist_attraction, point_of_interest, establishment"
Trondheim,ChIJr4YrdpkxbUYRi22OkC9AhKo,Kongens Gate Commons,4,"Kjøpmannsgata 25, Trondheim",63.4302314,10.4022794,"tourist_attraction, point_of_interest, establishment"
Trondheim,ChIJ49fIc5kxbUYR7zA3b7_0Wto,Piren,4.6,"Kjøpmannsgata 29, Trondheim",63.43018679999999,10.4025249,"tourist_attraction, point_of_interest, establishment"
Trondheim,ChIJw8RWY7oxbUYRK_PhMOpx6nE,Bryggene i Trondheim,4.8,Trondheim,63.43052660000001,10.4027409,"tourist_attraction, point_of_interest, establishment"
Trondheim,ChIJF-lnc5AxbUYR-gS90j04Nq8,Norsk Døvemuseum,4.2,"Bispegata 9B, Trondheim",63.427368,10.3913843,"museum, tourist_attraction, point_of_interest, establishment"
Trondheim,ChIJY8VZ3JIxbUYRYN-kKfkYEW4,Nidelva utsiktspunkt,4.6,Trondheim,63.42895429999999,10.4026585,"tourist_attraction, point_of_interest, establishment"
Trondheim,ChIJL89LM64xbUYRASSjO8J_DLM,Cissi Klein-statue,4.8,Trondheim,63.4296976,10.3867881,"tourist_attraction, point_of_interest, establishment"
Trondheim,ChIJcQm8VkUxbUYRh5jL8F3YmJ0,Dronningens gates allmenning,N/A,"Kjøpmannsgata 41, Trondheim",63.4317717,10.4037029,"tourist_attraction, point_of_interest, establishment"
Trondheim,ChIJCVnCSwAxbUYR8pSbKKaJoz8,Fjordgata utsiktspunkt,N/A,"Fjordgata 68, Trondheim",63.4345606,10.3949485,"tourist_attraction, point_of_interest, establishment"
Trondheim,ChIJNZn31OAxbUYRlMeQ33PBwQM,Bakklandet,4.8,"Øvre Bakklandet 15-41, Trondheim",63.4280376,10.4029736,"tourist_attraction, point_of_interest, establishment"
Trondheim,ChIJ_9Zyk5IxbUYRPQErHlXXjlE,Nidelva Promenade,4.4,"Fjordgata, Trondheim",63.434978,10.3967776,"tourist_attraction, point_of_interest, establishment"
Trondheim,ChIJjQkgjpAxbUYRGgqE9vF7QYU,The Armoury,4.6,"Kongsgårdsgata 1D, Trondheim",63.4258174,10.3952502,"museum, tourist_attraction, point_of_interest, establishment"
Trondheim,ChIJo2JNV5AxbUYRJXYv-Nf9tmk,Saint Olav's Cathedral,4.7,"Schirmers gate 1, Trondheim",63.425481,10.3926517,"tourist_attraction, church, place_of_worship, point_of_interest, establishment"
Trondheim,ChIJsaF6tZ4xbUYR_nPVYivzQiQ,Bakke Bru,4.6,"Bakke bru, Trondheim",63.43265710000001,10.4056592,"tourist_attraction, point_of_interest, establishment"
Trondheim,ChIJ1ZMcgIQxbUYRW9sK4yFss-4,Badetrappen på Promenaden,4.6,"Sankt Olavs Pir 2, Trondheim",63.4340965,10.3864011,"tourist_attraction, point_of_interest, establishment"
Trondheim,ChIJdduptAwxbUYRD22Xkd1Hgxg,Trondheim bru,3.8,"Ferjemannsveien 10, Trondheim",63.43272649999999,10.4068084,"tourist_attraction, point_of_interest, establishment"
Trondheim,ChIJsxnfqkYxbUYRCKE723HczPI,Urban Hike in Trondheim 2 hrs Citywalk,N/A,"Øvre Bakklandet, Trondheim",63.4262485,10.4036779,"tourist_attraction, point_of_interest, establishment"
Trondheim,ChIJBWHsU84xbUYRuW_qon2m9tc,St. Olavs Pir,4.4,"Sankt Olavs Pir, Trondheim",63.43638379999999,10.3914864,"tourist_attraction, point_of_interest, establishment"
Trondheim,ChIJ6a38YAgxbUYRc41DztQhYdw,Pirumbanken,4.7,Trondheim,63.4239485,10.3962412,"tourist_attraction, point_of_interest, establishment"
Trondheim,ChIJ0eiw8PIxbUYRi9gaLY9DrSU,Blåbærstupet,4.3,"Sankt Olavs Pir 2, Trondheim",63.43703499999999,10.3913367,"tourist_attraction, point_of_interest, establishment"
Trondheim,ChIJf2njK9gxbUYRAOYXtuUHZTo,+CityxChange dashboard,5,"Brattørkaia 17, Trondheim",63.43750439999999,10.3994169,"tourist_attraction, point_of_interest, establishment"
Trondheim,ChIJW6dYrhUxbUYRwfiqJ4KVvTM,Elgseter bru utsiktspunkt,5,"Klostergata 28, Trondheim",63.4229244,10.3952135,"tourist_attraction, point_of_interest, establishment"
Trondheim,ChIJj7EbgIYxbUYRoKeH3B4rYiU,Skansen jernbanebru,4.6,"Skansentunnelen, Trondheim",63.4311415,10.3778842,"tourist_attraction, point_of_interest, establishment"
Trondheim,ChIJoVEaofUxbUYRQzvpHzvTnCQ,Aussichtspunkt,N/A,"Sandgata 56, Trondheim",63.43084450000001,10.3773544,"tourist_attraction, point_of_interest, establishment"
Trondheim,ChIJPyQpNw0xbUYRuI_Y8zVh8YI,Nedre Elvehavn,4.5,"Unnamed Road,7014",63.4349909,10.4099055,"tourist_attraction, point_of_interest, establishment"
Trondheim,ChIJ2aLK3YYxbUYR9NwRfyEgzc4,Skansen Fyr,4.7,"Nedre Ila 2, Trondheim",63.4335526,10.3761993,"tourist_attraction, point_of_interest, establishment"
Trondheim,ChIJU4DYJQAxbUYRpK23FRpSFBc,Kong Sverre,N/A,"Skansen, Trondheim",63.42972030000001,10.3723128,"tourist_attraction, point_of_interest, establishment"
Trondheim,ChIJR3DSeUMxbUYR-KTqfuwmzh0,Streetart-Galllery Trondheim,3,"Styrmannsgata 5, Trondheim",63.4392586,10.4158618,"tourist_attraction, point_of_interest, establishment"
Stavanger,ChIJ3RV65Y5KOkYRiw81Mxv2FF4,Sverd i fjell,4.5,"Møllebukta, Hafrsfjord",58.94138889999999,5.6719444,"tourist_attraction, point_of_interest, establishment"
Stavanger,ChIJT8bqWyI1OkYRDEPwqk5kYeg,Godalen Strand,4.5,"Øvre Sandvikveien 26, Stavanger",58.9540178,5.7567145,"park, tourist_attraction, point_of_interest, establishment"
Stavanger,ChIJRSkLBnw1OkYReqZsVPLrZD4,Stavanger Botanical Garden,4.4,"Rektor Natvig-pedersens vei 9, Stavanger",58.9392213,5.702738499999999,"tourist_attraction, park, point_of_interest, establishment"
Stavanger,ChIJzT74fjY1OkYRjKhGI9e40sc,Reidar Berge Museum,4,"Almenningsgata 8, Stavanger",58.9711532,5.738468,"museum, tourist_attraction, point_of_interest, establishment"
Stavanger,ChIJ55MbATM1OkYRts5Btd20qQ4,Stavanger City Bridge,4.6,"Bybrua, Stavanger",58.9741325,5.747629799999999,"tourist_attraction, point_of_interest, establishment"
Stavanger,ChIJzwHInBo1OkYR-HSrEBi2gMs,Stavanger skolemuseum,4.3,"Hillevågsveien 82, Stavanger",58.94384059999999,5.7454012,"museum, tourist_attraction, point_of_interest, establishment"
Stavanger,ChIJF0boWEA1OkYRIPSxgOpAtw4,Vålandstårnet,4.6,"Vålandshaugen 18, Stavanger",58.9572122,5.728383299999999,"tourist_attraction, point_of_interest, establishment"
Stavanger,ChIJ0cpJfcO0O0YRNoX2uL03wYM,Randaberg kirke,5,"Randabergveien 365, Randaberg",58.9997692,5.6193835,"church, tourist_attraction, cemetery, place_of_worship, point_of_interest, establishment"
Stavanger,ChIJM0ogaNc1OkYRsuUeCWThxpo,Leo's Lekeland,4.1,"Forusparken 24, Stavanger",58.8893748,5.733802499999999,"tourist_attraction, cafe, restaurant, point_of_interest, food, establishment"
Stavanger,ChIJD1SwGZxLOkYRJ1xyA66nx3g,Coastal Heritage Museum Tananger,4.4,"Melingsiden 21, Tananger",58.93277029999999,5.5804478,"museum, tourist_attraction, point_of_interest, establishment"
Stavanger,ChIJUd07Ey9KOkYRbqn2j-17WXo,Sola flytekniske museum,4.5,Sola Prestegårdsveg 170,58.8982523,5.631503999999999,"museum, tourist_attraction, point_of_interest, establishment"
Stavanger,ChIJ82LKSc9LOkYRa_3xErDwJy0,Steinkorsene på Tjora,4.2,Tjoravegen 57,58.9072756,5.6032943,"tourist_attraction, point_of_interest, establishment"
Stavanger,ChIJvzUciVk2OkYRtIhkyLMQVeg,Sandnes Church,4.3,"Kirkegata 10, Sandnes",58.8529458,5.7337754,"church, tourist_attraction, place_of_worship, point_of_interest, establishment"
Stavanger,ChIJh-o_Sn-0O0YRLqgqa-C1J4E,Tungenes Fyr,4.5,Tungenesveien 217,59.03567349999999,5.581244499999999,"museum, tourist_attraction, cafe, point_of_interest, food, establishment"
Stavanger,ChIJfdOGsuZJOkYRObTGujzE4AU,Rogaland War Historical Museum,4.5,"Sandnesvegen 42, Sola",58.8719876,5.6621959,"museum, tourist_attraction, point_of_interest, establishment"
Stavanger,ChIJ6VJPY3xJOkYRQ4ZdFXgjqx0,Solastranden,4.7,"Axel Lunds veg 23, Sola",58.88617610000001,5.6019954,"park, tourist_attraction, point_of_interest, establishment"
Stavanger,ChIJhTqLOHRJOkYR0MUV2HqCK1A,Domsteinane,4.4,Ræge,58.8724374,5.605578899999999,"tourist_attraction, point_of_interest, establishment"
Stavanger,ChIJn0lL_bvNO0YRR465frsXL0Y,The Prehistoric Rock-Carvings at Solbakk,4.4,Tau,59.032245,5.940973700000001,"museum, tourist_attraction, point_of_interest, establishment"
Stavanger,ChIJBUuFuC41OkYRFPHzcMTBeyQ,Tou,4.5,"Kvitsøygata 25, Stavanger",58.96916789999999,5.758155899999999,"tourist_attraction, point_of_interest, establishment"
Stavanger,ChIJqdCi9Ec1OkYRfe4Ca6J_s8Q,Stavanger City Museum,4.3,"Muségata 16, Stavanger",58.9646392,5.732590999999999,"museum, tourist_attraction, point_of_interest, establishment"
Stavanger,ChIJUWqwa2A1OkYRRdDaS6Nar-w,IMI Church,4.6,"Gunnar Warebergs gate 15, Stavanger",58.9550491,5.6997734,"church, tourist_attraction, place_of_worship, point_of_interest, establishment"
Stavanger,ChIJrdLlClo2OkYRvu0ZHSWDZw4,Vitenfabrikken,4.6,"Storgata 28, Sandnes",58.8512458,5.7312359,"museum, tourist_attraction, point_of_interest, establishment"
Stavanger,ChIJf4v0pXY2OkYRuIdIVACw5qk,Nordsjøvegen,4.3,"Grenseveien 21, Sandnes",58.888616,5.7183854,"tourist_attraction, point_of_interest, establishment"
Stavanger,ChIJZXPsbDY1OkYRPXMYrXMcfWA,St. Petri church,4.4,"Nytorget 2, Stavanger",58.9704455,5.7367347,"church, tourist_attraction, place_of_worship, point_of_interest, establishment"
Stavanger,ChIJbSPrAIPOO0YR6QtN5qY1HNM,Old Tau Mill,4.7,"Kvernvegen 90, Tau",59.0645673,5.9131148,"tourist_attraction, point_of_interest, establishment"
Stavanger,ChIJPT_QEkk1OkYRiZdk1NOhE2w,Stavanger Maritime Museum,4.4,"Strandkaien 22, Stavanger",58.970547,5.728777599999999,"tourist_attraction, cafe, museum, food, point_of_interest, establishment"
Stavanger,ChIJk-9opEc1OkYR0_ng1ag5TsQ,"Museum of Archaeology, University of Stavanger",4.4,"Peder Klows gate 30A, Stavanger",58.96297200000001,5.7298335,"museum, tourist_attraction, point_of_interest, establishment"
Stavanger,ChIJMdQklmA1OkYRy2Vk4c8GU40,Stavanger Art Museum,4.4,"Henrik Ibsens gate 55, Stavanger",58.9550461,5.7021701,"art_gallery, tourist_attraction, museum, point_of_interest, establishment"
Stavanger,ChIJfaQL6Ek1OkYRiXfgrlm22C4,Stavanger Cathedral,4.3,"Haakon VIIs gate 2, Stavanger",58.96960000000001,5.733371599999999,"tourist_attraction, church, place_of_worship, point_of_interest, establishment"
Stavanger,ChIJ-REm1Ec1OkYRPV9sKHKMwJQ,"St Svithun's Church, Stavanger",4.7,"Sankt Svithuns gate 8, Stavanger",58.9659039,5.729936099999999,"tourist_attraction, church, place_of_worship, point_of_interest, establishment"
Stavanger,ChIJl_cXA0w1OkYROVA2Thn-oLI,Norwegian Canning Museum,4.5,"Andasmauet 15, Stavanger",58.97239039999999,5.7251337,"museum, tourist_attraction, cafe, food, point_of_interest, establishment"
Stavanger,ChIJOaGIh301OkYRIKZE6pS9UzU,Jernaldergården,4.5,"Madlamarkveien 152, Stavanger",58.9415961,5.6936083,"tourist_attraction, museum, point_of_interest, establishment"
Stavanger,ChIJBYgCeEU1OkYR7DrB9dmYVV8,Breidablikk museum,4.7,"Eiganesveien 40A, Stavanger",58.9656521,5.7222122,"museum, tourist_attraction, point_of_interest, establishment"
Stavanger,ChIJJ_mCfU81OkYRQE34KF5EY6I,Ledaal,4.4,"Eiganesveien 45, Stavanger",58.96712179999999,5.7200205,"museum, tourist_attraction, point_of_interest, establishment"
Stavanger,ChIJHw_qc9I1OkYRNvqMEw_MLkc,Laugmannsgata,4.3,"Laugmannsgata, Stavanger",58.9704545,5.7337386,"tourist_attraction, point_of_interest, establishment"
Stavanger,ChIJ83MrmUk1OkYRLxgEoSbT3CQ,Sjøfartsmonumentet,4.4,"Skagenkaien, Stavanger",58.9705402,5.730784899999999,"tourist_attraction, point_of_interest, establishment"
Stavanger,ChIJ-ZDsLkg2OkYRT3fRyqiAjk4,Private Cruise,5,"Strandkaien 1, Stavanger",58.9705385,5.7297042,"tourist_attraction, travel_agency, point_of_interest, establishment"
Stavanger,ChIJv32ZMUU1OkYRpdw6AyjNxyA,Stavanger Turtle,5,"Breigata 25, Stavanger",58.9724567,5.7344023,"tourist_attraction, point_of_interest, establishment"
Stavanger,ChIJDyhiEUo1OkYRZS9ICqFksSQ,Fargegaten,4.7,"Øvre Holmegate 32, Stavanger",58.97268829999999,5.7331278,"tourist_attraction, point_of_interest, establishment"
Stavanger,ChIJAacPbAA1OkYR4tIiLX12FhY,The Bubble Wall,4.5,"Øvre Holmegate 9, Stavanger",58.9727092,5.7315371,"tourist_attraction, point_of_interest, establishment"
Stavanger,ChIJU5mmOAA1OkYRUmed_85MzCc,Hafen Stavanger,N/A,"Strandkaien 61, Stavanger",58.971733,5.727668599999999,"tourist_attraction, point_of_interest, establishment"
Stavanger,ChIJianQgK81OkYR_Ys9kn7PZ5M,Pedersgadå portal,5,"Pedersgata 8, Stavanger",58.9701721,5.7398861,"tourist_attraction, point_of_interest, establishment"
Stavanger,ChIJVZf-gqQ1OkYRNIk-KnuV0fg,Viking House,3.6,"Strandkaien 44, Stavanger",58.97192239999999,5.7271266,"tourist_attraction, store, point_of_interest, establishment"
Stavanger,ChIJF3PsrE41OkYRF6Bl_K5oZAw,Gamle Stavanger,4.7,"Øvre Strandgate, Stavanger",58.97179749999999,5.7260636,"tourist_attraction, point_of_interest, establishment"
Stavanger,ChIJhVx8P7o1OkYRxLw02rxAGVc,Lesekiosk - 6,4.8,"Strandkaien 61, Stavanger",58.97271549999999,5.726507499999999,"tourist_attraction, point_of_interest, establishment"
Stavanger,ChIJm2qM2is1OkYRauLgwNzThWQ,Telefonkiosk,5,"Skansekaien 23, Stavanger",58.9740094,5.7297483,"tourist_attraction, point_of_interest, establishment"
Stavanger,ChIJY8FkXAA1OkYRYW03cbx663g,Water Fountain,N/A,"Andasmauet 5, Stavanger",58.97221279999999,5.725765199999999,"tourist_attraction, point_of_interest, establishment"
Stavanger,ChIJp3uL0XA1OkYR2C1XF4IKp-I,Kannik Fotgjengerundergang Street Art,5,"Unnamed Road, 4005",58.9656254,5.731287000000001,"tourist_attraction, point_of_interest, establishment"
Stavanger,ChIJQ5z6Gkw1OkYRfp9QX4qrX1Y,Workers Cottage,4.8,"Øvre Strandgate 88, Stavanger",58.972599,5.7251449,"museum, tourist_attraction, point_of_interest, establishment"
Stavanger,ChIJbQhUHUo1OkYR80nbdFeiY-A,Norwegian Children's Museum,4.5,"Muségata 16, Stavanger",58.96471910000002,5.733131900000001,"museum, tourist_attraction, point_of_interest, establishment"
Stavanger,ChIJweTsGgA1OkYRpjZX_tuJKEo,recreation area,N/A,"Litlegata 4005, Stavanger",58.9735715,5.725264699999999,"tourist_attraction, point_of_interest, establishment"
Stavanger,ChIJ71c_JUc1OkYRMd1tdGcCWC8,Wyllerfyret,4.7,"XQ69+QP, Egeland",58.9619,5.7692921,"tourist_attraction, point_of_interest, establishment"
Stavanger,ChIJO4b0lNnKO0YRd8woytNHdJM,Til Midtholmen,4.5,"Auravigå 2, Hundvåg",58.9890827,5.7658408,"tourist_attraction, point_of_interest, establishment"
Stavanger,ChIJfZzIEaU1OkYRB9bV-q8uPeI,stavanger gatekunst festival,N/A,"Flintegata 2, Stavanger",58.9453046,5.7494456,"tourist_attraction, point_of_interest, establishment"
Stavanger,ChIJ0XygUno1OkYRrkdsGd0ufHk,Ullandhaugtårnet,4.4,"Ullandhaugleitet 11, Stavanger",58.9409176,5.706061399999999,"tourist_attraction, point_of_interest, establishment"
Stavanger,ChIJBbEONXY1OkYRxxcoSEWkgz8,Sørmarka,4.6,Stavanger,58.9307802,5.7148829,"park, tourist_attraction, point_of_interest, establishment"
Stavanger,ChIJcZDQZADLO0YRsg9zFQjvlK0,Langøy,N/A,2Q49+QP,59.00698140000001,5.769344500000001,"tourist_attraction, point_of_interest, establishment"
Stavanger,ChIJOVOEfgBLOkYRymUNLgHd-FM,Atle brakkå,N/A,"Ragnhilds gate 61D, Hafrsfjord",58.9390495,5.6773018,"tourist_attraction, point_of_interest, establishment"
Stavanger,ChIJJ6_Xpe3KO0YRhEfXWJosdt4,"22.juli monumentet, Lundsneset",4.6,"Hundvågveien, Hundvåg",59.01151249999999,5.7532383,"tourist_attraction, park, point_of_interest, establishment"
Stavanger,ChIJR2VmHQDLO0YRX2QoT88Z2mE,Langoy,N/A,2Q67+4R,59.01033270000001,5.7645858,"tourist_attraction, point_of_interest, establishment"
Tromsø,ChIJmbtJ2eTExEUR9NPM6eTI9ro,Arctic Cathedral,4.2,"Hans Nilsens veg 41, Tromsdalen",69.6481702,18.9872628,"tourist_attraction, church, place_of_worship, point_of_interest, establishment"
Tromsø,ChIJIdIBgK7FxEURf87H4J5p7Mc,Polaria aquarium,4.1,"Hjalmar Johansens gate 12, Tromsø",69.6436642,18.9498438,"aquarium, tourist_attraction, museum, point_of_interest, establishment"
Tromsø,ChIJ71xZlmjExEURVRfQvuD8MbY,Arctic–Alpine Botanic Garden,4.6,"Universitet i Tromsø Post Box 6050 Langnes, Tromsø",69.67685709999999,18.9765671,"tourist_attraction, park, point_of_interest, establishment"
Tromsø,ChIJ21bUtpjExEURJIP65YkB3us,Tromsø Alpinpark,4.1,"Jadevegen 129, Tromsø",69.67659859999999,19.0694255,"tourist_attraction, point_of_interest, establishment"
Tromsø,ChIJD9IxL7_FxEURPgbmHfwPffg,Folkeparken,4.6,"Lars Thørings veg 24, Tromsø",69.63416590000001,18.9051375,"park, tourist_attraction, point_of_interest, establishment"
Tromsø,ChIJM4o9boLFxEURDycIetq5kMo,Tromsø Forsvarsmuseum,4,"Solstrandvegen 370, Tromsdalen",69.6129399,18.9412581,"tourist_attraction, museum, point_of_interest, establishment"
Tromsø,ChIJ51Jfna7FxEURGghqVbjrkzY,MS Polstjerna,4.3,"Hjalmar Johansens gate 10, Tromsø",69.6438742,18.9511012,"museum, tourist_attraction, point_of_interest, establishment"
Tromsø,ChIJcevr4kXExEURby8wbKLvDCE,Charlottenlund Recreational Park,4.7,"Conrad Holmboes veg 89, Tromsø",69.663869,18.94699,"park, tourist_attraction, point_of_interest, establishment"
Tromsø,ChIJ6Uovz77FxEUR6SBT2N3zLAc,The Arctic University Museum of Norway,4.5,"Lars Thørings veg 10, Tromsø",69.6348,18.9119,"museum, tourist_attraction, point_of_interest, establishment"
Tromsø,ChIJc5yIj1PExEURqEynj0vicnA,The Polar Museum,4.4,"Søndre Tollbodgate 11B, Tromsø",69.6522343,18.9633211,"tourist_attraction, museum, point_of_interest, establishment"
Tromsø,ChIJjyp9t6zFxEURUIlYTpi3jN4,Tromsø Cathedral,4.4,"Kirkegata 7, Tromsø",69.6487429,18.9568103,"tourist_attraction, church, place_of_worship, point_of_interest, establishment"
Tromsø,ChIJW43SuqzFxEURwRpObE65Fxs,Northern Norwegian Art Museum,4.2,"Sjøgata 1, Tromsø",69.64827799999999,18.959453,"art_gallery, tourist_attraction, museum, point_of_interest, establishment"
Tromsø,ChIJVWWxK2_ExEURSirVqJVx6Y4,Northern Norwegian science center,4.5,"Hansine Hansens veg 17, Tromsø",69.6791405,18.9716821,"tourist_attraction, museum, point_of_interest, establishment"
Tromsø,ChIJLVN7B1PExEURMtRfzMYqtko,Perspective Museum,4.4,"Storgata 95, Tromsø",69.6523266,18.95923359999999,"museum, tourist_attraction, point_of_interest, establishment"
Tromsø,ChIJT3SUHFPExEUR-uAJpYfTrnA,"Cathedral of Our Lady, Tromsø",4.6,"Storgata 94, Tromsø",69.6516267,18.9568468,"tourist_attraction, church, place_of_worship, point_of_interest, establishment"
Tromsø,ChIJOaA04O7FxEURKGgU4cYq5QE,ترومسو,4.2,"Storgata 64, Tromsø",69.6492047,18.9553239,"tourist_attraction, point_of_interest, establishment"
Tromsø,ChIJLTZxSADFxEUR8EHDoObV1T0,Wissende,5,"Grønnegata 94, Tromsø",69.65085189999999,18.9551041,"tourist_attraction, point_of_interest, establishment"
Tromsø,ChIJ_0NAZJPFxEURLvTvjCvxBpo,Tromsolove,4.7,"Storgata 81b, Tromsø",69.650791,18.9576927,"tourist_attraction, travel_agency, point_of_interest, establishment"
Tromsø,ChIJCYOf3-HFxEURpYZ0eAb1340,Street art,3.8,"Strandgata 35, Tromsø",69.6477582,18.9558903,"tourist_attraction, point_of_interest, establishment"
Tromsø,ChIJG_8V6vXFxEUR6tIgcWn_BPE,I Travel Kvaløya,5,"Kaigata 3, box 187, Tromsø",69.6485422,18.9603896,"tourist_attraction, lodging, travel_agency, point_of_interest, establishment"
Tromsø,ChIJjxKhvKzFxEURnR19SZsM0IQ,Roald Amundsen Monument,4.4,"Norway, Tromsø",69.64799,18.9589881,"tourist_attraction, point_of_interest, establishment"
Tromsø,ChIJebrsm9zFxEUROQpDN01YnNM,Tromsø Havn,4.7,"Stortorget 2, Tromsø",69.6508825,18.9602318,"tourist_attraction, point_of_interest, establishment"
Tromsø,ChIJx5cIXADFxEURqN-PgUchV3M,Cruise Service AS - King Crab Fishing Tour,N/A,Tromsø,69.6512025,18.9600776,"tourist_attraction, point_of_interest, establishment"
Tromsø,ChIJX6RJNQDFxEUREozFIV3nT2c,arctic guide service bus meeting point,N/A,"Fredrik Langes gate 2, Tromsø",69.649188,18.962296,"tourist_attraction, point_of_interest, establishment"
Tromsø,ChIJM9sKrnPFxEURxPWxvhkhdFs,Sørøya Havcruise AS,4.7,"Kaigata 3, Tromsø",69.6498866,18.9624388,"tourist_attraction, point_of_interest, establishment"
Tromsø,ChIJYeL5UwDFxEUR1ct2oOb8VLM,Samuel Arnesens,N/A,"Samuel Arnesens gate 7, Tromsø",69.64858970000002,18.9621315,"tourist_attraction, point_of_interest, establishment"
Tromsø,ChIJobWlco3FxEURbL_2WEGMSgg,Hermes II,5,"Stortorget 1, Tromsø",69.65174499999999,18.9602286,"tourist_attraction, travel_agency, point_of_interest, establishment"
Tromsø,ChIJozvGjlLExEURCJ7B-MBfiDE,Spiritinthesky.Northern Lights & Fjord tours.,5,"Skolegata 43, Tromsø",69.6525533,18.9529214,"tourist_attraction, point_of_interest, establishment"
Tromsø,ChIJ8yZDCGXFxEUR2AAQnHttorU,Vulkana Arctic Spa And Adventure Boat,4.7,"Søndre Tollbodgate 3, Tromsø",69.6518794,18.9622898,"tourist_attraction, point_of_interest, establishment"
Tromsø,ChIJ-Qs61zzFxEURszBDfbFreH4,Skulptur Ingvald Jaklin,N/A,"Tromsøya, Tromsø",69.65257570000001,18.9597077,"tourist_attraction, point_of_interest, establishment"
Tromsø,ChIJT1ZSTV7FxEUREl9ATqOb42k,Streetart Tromsø,4.5,"Søndre Tollbodgate 5, Tromsø",69.6525642,18.9624664,"tourist_attraction, point_of_interest, establishment"
Tromsø,ChIJFR-uLADFxEURLH4kJ7xnHkQ,Rzeźba morsa,5,"Søndre Tollbodgate 11A, Tromsø",69.6524908,18.96395129999999,"tourist_attraction, point_of_interest, establishment"
Tromsø,ChIJQVG3UijFxEURm6I7nW1TP-A,Alter Telegraphenmast,4,"Søndre Tollbodgate, Tromsø",69.65288199999999,18.9634296,"tourist_attraction, point_of_interest, establishment"
Tromsø,ChIJZYqkYNPFxEURPT-di8MSuNE,Borealis Tour,5,"Storgata 25, Tromsø",69.6447177,18.9504221,"tourist_attraction, travel_agency, point_of_interest, establishment"
Tromsø,ChIJT7KpZQDFxEURT6p8IBP6iHk,Porten til Ishavet,4.8,"Nordøstpassasjen 33, Tromsø",69.65185509999999,18.9714881,"tourist_attraction, point_of_interest, establishment"
Tromsø,ChIJy-HyK1HFxEUREfuJ8XjOVxM,Barru/ Bølge/ Wave Sculpture,5,"Tromsøya, Tromsø",69.64410509999999,18.9499302,"tourist_attraction, point_of_interest, establishment"
Tromsø,ChIJ0XMGabrFxEURNuIsmbzKn6Y,WILD LAB PROJECTS - Citizen Science around Tromsø & Senja,5,"Strandvegen 41B, Tromsø",69.64205510000001,18.941311,"tourist_attraction, point_of_interest, establishment"
Tromsø,ChIJq8CeBwDFxEURvXy2Vu8eEYg,Indre karvik,3.5,"Northern lights stop 1, Tromsø",69.6497717,18.984122,"tourist_attraction, point_of_interest, establishment"
Tromsø,ChIJVdUbGjnFxEURF13m2vwp2C4,Telefonkiosk,4.7,"Turistvegen 4, Tromsdalen",69.6483099,18.984787,"tourist_attraction, point_of_interest, establishment"
Tromsø,ChIJixW1ZknExEURe8vICZ0g4AE,Prestvannet,4.7,"Langnesvegen 33, Tromsø",69.6582772,18.9356534,"tourist_attraction, park, point_of_interest, establishment"
Tromsø,ChIJv5bheEfFxEURyKb_Kp7l-Fo,Mountain Viewpoint,4.6,"Bamsestien 10, Tromsø",69.6547716,18.9219781,"tourist_attraction, point_of_interest, establishment"
Tromsø,ChIJZ5IuXgDFxEURaZsg9zAU2dE,Tromso,N/A,"Brinkvegen 41, Tromsø",69.65698669999999,18.925518,"tourist_attraction, point_of_interest, establishment"
Tromsø,ChIJeQGJKADFxEUROJsu4fquUYA,Aurora viewing bridge,4.7,"Langnesvegen 20, Tromsø",69.65985289999999,18.9317833,"tourist_attraction, point_of_interest, establishment"
Tromsø,ChIJe2G4dQDFxEURxz5hCFY6aDg,Street art,5,"Th Widdings veg, Tromsø",69.6476242,18.9943008,"tourist_attraction, point_of_interest, establishment"
Tromsø,ChIJcV7TOk3FxEURmMCkShWluP0,BBQ place. Public BBQ,4.8,"Hansmarkvegen 39, Tromsø",69.649625,18.916328,"tourist_attraction, point_of_interest, establishment"
Tromsø,ChIJ75aTPnTFxEURN6LFaX4RlcA,AI Tour tromsö,N/A,"Langnesvegen 33, Tromsø",69.6609612,18.9272758,"tourist_attraction, point_of_interest, establishment"
Tromsø,ChIJ-QPJV3bFxEURwa8f8i5tbUw,NordicSky,N/A,"Strandvegen 110C, Tromsø",69.6351691,18.931399,"tourist_attraction, point_of_interest, establishment"
Tromsø,ChIJfw4-kejFxEURuU8gJbIoRFs,The Nature Bow Game | Tromso excursions,5,"Dramsvegen 129, Tromsø",69.6664957,18.96296,"tourist_attraction, point_of_interest, establishment"
Tromsø,ChIJRTkceADFxEURYgAq61L3slQ,Belgian SnowMan (TAMA),5,Tromsdalen,69.6356095,18.9956289,"tourist_attraction, point_of_interest, establishment"
Tromsø,ChIJKbesEADFxEUR5O6-cHR21q8,Northern lights viewpoint,1,"Strandvegen 188B, Tromsø",69.6315749,18.9082858,"tourist_attraction, point_of_interest, establishment"
Tromsø,ChIJYSWWR77FxEURJCWVFa8nzS8,Telegrafbukta,4.7,"Unnamed Road 9006, Kvaløyvegen, Tromsø",69.63179269999999,18.9074808,"park, tourist_attraction, point_of_interest, establishment"
Tromsø,ChIJkQYzMHXFxEURiFb4g24qzyc,Magnus Bakken Tromsø,4.8,"Veslefrikkvegen 60, Tromsø",69.6752413,18.9655339,"tourist_attraction, point_of_interest, establishment"
Tromsø,ChIJO8ZqLG_ExEURTdS-vFCQnQk,Northern Light Planetarium,4.5,"Hansine Hansens veg 17, Tromsø",69.6791042,18.9717039,"tourist_attraction, museum, point_of_interest, establishment"
Tromsø,ChIJCYRRHm_ExEURdLtTGG0OUkc,Labyrint,3.8,Tromsø,69.68052879999999,18.9724231,"tourist_attraction, point_of_interest, establishment"
Tromsø,ChIJy9JP8qTFxEUR5WDEgCjltWY,We Travel North,4.9,"Gimlevegen 12, Tromsø",69.68356969999999,18.9924154,"tourist_attraction, point_of_interest, establishment"
Tromsø,ChIJ08BXf5XFxEURGdB0TwwHahk,Rundvannet,4.8,"Unnamed Road, Tromsø",69.69199139999999,18.9878413,"tourist_attraction, point_of_interest, establishment"
Tromsø,ChIJ55aI3pfDxEUR7F-PFiDscRE,Arctic Walks,N/A,"Skattørvegen 27, Tromsø",69.695123,19.0149486,"tourist_attraction, point_of_interest, establishment"
Tromsø,ChIJXenLJwDHxEURfy-DCXoU860,Point de vue pont + montagnes,N/A,"Finland, Kvaløysletta",69.6932332,18.87814209999999,"tourist_attraction, point_of_interest, establishment"
Tromsø,ChIJc9GACQDHxEURV3S6MPnoDj4,Kvaloysletta,N/A,"Kobbevegen, Kvaløysletta",69.6878333,18.8549444,"tourist_attraction, point_of_interest, establishment"
Tromsø,ChIJzesFRwDHxEURT3KN1I6a_dI,Bombehull (Tirpitz Tallboy Crater),3,Kvaløysletta,69.6476888,18.8031304,"tourist_attraction, point_of_interest, establishment"
Alesund,ChIJFfvmb0faFkYRcC9HeFmS5xU,The Art Nouveau Town,4.7,"Lorkenesgata 1, Ålesund",62.4712476,6.1554336,"tourist_attraction, point_of_interest, establishment"
Alesund,ChIJo3yF1FjaFkYRUz7wlT-BzcA,Volsdalen Church,4.1,"Borgundvegen 124, Ålesund",62.47144489999999,6.188883800000001,"church, tourist_attraction, place_of_worship, point_of_interest, establishment"
Alesund,ChIJp5nac0TaFkYRJS5ke0LwVV8,Waldehuset Yos,4.6,"Fjellgata 2, Ålesund",62.4724028,6.167095400000001,"museum, tourist_attraction, point_of_interest, establishment"
Alesund,ChIJfdoCol3aFkYRPYHgv-u372E,Rundskue Viewpoint,4.7,"Aksla, Ålesund",62.47693770000001,6.1804362,"tourist_attraction, point_of_interest, establishment"
Alesund,ChIJW3ysslHXFkYRFuLySQrutaI,Signalen,4.6,Valderøya,62.5144206,6.111927199999999,"tourist_attraction, point_of_interest, establishment"
Alesund,ChIJY4Xo7ibfFkYRNdNchjq9vBs,Ishavsmuseet Aarvak,4.6,"Brandalsvegen 28, Brandal",62.3988372,6.0118726,"museum, tourist_attraction, point_of_interest, establishment"
Alesund,ChIJ_cenv4TZFkYRGElooLAOVOE,Atlantic Sea-Park,4.6,"Tuenesvegen 200, Ålesund",62.46538140000001,6.096753199999999,"aquarium, tourist_attraction, point_of_interest, establishment"
Alesund,ChIJ8zQdN8LaFkYRtQL0_3VWUGA,Sunnmøre Museum,4.5,"Museumsvegen 12, Ålesund",62.46887819999999,6.2368014,"museum, tourist_attraction, point_of_interest, establishment"
Alesund,ChIJewFSEP45EUYR0vpY2219eFo,Molja Lighthouse,4.6,"Molovegen 7, Ålesund",62.47452649999999,6.150118600000001,"tourist_attraction, point_of_interest, establishment"
Alesund,ChIJJ9WKFEfaFkYRbL2Sc6Ob6o4,Aalesunds Museum,4.4,"Rasmus Rønnebergs gate 16, Ålesund",62.47188309999999,6.1571608,"museum, tourist_attraction, point_of_interest, establishment"
Alesund,ChIJtV38tg7bFkYR_7AIqvdGB6A,Famous Ålesund,4.6,"Øwregata, Ålesund",62.47206209999999,6.150666900000001,"tourist_attraction, point_of_interest, establishment"
Alesund,ChIJUTv0cQDbFkYRrXbwnPnkuos,Brosundet view point,4,"Apotekergata 5, Ålesund",62.4718835,6.1519676,"tourist_attraction, point_of_interest, establishment"
Alesund,ChIJi2FILTnaFkYR_Y7O-Rjk3PA,Fisheries Museum in Ålesund,4.3,"Molovegen 10, Ålesund",62.4735684,6.148748700000001,"museum, tourist_attraction, point_of_interest, establishment"
Alesund,ChIJHwh61F3bFkYR9Pzip7mXYrs,Tafjord Kraft Varmebenker,4.7,"Lorkenestorget 6002, Ålesund",62.47084169999999,6.152118799999999,"tourist_attraction, point_of_interest, establishment"
Alesund,ChIJwwbLoDjaFkYR-xScvRHWUgk,Alesund Square,4.6,"Notenesgata 5, Ålesund",62.4723643,6.154208400000001,"tourist_attraction, point_of_interest, establishment"
Alesund,ChIJebq3NgDbFkYRPACH7vwgcYc,SVAI Sauna Kulturhavna,5,"Keiser 1, Ålesund",62.4698369,6.150353200000001,"tourist_attraction, point_of_interest, establishment"
Alesund,ChIJN7-qGADbFkYRr2-yP7ADG3Q,Skansengata,4.4,"Skansegata, Ålesund",62.47325129999999,6.1554427,"tourist_attraction, point_of_interest, establishment"
Alesund,ChIJKe-0AgDbFkYRdvqim6Ha5EU,Dock,5,"Sorenskriver Bulls gate 7, Ålesund",62.47579630000001,6.1546065,"tourist_attraction, point_of_interest, establishment"
Alesund,ChIJRxzvL93bFkYRvzpLFVONAvY,Rollo the Viking,4.6,Nørvøya,62.4735305,6.160495999999999,"tourist_attraction, point_of_interest, establishment"
Alesund,ChIJ7RYIF__bFkYRfSoG33ZWJPE,Ålesund opgang,N/A,"Einarvikgata 16, Ålesund",62.473692,6.161294299999999,"tourist_attraction, point_of_interest, establishment"
Alesund,ChIJ9wBXcADbFkYRwChHmQykgYE,Kanelsnurrhaugen,N/A,"Einarvikgata, Ålesund",62.47461469999999,6.160683700000001,"tourist_attraction, point_of_interest, establishment"
Alesund,ChIJIX21oLHbFkYRNrf4-iglG9U,YWAM Medical Ships Norway Papua New Guinea,N/A,"Kipervikgata 19, Ålesund",62.47225419999999,6.162179999999999,"tourist_attraction, museum, point_of_interest, establishment"
Alesund,ChIJnxQerUXbFkYRIBidDRhy3Qs,"Kanona, step 0",4.8,Ålesund,62.4738306,6.161950799999999,"tourist_attraction, point_of_interest, establishment"
Alesund,ChIJA6N_xeXbFkYR_dNf6ljBIcQ,Gener statue,N/A,Ålesund,62.47339929999999,6.162573,"tourist_attraction, point_of_interest, establishment"
Alesund,ChIJ5zd8eDvbFkYRtTipH5GYTXc,Ålesund via ferrata,4.6,"Byparken i Ålesund, Ålesund",62.47336009999999,6.162989199999999,"tourist_attraction, point_of_interest, establishment"
Alesund,ChIJX6-kSEHaFkYRhieYsgMp4V8,Byrampen Viewpoint,4.7,Ålesund,62.4739578,6.1627356,"tourist_attraction, point_of_interest, establishment"
Alesund,ChIJNxyiFwDbFkYRfOPmNo-3tJ4,Escalón 323,4.7,Ålesund,62.47413289999999,6.1639631,"tourist_attraction, point_of_interest, establishment"
Alesund,ChIJ3-YesSTbFkYRvosWeeqn6Nk,Ålesund Hest,5,"Parkgata 226003, Ålesund",62.4724719,6.1654883,"tourist_attraction, point_of_interest, establishment"
Alesund,ChIJV-NpVwDbFkYR1U6Ib4V6CbU,Veleta (dirección del viento),5,"Parkgata 11, Ålesund",62.4751691,6.1661145,"tourist_attraction, point_of_interest, establishment"
Alesund,ChIJnVIm3U3aFkYRVbyryyjZwu8,Slinningsbålet,4.6,Slinningen,62.46040069999999,6.1679609,"tourist_attraction, point_of_interest, establishment"
Alesund,ChIJPXZXM0_bFkYRX6KmvM-8cuk,Ellingsøytunnelen,4.4,"Flatholmen 2, Ålesund",62.4847619,6.183334899999999,"tourist_attraction, point_of_interest, establishment"
Alesund,ChIJDYgaOIDZFkYR0ZIFtH1o1Jk,Realstjerna,4.8,"Hellig Olavs gate, Ålesund",62.4592269,6.108494899999999,"tourist_attraction, point_of_interest, establishment"
Alesund,ChIJU-HbPADbFkYR1qFkCnto_Yo,Faro,N/A,F52G+QH,62.45198459999999,6.176486300000001,"tourist_attraction, point_of_interest, establishment"
Alesund,ChIJfeSdyZrZFkYRX93zMDsa1p0,Tuehuken Torg,4.9,"Tuenesvegen, Ålesund",62.46856390000001,6.094356599999998,"tourist_attraction, point_of_interest, establishment"
Alesund,ChIJ_xRC7n7bFkYRNJRWZZo9XEk,Valderhoug Toldstation,N/A,"Tollbudvegen 6, Valderøya",62.4956917,6.1261024,"tourist_attraction, point_of_interest, establishment"
Alesund,ChIJHW7ncp3ZFkYR-Sn5DXyUkwg,Tueneset,4.8,Ålesund,62.46840289999999,6.091902899999999,"tourist_attraction, park, point_of_interest, establishment"
Alesund,ChIJFUJ7dAzbFkYRjiVFkHTbjNU,Styggemannshola,5,Sula Municipality,62.4399532,6.1564573,"tourist_attraction, point_of_interest, establishment"
Alesund,ChIJsZL-IwDbFkYRR4QT_CbaktA,Gapahuken i Æhammarsvika,4.5,"Sandvikvegen, Langevåg",62.4394144,6.1552686,"tourist_attraction, point_of_interest, establishment"
Alesund,ChIJeWag2qDbFkYRsLRqnLWDtfE,Cruise Service AS,4.8,"Fyllingsjøen 28, Langevåg",62.44583540000001,6.2007314,"tourist_attraction, travel_agency, point_of_interest, establishment"
Alesund,ChIJTS1j0uHbFkYRbheaDEOJkDI,"Borgungavelen,Tyskerbunker",4.5,"Borgundgavlen 40-42, Ålesund",62.4662785,6.225534499999999,"tourist_attraction, point_of_interest, establishment"
Alesund,ChIJfcK-48LaFkYRKgvsDuWm3ss,Middelaldermuseet,4.6,"Borgundgavlen 21, Ålesund",62.4658517,6.2382852,"museum, tourist_attraction, point_of_interest, establishment"
Alesund,ChIJKUk-1KfbFkYRcQHfVo8rLyM,Rampenissen,N/A,"Unnamed Road, Langevåg",62.42703889999999,6.175956900000001,"tourist_attraction, point_of_interest, establishment"
Alesund,ChIJaxhO6OzbFkYRHbCYHjeeiNA,Grøthornet,4.8,Mauseidvåg,62.4249354,6.139274699999999,"tourist_attraction, park, point_of_interest, establishment"
Alesund,ChIJERZ85XXZFkYRvIgGXrp-nOc,Mjeltehaugen,5,"Sekundær Fylkesvei 128 1, Giske",62.5018324,6.0620462,"tourist_attraction, point_of_interest, establishment"
Alesund,ChIJvXtKU9LZFkYRYSQdLO0pPf4,Giske Church,4.3,Giskevegen 121,62.49865669999999,6.0502397,"tourist_attraction, church, place_of_worship, point_of_interest, establishment"
Alesund,ChIJtxvU0RDbFkYRSAsY9tSD9oU,Vardane,4.9,Sula,62.41328650000001,6.1651282,"tourist_attraction, park, point_of_interest, establishment"
Alesund,ChIJo5M6dGXYFkYR0-REd-QH8pg,Storhornet,4.8,Godøya,62.473827,5.984406,"tourist_attraction, park, point_of_interest, establishment"
Alesund,ChIJm7QB_inZFkYRHOnV-wcbtig,Johan Skytt stone,4.7,"Sekundær Fylkesvei 127 4, Godøya",62.48120309999999,5.983284299999999,"tourist_attraction, point_of_interest, establishment"
Alesund,ChIJTeG91M3YFkYRXwmBPQ3KmzU,Kvitneset,4.6,Brandal,62.4209603,6.0004824,"tourist_attraction, point_of_interest, establishment"
Alesund,ChIJJ74J8wrYFkYRUQn474aPH-8,Alnes fyr,4.6,"Alnesvegen 172, Godøya",62.48991129999999,5.967383999999999,"tourist_attraction, point_of_interest, establishment"
Alesund,ChIJMQ9IWa_FFkYRvCdGt7PfGxo,Sandingane,4.3,Ålesund,62.4582041,6.3567593,"park, tourist_attraction, point_of_interest, establishment"
Alesund,ChIJRZKJ61DWFkYRJNf5ISgEAjw,Blimssanden,4.7,Giske,62.5647958,6.0489421,"tourist_attraction, point_of_interest, establishment"
Kristiansand,ChIJlbqbn54COEYRRGf3XXL6ntg,Kristiansand Zoo and Amusement Park,4.5,"Kardemomme By, Kristiansand",58.1856197,8.1439293,"zoo, tourist_attraction, amusement_park, point_of_interest, establishment"
Kristiansand,ChIJdQGTe4X4N0YRnM0rpUqg6fY,Bredalsholmen Dokk og Fartøyvernsenter // Gamlemessa,4.9,"Andøyveien, Kristiansand",58.11052309999999,7.9907545,"tourist_attraction, museum, restaurant, point_of_interest, food, establishment"
Kristiansand,ChIJF5FaT2cCOEYRAa1F7Ysvqg8,City Train,2.3,"Østre Strandgate 3, Kristiansand S",58.1457589,7.992791799999998,"tourist_attraction, point_of_interest, establishment"
Kristiansand,ChIJ1a7oIY0COEYRKKn5tXKrNdk,Dueknipen,4.8,Kristiansand,58.1440816,7.974539999999998,"tourist_attraction, landmark, point_of_interest, establishment"
Kristiansand,ChIJDxCKQc8COEYRdnfmt-VNqqY,Høyt & Lavt Kristiansand,4.7,"Gamle Mandalsvei 110, Kristiansand",58.154553,7.935708999999999,"amusement_park, tourist_attraction, point_of_interest, establishment"
Kristiansand,ChIJ--gofo_4N0YR3vayiJ0zlSU,D / S Hestmanden,4.8,"Andøyveien, Kristiansand",58.109945,7.9892432,"museum, tourist_attraction, point_of_interest, establishment"
Kristiansand,ChIJP8RaL0MCOEYRZwHMy0cXKbw,Aquarama,4.3,"Tangen 8, Kristiansand",58.14685859999999,8.0058176,"tourist_attraction, amusement_park, point_of_interest, establishment"
Kristiansand,ChIJj0bTVwz4N0YRbJBmgHp-bSk,Grønningen Lighthouse,4.8,"Postboks 8317 Vågsbygd, Grønningen 1, Kristiansand",58.08148569999999,8.088003399999998,"tourist_attraction, point_of_interest, establishment"
Kristiansand,ChIJjUFfrZ7_N0YRUZXa60zk9hE,Randøya fort,4.6,Kristiansand,58.0956228,8.116887499999997,"tourist_attraction, point_of_interest, establishment"
Kristiansand,ChIJv2wUbp0BOEYRKhOcduAooiY,Nedre Timenes naturreservat,4.4,Kristiansand,58.1680706,8.1134328,"tourist_attraction, park, point_of_interest, establishment"
Kristiansand,ChIJ-3zGPBD5N0YREzzywx2xP0s,Belteviga fort,4.6,Flekkerøy,58.06321129999999,7.9805589,"tourist_attraction, point_of_interest, establishment"
Kristiansand,ChIJs9zRDt8AOEYROfoELZ3OIEM,Ku Toppen,4.4,"Kardemomme By 4609, Kristiansand",58.1842996,8.139367800000002,"tourist_attraction, point_of_interest, establishment"
Kristiansand,ChIJT3iWWl4COEYR_U9lpaJk6ro,Kristiansand Cathedral,4.5,"Gyldenløves gate 9, Kristiansand",58.14611129999999,7.994885999999998,"tourist_attraction, church, place_of_worship, point_of_interest, establishment"
Kristiansand,ChIJuZVoyNgAOEYRBcAkxJrH43I,Cardamom Town,4.6,"Dyreparkveien 9, Kristiansand",58.18715899999999,8.140113399999999,"tourist_attraction, point_of_interest, establishment"
Kristiansand,ChIJ_____y_-R0YRTsPaplH6pRg,Bronseplassen,4.5,"Høvågveien 500, Høvåg",58.14953819999999,8.163831499999997,"tourist_attraction, art_gallery, point_of_interest, establishment"
Kristiansand,ChIJBzpldTUCOEYRrTSImTC-ivM,Kristiansand Museum,4.4,"Vigeveien 22B, Kristiansand",58.1621122,8.0293025,"museum, tourist_attraction, point_of_interest, establishment"
Kristiansand,ChIJ_d0fEVECOEYRmszrGAmIcGc,"Natural History Museum and Botanical Garden, University of Agder",4.4,"Gimleveien 27, Kristiansand",58.1589062,8.0033712,"museum, tourist_attraction, park, point_of_interest, establishment"
Kristiansand,ChIJk5hPVdkAOEYRp6vBeqoPih0,Båtbasaren,4.7,"Dyreparkveien 3, Kristiansand",58.1862316,8.145792,"tourist_attraction, point_of_interest, establishment"
Kristiansand,ChIJhRATCdwAOEYRZ4xO7xApWG0,Kaptein Sabeltanns Verden,4.5,"Kardemomme By 4609, Kristiansand",58.18586310000001,8.147210600000001,"tourist_attraction, point_of_interest, establishment"
Kristiansand,ChIJEbn9SYsCOEYRT5JLN0rdyPY,Archive Foundation,4.6,"Vesterveien 4, Kristiansand",58.14459830000001,7.981407799999999,"museum, tourist_attraction, point_of_interest, establishment"
Kristiansand,ChIJ_d0fEVECOEYRwJOxldFkKZo,Gimle Farm,4.6,"Gimleveien 23, Kristiansand",58.15849200000001,8.0031449,"tourist_attraction, museum, point_of_interest, establishment"
Kristiansand,ChIJAQAAAG8COEYRbHE6uAeW4KY,Christiansholm Fortress,4.3,"Østre Strandgate 52B, Kristiansand",58.14416670000001,8.003611099999999,"tourist_attraction, point_of_interest, establishment"
Kristiansand,ChIJlTlkawADOEYR-T1j5o5PQz4,Square,4.8,"Kirkegata 16, Kristiansand",58.14627770000001,7.995429999999999,"tourist_attraction, point_of_interest, establishment"
Kristiansand,ChIJD06mfAADOEYRXjUhux51SVk,Posebyen,3.5,"Holbergs gate 33, 23, Kristiansand",58.14896859999999,7.996892399999998,"tourist_attraction, point_of_interest, establishment"
Kristiansand,ChIJ997bepEDOEYRx0lLvTdDTbw,Former Post Office,4,"Kronprinsens gate 45B, Kristiansand",58.15007900000001,7.997744600000001,"tourist_attraction, point_of_interest, establishment"
Kristiansand,ChIJbTC1pVcDOEYR8kIhF3SC_eY,MS Bragdøya,3.8,"Kai 6, Havnegata 21, Kristiansand",58.14306560000001,7.991764300000001,"tourist_attraction, point_of_interest, establishment"
Kristiansand,ChIJfZYW9PUCOEYR7d6NdLZxr9k,Baneheia Fjellanlegg,5,"Kirkegata 51, Kristiansand",58.14916239999999,7.988887099999999,"tourist_attraction, point_of_interest, establishment"
Kristiansand,ChIJrZq-X5oDOEYRia_pQvy52Ro,Fullriggeren Sørlandet,4.9,"Havnegata 23, Kristiansand",58.1428081,7.992134299999999,"tourist_attraction, point_of_interest, establishment"
Kristiansand,ChIJVffJ1r4DOEYRpzgqNHRIGVE,Statue,4,"Østre Strandgate 2, Kristiansand",58.1423764,7.996523,"tourist_attraction, point_of_interest, establishment"
Kristiansand,ChIJt5TGdnQDOEYRB94LRGXpC-o,Kristiansand Beach,3.9,"Nodeviga 5, Kristiansand",58.14218850000001,7.997668999999999,"tourist_attraction, point_of_interest, establishment"
Kristiansand,ChIJsbaI2n4DOEYRwrmq3k_Fiw4,Sand sculptures,4.5,"Nodeviga 18, Kristiansand",58.1420827,7.996993099999999,"tourist_attraction, point_of_interest, establishment"
Kristiansand,ChIJ9aDzSsIDOEYRSBUXAo63vyk,Uferpromenade Kristiansand,4.6,"Østre Strandgate 12A, Kristiansand",58.14245820000001,7.999753399999999,"tourist_attraction, point_of_interest, establishment"
Kristiansand,ChIJL8QfJwADOEYRJd8bkLKvzlY,Lav Høyde-skiltet,5,"Gravane 4610, Kristiansand",58.14145060000001,7.9962857,"tourist_attraction, point_of_interest, establishment"
Kristiansand,ChIJ9ZEsjXQDOEYR3qiZttKu4dk,Nature Norway: RIB Speed Sightseeing,5,"Nodeviga 3, Kristiansand",58.1413649,7.9972838,"tourist_attraction, point_of_interest, establishment"
Kristiansand,ChIJl2eriHcDOEYRkYzW1lOx0go,Fiske-Maren,5,"Gravane 18, Kristiansand",58.1409452,7.9954857,"tourist_attraction, point_of_interest, establishment"
Kristiansand,ChIJb7WNuDkDOEYR71cnUKM8M4s,Fiskebrygga,4.7,Kristiansand,58.14088640000001,7.9961516,"tourist_attraction, point_of_interest, establishment"
Kristiansand,ChIJhYIEwHIDOEYR4mVitK16Gyc,Natur Norge as,4,"Odderøyveien 5, Kristiansand",58.14037429999999,7.9979358,"tourist_attraction, point_of_interest, establishment"
Kristiansand,ChIJU15_UmYCOEYRDOmFzwmyQ-g,Odderøya museumshavn,4.4,"Nodeviga 38, Kristiansand",58.1406452,8.0003122,"museum, tourist_attraction, point_of_interest, store, establishment"
Kristiansand,ChIJfxqIyj4DOEYR6AE0mwOGtko,Kristiansand Port,4.5,Kristiansand,58.13934889999999,7.992559399999999,"tourist_attraction, point_of_interest, establishment"
Kristiansand,ChIJOQC5t6ADOEYR0urW75-IdhA,Horse statue,5,"Sjølystveien 2, Kristiansand",58.13886160000001,7.996634,"tourist_attraction, point_of_interest, establishment"
Kristiansand,ChIJvz8EENYDOEYRncZE6pF6Kn4,Fly-n-hi Segway Tours,4.5,"Lagmannsholmen 7, Kristiansand",58.13877780000001,7.994701999999999,"tourist_attraction, point_of_interest, establishment"
Kristiansand,ChIJW7z6WaEDOEYRLWZ-mT6NYf4,Kirkebukta,N/A,Kristiansand Municipality,58.1435462,8.017545499999999,"tourist_attraction, point_of_interest, establishment"
Kristiansand,ChIJG9laZ74DOEYR4pltirXXSEw,Blomsbukta,4.7,Kristiansand,58.1440763,8.018830300000001,"tourist_attraction, point_of_interest, establishment"
Kristiansand,ChIJS7zUNcIDOEYRLrYlIFjbOOo,Skulptur,N/A,"Odderøyveien 126, Kristiansand",58.1330152,8.00325,"tourist_attraction, point_of_interest, establishment"
Kristiansand,ChIJPQNYmjwDOEYRbb7oSqm-sU4,Bunker,4.6,"Odderøyveien 132, Kristiansand",58.13260800000002,8.004072800000001,"tourist_attraction, point_of_interest, establishment"
Kristiansand,ChIJIdpZ0m8COEYRye-C05yoYCc,Odderøya fort,4.6,Kristiansand,58.1326723,8.0066303,"tourist_attraction, point_of_interest, establishment"
Kristiansand,ChIJo70AEXACOEYRTJ8GoRbT_g0,Odderøya Lighthouse,4.6,Odderøyveien,58.1313626,8.0020729,"tourist_attraction, point_of_interest, establishment"
Kristiansand,ChIJ9YiCMHwDOEYR4MBdb3Ll6cw,Stupetårnet i Bertes,5,"Framnesveien 10, Kristiansand",58.1457136,8.0320539,"tourist_attraction, point_of_interest, establishment"
Kristiansand,ChIJE5JNz6ADOEYRkOG48q1FNrc,Håla i helvetesdalen,5,"Wolframveien 84, Kristiansand",58.14780079999999,7.946068299999999,"tourist_attraction, point_of_interest, establishment"
Kristiansand,ChIJ-aptDzICOEYRPANu0JPAZ7A,Ringknuten,4.5,"Kongsgård alle, Kristiansand",58.1591519,8.0427887,"tourist_attraction, point_of_interest, establishment"
Kristiansand,ChIJMwi9n9kDOEYR9aWhlb7Vqf0,Fuglevikstranda,4.4,Kristiansand,58.1455661,8.051277899999999,"tourist_attraction, point_of_interest, establishment"
Kristiansand,ChIJuwGk2qcDOEYRNhSY-RzMNvU,Holmenkollen,4.8,Kristiansand,58.17879569999999,8.001756699999998,"tourist_attraction, point_of_interest, establishment"
Kristiansand,ChIJN_NIcBYDOEYRybgBM4efKHE,The inverted boat,4.7,Kristiansand,58.18518699999999,7.970279700000001,"tourist_attraction, point_of_interest, establishment"
Kristiansand,ChIJv6JIQoYdOEYRjVgn0Y_MT7E,Little Kjerag Bolt,4.4,"Vesterveien 200, Kristiansand",58.141641,7.913979099999999,"tourist_attraction, point_of_interest, establishment"
Kristiansand,ChIJY7thmvoBOEYRBFbGcdjKxTg,Plaża kąpielisko,3.5,Kristiansand,58.1199833,8.0619713,"tourist_attraction, point_of_interest, establishment"
Kristiansand,ChIJYWrI7TEdOEYR-02RebSB2Xo,Gråmannen,4.8,Kristiansand,58.1596213,7.911271699999999,"tourist_attraction, point_of_interest, establishment"
Kristiansand,ChIJv5VQOAADOEYRpjpEpMEclgY,Ruggesteinen,N/A,"Kornblomstveien 4634, Kristiansand",58.18905179999999,8.0334551,"tourist_attraction, point_of_interest, establishment"
Kristiansand,ChIJ-dl6kFEdOEYRLk1wKEaF40M,Lille preikestolen,4.7,"Bjørkedalstjønna, Kristiansand",58.136094,7.907494,"tourist_attraction, point_of_interest, establishment"
Kristiansand,ChIJRz0m2hv5N0YReYXBgP7AeVs,Tycho Brahe Observatoriet,3,"Møvigknatten, Kristiansand",58.094362,7.9635032,"tourist_attraction, point_of_interest, establishment"
Kristiansand,ChIJeRZXHwABOEYRc57AwjdxDRg,Klinebenken,N/A,"Fredrik Franssons vei 4, Kristiansand",58.18375729999998,8.0821439,"tourist_attraction, point_of_interest, establishment"
Lillehammer,ChIJFbQ71NiIakYRS1vB64cSrS8,Fåberg Church,4.4,"Gausdalsvegen 316, Fåberg",61.1609507,10.3710847,"church, tourist_attraction, place_of_worship, point_of_interest, establishment"
Lillehammer,ChIJ_Q1T-wGIakYRqk9nRr26uOw,Maihaugen,4.6,"Maihaugvegen 1, Lillehammer",61.11193569999999,10.4778336,"tourist_attraction, museum, point_of_interest, establishment"
Lillehammer,ChIJx4wu1waIakYR547er2kcri4,Søndre Park Aland,4.4,"Langes gate 9, Lillehammer",61.1119918,10.4676341,"park, tourist_attraction, point_of_interest, establishment"
Lillehammer,ChIJrUaoMgCIakYRdcvJoWIg-KA,Garmo stavkirke,4.4,"Maihaugvegen 1, Lillehammer",61.1109044,10.4763362,"church, tourist_attraction, place_of_worship, point_of_interest, establishment"
Lillehammer,ChIJmVjaNcRjakYRlEOfLaCfg2U,Nordseter camp,3.4,Lillehammer,61.17547750000001,10.6097031,"tourist_attraction, point_of_interest, establishment"
Lillehammer,ChIJ9XNQOppiakYR3CZPZoPoaHU,Lysgårdsbakkene Hoppanlegg,4.5,"Birkebeinervegen 122, Lillehammer",61.12558949999999,10.4879207,"stadium, tourist_attraction, point_of_interest, establishment"
Lillehammer,ChIJ9XNQOppiakYRUMqZqFfl2OM,Birkebeineren Ski Stadium,4.5,"Sjøsetervegen 29, Lillehammer",61.1344819,10.5076346,"tourist_attraction, point_of_interest, establishment"
Lillehammer,ChIJ6ePZ0_-HakYRn7R5_mXhtJo,Lillehammer Art Museum,4.4,"Stortorget 2, Lillehammer",61.1154903,10.4638768,"tourist_attraction, museum, point_of_interest, establishment"
Lillehammer,ChIJrZXhAhuIakYRsBJ1tzg03f4,Sigrid Undset's home Bjerkebæk,4.5,"Sigrid Undsets veg 16, Lillehammer",61.12291430000001,10.4694604,"museum, tourist_attraction, park, point_of_interest, store, establishment"
Lillehammer,ChIJ18pIHhuIakYRhoh63YH0E78,Norwegian Olympic Museum,4.4,"Maihaugvegen 1, Lillehammer",61.1123187,10.4771145,"museum, tourist_attraction, point_of_interest, establishment"
Lillehammer,ChIJ6fzRLveJakYRW0TEkYH6qbY,"Gågata, Lillehammer",4.6,"Storgata 73-83, Lillehammer",61.116281,10.4653727,"tourist_attraction, point_of_interest, establishment"
Lillehammer,ChIJQ8VODYeJakYRFZ8521et32A,Lilletorget,4.7,"Lilletorget 2615, Lillehammer",61.1174273,10.464655,"tourist_attraction, point_of_interest, establishment"
Lillehammer,ChIJc04JkR6JakYR1sV60R0_Y-Y,Mesna Kultursti,4.2,"Brubakken 1, Lillehammer",61.1175267,10.4627133,"tourist_attraction, point_of_interest, establishment"
Lillehammer,ChIJN1HT_gaIakYRP3WVMI4EC24,Lillehammer Church,4.4,"Kirkegata 28, Lillehammer",61.1116667,10.4644444,"church, tourist_attraction, place_of_worship, point_of_interest, establishment"
Lillehammer,ChIJIRmn1w6IakYRgDSR8d4UyD8,Mesnaelva,4.6,"Elvebakken 9A, Lillehammer",61.116364,10.4564365,"tourist_attraction, point_of_interest, establishment"
Lillehammer,ChIJj-Qq3wGIakYR5Nxn4-EsNOw,Norwegian Post Museum,4.2,"Maihaugvegen 1, Lillehammer",61.11194640000001,10.4777387,"tourist_attraction, museum, point_of_interest, establishment"
Lillehammer,ChIJCeUjwM2JakYRT6xrBLfWl_E,Klokketårnet,5,"Strandpromenaden 76, Lillehammer",61.1136437,10.4485663,"tourist_attraction, point_of_interest, establishment"
Lillehammer,ChIJseVuum2IakYRb7w7mLBzTkg,Birdwatching tower,4.2,Lillehammer,61.12492649999999,10.4379532,"tourist_attraction, point_of_interest, establishment"
Lillehammer,ChIJQ3oLjSl9akYRLnrfyHoaoVM,Engehuken gapahuk,4.4,Lillehammer,61.09261900000001,10.482419,"tourist_attraction, point_of_interest, establishment"
Lillehammer,ChIJVyCgP0l9akYRxk2T0uQk6g0,Tyskerhulene,4.3,"Solhøgda, Lillehammer",61.09839849999999,10.5036592,"tourist_attraction, point_of_interest, establishment"
Lillehammer,ChIJbdpWaOWJakYRrJlUnvzXrbM,swing balbergkampen,4.6,"5C4R+8H, Fåberg",61.1558125,10.4414375,"tourist_attraction, point_of_interest, establishment"
Lillehammer,ChIJF5aLz2iJakYRVjbbHMAkIPU,Sundgaarden,4.6,"Gudbrandsdalsvegen 470, Fåberg",61.1547346,10.4054105,"museum, tourist_attraction, point_of_interest, establishment"
Lillehammer,ChIJL0Uz9BCJakYRb6wQ1_HE_qE,Rock Carvings at Lillehammer,4.1,"Raden 20, Fåberg",61.1821624,10.4110049,"tourist_attraction, point_of_interest, establishment"
Lillehammer,ChIJVeI7goeGakYROCxfK_xLeZ0,Flokofallet,4.7,"Burmavegen, Vingrom",61.07407229999999,10.3210172,"tourist_attraction, point_of_interest, establishment"
Lillehammer,ChIJFStA8s6LakYRWrrZ_G9pH44,Kid's farm Hunderfossen,4.5,"Fossekrovegen, Fåberg",61.221739,10.434631,"amusement_park, tourist_attraction, point_of_interest, establishment"
Bodø,ChIJcY8QZ48Q30URz1QC4LzRXlY,Rønvik Church,4.5,"Amtmann Worsøes gate 28, Bodø",67.29499849999999,14.4161841,"church, tourist_attraction, place_of_worship, point_of_interest, establishment"
Bodø,ChIJ2RLfBfIQ30URRFNFMQPfZzk,Nordlandsbadet (Endret åpningstider i skolefriperioder),4.2,"Plassmyrveien 11, Bodø",67.2777444,14.4129038,"amusement_park, tourist_attraction, point_of_interest, establishment"
Bodø,ChIJoXrjCF4Q30URq48O7l-UdbI,Salmon Center Bodø,4,"Sjøgata 21, Bodø",67.2851072,14.3813608,"museum, tourist_attraction, point_of_interest, establishment"
Bodø,ChIJn8Mry-cQ30UREMaA04aXxtA,Nordlandsmuseet Bodøsjøen friluftsmuseum,4.3,"Rorbuveien 3, Bodø",67.268261,14.4279892,"museum, tourist_attraction, point_of_interest, establishment"
Bodø,ChIJPxKjlkIQ30URDdpibJJ2yr8,Nyholmen Lighthouse,4.1,"Nyholmen 380, Bodø",67.2863832,14.3649469,"tourist_attraction, point_of_interest, establishment"
Bodø,ChIJLdrjt1AQ30URhrO7UVOqNZM,Norwegian Aviation Museum,4.7,"Børtindgata 35B, Bodø",67.2765677,14.4133647,"museum, tourist_attraction, point_of_interest, establishment"
Bodø,ChIJifEtjF4Q30UR4k4-12Hncdk,Bodø Cathedral,4.3,"Torvgata 12, Bodø",67.282422,14.3814867,"tourist_attraction, church, place_of_worship, point_of_interest, establishment"
Bodø,ChIJNR8aK8cR30URavzKGNc90aw,After School Wall Painting,4.8,"Kongens gate 14, Bodø",67.283464,14.3871542,"tourist_attraction, point_of_interest, establishment"
Bodø,ChIJPwFkEwAR30URls1mPWHIgUo,Hedersbenk Anna Benoni,N/A,"Tordenskjolds Gate 6, Bodø",67.284623,14.387997,"tourist_attraction, point_of_interest, establishment"
Bodø,ChIJbbVE7F4Q30URil1uSzIDgGc,Nordland Museum,4.1,"Prinsens gate 116, Bodø",67.2818316,14.3823798,"museum, tourist_attraction, point_of_interest, establishment"
Bodø,ChIJA4t3xCMR30URqn7d7qnOHmg,Bodo Street Murals,4.4,Bodø Municipality,67.28379319999999,14.38331610000001,"tourist_attraction, point_of_interest, establishment"
Bodø,ChIJJR_n3vMR30URVC9R_Vua2iM,Seeadler Skulptur,4,"Storgata 11, Bodø",67.2846129,14.3842335,"tourist_attraction, point_of_interest, establishment"
Bodø,ChIJFemqnAoR30UR-Cp32pSuMV8,rmslt,N/A,"Sjøgata 27, Bodø",67.2854047,14.3836134,"tourist_attraction, travel_agency, point_of_interest, establishment"
Bodø,ChIJib3xIWwR30URHPz5HVKfllw,Girl in the red glasses,N/A,"Dronningens gate 11C, Bodø",67.2834829,14.3809142,"tourist_attraction, point_of_interest, establishment"
Bodø,ChIJ_-S1GaoR30URfSrMLfYow7w,Secrets,4,"Dronningens gate 11C, Bodø",67.2834829,14.3809142,"tourist_attraction, point_of_interest, establishment"
Bodø,ChIJle-mgXIR30UR2zt1Jvn-nqk,Admirers,4,"Professor Schyttes gate 3, Bodø",67.2831423,14.379463,"tourist_attraction, point_of_interest, establishment"
Bodø,ChIJP4jLJcIR30URAt8vBCflOUM,The Tulip pairs,3,"Sandgata 5d, Bodø",67.2827246,14.3778854,"tourist_attraction, point_of_interest, establishment"
Bodø,ChIJP2cccOkQ30URasC-aS9xgeM,Andedammen,4.5,"Stormyrveien 71, Bodø",67.2745858,14.4309058,"tourist_attraction, point_of_interest, establishment"
Bodø,ChIJlX94e4QR30URfxyUQ6BosDM,German WW2 bunker,4.4,"Prinsens gate 70, Bodø",67.2785589,14.3679597,"tourist_attraction, point_of_interest, establishment"
Bodø,ChIJTUASEmAR30URgMxMhv3o3l8,Jektefartsmuseet,4.6,"Kvernhusveien 26, Bodø",67.26800109999999,14.4268273,"museum, tourist_attraction, restaurant, food, store, point_of_interest, establishment"
Bodø,ChIJH6qHIkQR30URwfTUWnjdg-0,Women in the red,N/A,"Tolder Holmers vei 6, Bodø",67.27865000000001,14.3652201,"tourist_attraction, point_of_interest, establishment"
Bodø,ChIJaU6KHGgQ30UR-9W5SQF75MI,Nyholms Fort,4.6,"Nyholmen, Bodø",67.2876338,14.36773,"tourist_attraction, point_of_interest, establishment"
Bodø,ChIJ47t5OQAR30URPV-bLRVxrYs,Hedersbenk Hildur Rørdam,N/A,"Pelle Molins Plass, Prinsens gate 8003, Bodø",67.277804,14.363033,"tourist_attraction, point_of_interest, establishment"
Bodø,ChIJqdxqPxcb30URwZwaFp9GY6M,Rampen Via Ferrata,5,"Dark building down towards ocean from main road, Bratten, Bodø",67.307604,14.4082839,"tourist_attraction, point_of_interest, establishment"
Bodø,ChIJU3k0AgAX30URghjH_BonbUk,サルストラウメン海峡,N/A,"7G49+5Q, Bodø",67.255496,14.519389,"tourist_attraction, point_of_interest, establishment"
Bodø,ChIJk3Y0ntYb30URS0bY3QLYPQc,Løpsfjellet,5,Bodø,67.3193683,14.513202,"tourist_attraction, point_of_interest, establishment"
Bodø,ChIJ8yp5ZwAX30URg3GzKD3EG1E,Høgnakken,N/A,"Straumøya 8056, Saltstraumen",67.2155233,14.4996404,"tourist_attraction, point_of_interest, establishment"
Bodø,ChIJr8gdVwAb30UR-RPfuauzRvw,"Arctic Ocean, Bodø",N/A,"8GW9+6Q, Bodø",67.34555329999999,14.519415,"tourist_attraction, point_of_interest, establishment"
Bodø,ChIJsZ4wANIZ30URu_6tYVSvur0,Vasshauet,4.7,"Soløyvannet badeplass, Bodø",67.3020174,14.6042697,"tourist_attraction, park, point_of_interest, establishment"
Narvik,ChIJV7CX5ym-20URuz6tXhKaQQs,Narvik War Museum,4.5,"Kongensgate 39, Narvik",68.4377255,17.4255871,"museum, tourist_attraction, point_of_interest, establishment"
Narvik,ChIJx8V_7su_20UR464YzVx9AL0,Fjellheisstasjonen Narvik,4.6,"Unnamed Rd, Narvik",68.42263919999999,17.4582504,"tourist_attraction, point_of_interest, establishment"
Narvik,ChIJhSbWxyq-20URG-jf9eFlxHI,Narvik Museum,4.2,"Administrasjonsveien 3, Narvik",68.43160209999999,17.4252988,"tourist_attraction, museum, point_of_interest, establishment"
Narvik,ChIJFYQ3KO2V20URNtgklpaRvCQ,First Lofoten adventure,N/A,Narvik,68.4384984,17.4272613,"tourist_attraction, point_of_interest, establishment"
Narvik,ChIJee9ZtxOV20URKzN4sy_ksVk,Kilometers and miles information,4.7,"Kongensgate, Narvik",68.438745,17.4267344,"tourist_attraction, point_of_interest, establishment"
Narvik,ChIJgY4g6YSV20URk5hfqjw2sfg,The Hiroshima Stone,4.5,"Kongensgate 45, Narvik",68.4387935,17.4275311,"tourist_attraction, point_of_interest, establishment"
Narvik,ChIJMwc6U5-V20URGHdHastNP0U,Day Out Narvik,4.9,"Dronningensgate 66, Narvik",68.4391802,17.4319984,"tourist_attraction, point_of_interest, establishment"
Narvik,ChIJ09QqVsO_20URkmb6JjWgKJA,The Arctic Train,4.5,"Stasjonsveien 1, Narvik",68.4415507,17.4412257,"tourist_attraction, point_of_interest, establishment"
Narvik,ChIJaYa3b8m_20URvn7IjUdZ0Zs,Observasjons dekk,5,"Rombaksveien 104, Narvik",68.4525998,17.4785141,"tourist_attraction, point_of_interest, establishment"
Narvik,ChIJMzNCKVq_20URWROigcnMphI,Narvik mountains,4.9,Narvik Municipality,68.4212024,17.4800718,"tourist_attraction, point_of_interest, establishment"
Narvik,ChIJozRKfwC_20URjYs1pu_doUc,Linken,N/A,CFCJ+F7,68.42112949999999,17.4806555,"tourist_attraction, point_of_interest, establishment"
Narvik,ChIJhag9BwCV20URHmp-Q1fJVMs,Håkvik Beaches,N/A,Ofotfjorden,68.4055975,17.3044878,"tourist_attraction, point_of_interest, establishment"
Narvik,ChIJDbM09Km_20URmOC2AwHPGTo,Beisfjordgubben,5,"Fjordveien 203, Beisfjord",68.37642319999999,17.55667099999999,"tourist_attraction, point_of_interest, establishment"
Narvik,ChIJuUt74Fe720URNUYHCVtJsio,Narvikin näköalapaikka,3.2,Narvik,68.4699806,17.7054847,"tourist_attraction, point_of_interest, establishment"
Narvik,ChIJq67f5Uy920URgJTwvCWAv40,Eventyrskogen,4.5,Bjerkvik,68.56034009999999,17.5363674,"tourist_attraction, point_of_interest, establishment"
Narvik,ChIJK5t7UACT20URwvG7QjDtrYc,Skipperåsen,5,"F4X5+78, Østervik",68.4982124,17.1083275,"tourist_attraction, point_of_interest, establishment"
