city,name,type,latitude,longitude,elevation
Oslo,Ryen varde,peak,59.8931158,10.7948537,206.5
Oslo,Brannfjell,peak,59.8877762,10.7945581,204.5
Oslo,Vettakollen,peak,59.9765497,10.6990279,419
Oslo,Årvollåsen,peak,59.9578514,10.8339195,362
Oslo,Grefsenkollen,peak,59.9591855,10.8034878,380
Oslo,Revlikollen,peak,59.987087,10.8441894,398
Oslo,Ellingsrudåsen,peak,59.9375295,10.9186639,233
Oslo,Tallberget,peak,59.8928447,10.82398,Unknown
Oslo,Smedåsen,peak,59.8590816,10.8426322,193.5
Oslo,Sankthansåsen,peak,59.8680866,10.8608186,223
Oslo,Tryvannshøgda,peak,59.9886222,10.6685657,530
Oslo,Voksenåsen,peak,59.9761316,10.664118,Unknown
Oslo,Dronningparken,park,59.9161383,10.7253578,Unknown
Oslo,Kampen,peak,59.9867711,10.8169618,310
Oslo,Kringlefjell,peak,59.9729144,10.8035366,312
Oslo,Skjervenåsen,peak,59.9945801,10.7343276,317
Oslo,Taraldrudåsen,peak,60.0000346,10.7310739,319
Oslo,Korpåsen,peak,59.8608648,10.8583077,260
Oslo,Skullerudåsen,peak,59.860273,10.8653882,275
Oslo,Dalsåsen,peak,59.8544572,10.8469898,206
Oslo,Kolås,peak,59.9486341,10.8365051,251
Oslo,Gaustadgruven flaggermusreservat,nature_reserve,59.9678707,10.7169726,Unknown
Oslo,Bestemoråsen,peak,59.8811621,10.9014039,269
Oslo,Unknown,peak,59.8742922,10.9008856,257
Oslo,Kamphaugknatten,peak,59.8854444,10.894725,282
Oslo,Bukkeberget,peak,59.8814374,10.8746182,213.5
Oslo,Lille Haukåsen,peak,59.8959952,10.8914431,331
Oslo,Bakås,peak,59.9352627,10.9102412,214
Oslo,Tørrgranåsen,peak,59.9214962,10.9054944,325
Oslo,Unknown,peak,59.9173169,10.9012889,358
Oslo,Trolldalsåsen,peak,59.8610825,10.8740939,284
Oslo,Seteråsen,peak,59.9034962,10.9271758,Unknown
Oslo,Unknown,peak,59.9726098,10.8103911,318
Oslo,Bispedalskollen,peak,59.9850221,10.857192,319
Oslo,Flaberget,peak,59.9631988,10.8614065,Unknown
Oslo,Grytlihøgda,peak,59.9946448,10.8295518,Unknown
Oslo,Linderudseterhøgdene,peak,59.9721631,10.829357,381.5
Oslo,Morstopp,peak,59.9750915,10.8506768,299
Oslo,Ravnkollen,peak,59.9670773,10.8876993,298
Oslo,Sponkollen,peak,59.9807033,10.8503791,Unknown
Oslo,Stokkåsen,peak,59.9847262,10.8306713,326.5
Oslo,Trollhaug,peak,59.9847789,10.822313,265
Oslo,Rommensletta skulpturpark,park,59.955097,10.9074501,Unknown
Oslo,Fagerholtåsen,peak,59.9115149,10.8713177,273.3
Oslo,Kroktjernkollen,peak,59.9035113,10.883542,318
Oslo,Utsikten,peak,59.9066936,10.8795741,294.6
Oslo,Lutåsen,peak,59.910625,10.8839361,315
Oslo,Utsikten,peak,59.9171071,10.8736514,272
Oslo,Oslo Summerpark,park,59.9929693,10.6667068,Unknown
Oslo,Gratishaugen,peak,59.9633543,10.6720167,343
Oslo,Storhaug,peak,59.9656039,10.8233912,363
Oslo,Årvollåsen nordvest,peak,59.9619044,10.8268259,353
Oslo,Skyteåsen,peak,59.9571081,10.8200023,284
Oslo,Merramyrhøgda,peak,59.9637626,10.8170304,332
Oslo,Grefsenkollen øst,peak,59.9590723,10.8078161,374
Oslo,Mannskjitkollen,peak,59.9821832,10.8017995,252.6
Oslo,Finfallåsen,peak,59.8714925,10.8959978,Unknown
Oslo,Dalbakkåsen,peak,59.8849896,10.9024706,Unknown
Oslo,Bjørnåsen,peak,59.9079887,10.9057215,Unknown
Oslo,Haukåsen,peak,59.9036366,10.8966728,357
Oslo,Nedre Utsikten,peak,59.8933722,10.882875,280
Oslo,Puttåsen,peak,59.9143528,10.8997278,363
Oslo,Lindebergåsen,peak,59.9292507,10.8886332,189
Oslo,Trettestykkåsen,peak,59.89329,10.8973353,287
Oslo,Sarabråtåsen,peak,59.8890545,10.889175,285
Oslo,Hesteholåsen,peak,59.8850636,10.8876353,258
Oslo,Ulsrudåsen,peak,59.8916451,10.8596217,209
Oslo,Langmyråsen,peak,59.8801413,10.8860082,249
Oslo,Bremsrudåsen,peak,59.8777591,10.8845446,233
Oslo,Slettfjell,peak,59.8764835,10.89439,292
Oslo,Bjerringåsen,peak,59.8712362,10.8882186,237
Oslo,Stallerudåsen,peak,59.8747684,10.8557611,201
Oslo,Skullerudåsen,peak,59.8620769,10.8653746,277.5
Oslo,Breidåsen,peak,59.8589772,10.8835075,274
Oslo,Tørtberg,peak,59.90901,10.8461617,182
Oslo,Ravnåstoppen,peak,59.8385437,10.7900318,Unknown
Oslo,Sloreåsen,peak,59.8444521,10.7945383,Unknown
Oslo,Alnaparken,park,59.9426114,10.8774877,Unknown
Oslo,Mastemyrås,peak,59.8302389,10.7768944,Unknown
Oslo,Ljanskollen,peak,59.8373838,10.7741729,83
Oslo,Ormøykollen,peak,59.8757788,10.7578687,Unknown
Oslo,Speilen,peak,59.8797025,10.7208304,37
Oslo,Rishøgda,peak,59.9845041,10.6999361,411
Oslo,Frønsvollsåsen,peak,59.9916716,10.6914849,476.5
Oslo,Vettakolltoppen,peak,59.9724829,10.7002525,419
Oslo,Unknown,peak,59.965926,10.6820752,278
Oslo,Høgåsen,peak,59.9957169,10.7325253,321
Oslo,Holmenåsen,peak,59.9644739,10.6638998,373
Oslo,Revlikollen,peak,59.9850878,10.8399604,386.5
Oslo,Emanuelfjell,peak,59.9675294,10.8943935,Unknown
Oslo,Lachmannsfjell,peak,59.9673913,10.8050364,364
Oslo,Ullernåsen,peak,59.9378171,10.6467089,Unknown
Oslo,Skøyenhaugen,peak,59.9266146,10.6962857,Unknown
Oslo,St. Hanshaugen,peak,59.9273572,10.7408014,Unknown
Oslo,Schandorffs plass,park,59.9170949,10.7451594,Unknown
Oslo,Ulsrudkollen,peak,59.891558,10.865359,Unknown
Oslo,Brennåsen,peak,59.9039853,10.9217908,265
Oslo,Regjeringshagen,park,59.9153342,10.7446361,Unknown
Oslo,Unknown,peak,59.9897907,10.731331,307
Oslo,Mateaåsen,peak,59.837646,10.6593346,161
Oslo,Unknown,peak,59.8704963,10.8552979,183.5
Oslo,Unknown,peak,59.869724,10.8642224,209
Oslo,Unknown,peak,59.8705269,10.8607298,214.9
Oslo,Himmelberget,peak,59.8721498,10.8216442,172
Oslo,John Colletts plass,park,59.9404666,10.7293808,Unknown
Oslo,Børsteveien drivhus,park,59.9335146,10.7936943,Unknown
Oslo,Børsteveien lekeplass,park,59.9335865,10.7937627,Unknown
Bergen,Storfjellet,peak,60.3769444,5.4222222,Unknown
Bergen,Lyderhorn,peak,60.3737874,5.2420929,396
Bergen,Løvstakken,peak,60.360776,5.3191415,477
Bergen,Ulriken,peak,60.3775029,5.3869233,643
Bergen,Blåmanen,peak,60.4013559,5.3632637,551
Bergen,Rundemanen,peak,60.4131846,5.3665465,568
Bergen,Sandviksfjellet,peak,60.4094845,5.3405812,417
Bergen,Grøntua,peak,60.3764909,5.2207491,Unknown
Bergen,Skillingsbollen,peak,60.3728252,5.3266469,Unknown
Bergen,Damsgårdsfjellet,peak,60.3757072,5.2914345,345
Bergen,Gravdalsfjellet,peak,60.3710501,5.2769511,353
Bergen,Storsåta,peak,60.4489595,5.3557732,435
Bergen,Ulsetvarden,peak,60.4753176,5.2976153,304
Bergen,Olsokfjellet,peak,60.3723433,5.2925199,Unknown
Bergen,Gullsteinen,peak,60.3472337,5.3132828,Unknown
Bergen,Knappenfjellet,peak,60.3279383,5.2558224,130
Bergen,Unknown,peak,60.4101801,5.2093363,Unknown
Bergen,Dyrdalstoppen,peak,60.4108683,5.2076833,Unknown
Bergen,Unknown,peak,60.3240586,5.2565558,98
Bergen,Ådnanipa,peak,60.4201554,5.483274,458
Bergen,Flåfjellet,peak,60.3359166,5.4193101,417
Bergen,Brenneklubben,peak,60.410727,5.1729638,Unknown
Bergen,Ørnefjellet,peak,60.383282,5.2492767,Unknown
Bergen,Livarden,peak,60.343284,5.469999,683
Bergen,Kolbeinsvarden,peak,60.4365454,5.2096306,231
Bergen,Storhovden,peak,60.3562375,5.2611569,160
Bergen,Storevarden,peak,60.4274602,5.2258091,216
Bergen,Landåsfjellet,peak,60.3580374,5.3904132,428
Bergen,Strandafjellet,peak,60.3723394,5.3230503,294
Bergen,Rambjøra,peak,60.3326763,5.3614919,Unknown
Bergen,Ørnafjellet,peak,60.4308389,5.3803088,Unknown
Bergen,Grønetua,peak,60.4132234,5.4128109,642
Bergen,Langelifjellet,peak,60.4079523,5.4014502,Unknown
Bergen,Vardegga,peak,60.4186033,5.4051347,590
Bergen,Hauggjelsvarden,peak,60.376494,5.4201887,673
Bergen,Totlandsfjellet,peak,60.337082,5.452884,546
Bergen,Vemånen,peak,60.3685376,5.4863176,297
Bergen,Svartaberget,peak,60.35813,5.247141,192
Bergen,Storehovden,peak,60.4358894,5.3916935,348
Bergen,Byrkjelandsnipa,peak,60.4713588,5.3743662,288
Bergen,Nonhøyen,peak,60.4706963,5.3567205,236
Bergen,Brakahaugane,peak,60.3225936,5.4060725,159
Bergen,Fjellet,peak,60.3203014,5.3975646,140
Bergen,Fjellsenden,peak,60.3220133,5.3990371,Unknown
Bergen,Kattuglefjellet,peak,60.3210797,5.4037095,Unknown
Bergen,Kattuglehaugane,peak,60.3241367,5.4075478,Unknown
Bergen,Preståsen,peak,60.317074,5.4029692,129
Bergen,Unknown,peak,60.3154827,5.4087333,Unknown
Bergen,Unknown,peak,60.3169252,5.4101871,Unknown
Bergen,Hånuken,peak,60.3276204,5.4007596,232
Bergen,Kampen,peak,60.3146614,5.3832008,Unknown
Bergen,Unknown,peak,60.3154425,5.3860493,Unknown
Bergen,Unknown,peak,60.3173074,5.3938492,Unknown
Bergen,Unknown,peak,60.3199385,5.4106076,Unknown
Bergen,Unknown,peak,60.3205255,5.4091861,Unknown
Bergen,Unknown,peak,60.3228336,5.4068284,Unknown
Bergen,Ulvaberget,peak,60.4399696,5.4348503,219
Bergen,Ørneberget,peak,60.43206,5.3005758,Unknown
Bergen,Stordalsfjellet,peak,60.3296485,5.4183265,Unknown
Bergen,Unknown,peak,60.3423598,5.4193826,Unknown
Bergen,Unknown,peak,60.3241954,5.3591733,80
Bergen,Noven,peak,60.3894239,5.2786423,109
Bergen,Hammarslandfjellet,peak,60.3102016,5.249079,149
Bergen,Storåsen,peak,60.4657324,5.3354153,140
Bergen,Såta,peak,60.3654469,5.2948275,Unknown
Bergen,Unknown,peak,60.3456141,5.3008323,Unknown
Bergen,Storenuvarden,peak,60.410439,5.4598979,212
Bergen,Unknown,peak,60.4761904,5.3713796,Unknown
Bergen,Stemhøyden,peak,60.4779087,5.3687096,Unknown
Bergen,Litle Kongshaugen,peak,60.341451,5.191439,76
Bergen,Nonhaugen,peak,60.4440481,5.4664063,Unknown
Bergen,Unknown,peak,60.332402,5.2274108,Unknown
Bergen,Unknown,peak,60.3338358,5.2223468,Unknown
Bergen,Unknown,peak,60.3358111,5.2224326,Unknown
Bergen,Unknown,peak,60.3367151,5.219391,Unknown
Bergen,Unknown,peak,60.3368279,5.220665,Unknown
Bergen,Unknown,peak,60.3377996,5.2267912,Unknown
Bergen,Unknown,peak,60.3396738,5.2248841,Unknown
Bergen,Unknown,peak,60.3444014,5.228709,Unknown
Bergen,Unknown,peak,60.3444438,5.2294171,Unknown
Bergen,Unknown,peak,60.3427716,5.2326143,Unknown
Bergen,Unknown,peak,60.3408312,5.2264237,Unknown
Bergen,Unknown,peak,60.3419275,5.2270943,Unknown
Bergen,Hårsundklubben,peak,60.3349522,5.2336791,Unknown
Bergen,Unknown,peak,60.3372527,5.231992,Unknown
Bergen,Unknown,peak,60.3366129,5.2331024,Unknown
Bergen,Unknown,peak,60.3396897,5.2304256,Unknown
Bergen,Unknown,peak,60.3388535,5.232625,Unknown
Bergen,Unknown,peak,60.3381739,5.2336067,Unknown
Bergen,Unknown,peak,60.3376297,5.2334082,Unknown
Bergen,Tangen,peak,60.3280631,5.2266276,Unknown
Bergen,Skåldalsnipa,peak,60.3833937,5.489027,603
Bergen,Børefjell,peak,60.4394102,5.195152,Unknown
Bergen,Pesvarden,peak,60.4349147,5.1981317,Unknown
Bergen,Brikafjellet,peak,60.4221998,5.2141283,204
Bergen,Litlevarden,peak,60.4196583,5.2285624,146
Bergen,Skytterfjellet,peak,60.4234134,5.2282075,160
Bergen,Geitanuken,peak,60.4731378,5.2933557,304
Bergen,Hesthaugen,peak,60.324523,5.2604771,Unknown
Bergen,Maggevikshaugen,peak,60.3272219,5.2519262,Unknown
Bergen,Tempelet,peak,60.3883736,5.2133882,Unknown
Bergen,Botnahaugen,peak,60.3395676,5.2504295,Unknown
Bergen,Ørnahaugen,peak,60.3403799,5.2431017,Unknown
Bergen,Unknown,peak,60.3367748,5.2301252,Unknown
Bergen,Eldtona,peak,60.3300016,5.2556437,Unknown
Bergen,Knappen,peak,60.3296989,5.2578056,Unknown
Bergen,Casparkollen,peak,60.339257,5.3245228,Unknown
Bergen,Synnøvehelleren,peak,60.3637941,5.2476963,Unknown
Bergen,Storhaugen,peak,60.3569508,5.2419698,Unknown
Bergen,Unknown,peak,60.3078095,5.3399992,Unknown
Bergen,Fløyfjellet,peak,60.3983862,5.3454053,400
Bergen,Kongshaugen,peak,60.3383331,5.210907,132
Bergen,Storhaugen,peak,60.3410715,5.2149392,Unknown
Bergen,Leiteåsen,peak,60.388358,5.444271,207
Bergen,Unknown,peak,60.4542822,5.4056928,Unknown
Bergen,Brattlandsfjellet,peak,60.344259,5.4286533,373
Bergen,Sveie,peak,60.3258347,5.432147,Unknown
Bergen,Kolhusfjellet,peak,60.3221043,5.4292866,353
Bergen,Alvehaugen,peak,60.3702315,5.1913202,90.1
Bergen,Fjøsanger Miljølokk,park,60.3469783,5.3371354,Unknown
Bergen,Grøna,peak,60.3853924,5.5026497,680.4
Bergen,Garnesrinden,peak,60.3939733,5.4975284,Unknown
Bergen,Liafjellet,peak,60.4666025,5.4200459,Unknown
Bergen,Laksevågparken,park,60.3862027,5.3010441,Unknown
Bergen,Unknown,peak,60.3345373,5.3554505,Unknown
Bergen,Kampen,peak,60.3473802,5.2374709,Unknown
Bergen,Harafjellet,peak,60.3726051,5.2071445,Unknown
Bergen,Skavdalsfjellet,peak,60.3360934,5.4251192,418
Bergen,Rollandsoksen,peak,60.454534,5.3261486,186
Bergen,Eikhøyen,peak,60.452952,5.3281158,Unknown
Bergen,Vardehaugen,peak,60.3637587,5.1907791,Unknown
Bergen,Osen,peak,60.458376,5.4220368,172
Bergen,Spåkefjellet,peak,60.4491065,5.4317024,236
Bergen,Sjurstonipa,peak,60.4502604,5.4362214,252
Bergen,Beitelen,peak,60.4459937,5.4175847,260
Bergen,Håsteinarparken,park,60.385225,5.3023392,Unknown
Bergen,Kløvsnipa,peak,60.4367076,5.3559235,262
Bergen,Raunfjellet,peak,60.443197,5.3550087,389
Bergen,Lyngbønipa,peak,60.3704989,5.2691984,275
Trondheim,Gråkallen,peak,63.4211381,10.2522455,554
Trondheim,Månen,peak,63.3895693,10.4916054,349
Trondheim,Liaåsen,peak,63.3709562,10.4810649,429
Trondheim,Våttakammen,peak,63.4369492,10.3346668,286
Trondheim,Geitfjellet,peak,63.4332866,10.3044771,416
Trondheim,Nymånen,peak,63.3941835,10.4988628,Unknown
Trondheim,Herbernheia,peak,63.4351034,10.2520355,467
Trondheim,Stadsheia,peak,63.4367638,10.246872,468
Trondheim,Solemsvåttan,peak,63.4090874,10.5827747,423
Trondheim,Tikneppen,peak,63.4301076,10.2896093,348
Trondheim,Stokkåsen,peak,63.3981904,10.4941724,Unknown
Trondheim,Tomsetåsen,peak,63.3821855,10.4850281,Unknown
Trondheim,Elsterparken,park,63.4295822,10.3518563,Unknown
Trondheim,Litlheia,peak,63.3987742,10.2127976,485
Trondheim,Høvringberget,peak,63.443001,10.3270788,221
Trondheim,Rundheia,peak,63.4135258,10.2200988,498
Trondheim,Revberget,peak,63.4292698,10.2669745,400
Trondheim,Tjuvsprangfjellet,peak,63.4272563,10.2755228,377
Trondheim,Steinberget,peak,63.422026,10.361828,Unknown
Trondheim,Skardhaugen,peak,63.4394195,10.3380514,195
Trondheim,Vintervasshøgda,peak,63.4167844,10.2378577,446
Trondheim,Svartdalsfjellet,peak,63.4446316,10.2585704,Unknown
Trondheim,Unknown,park,63.401268,10.3606579,Unknown
Trondheim,Sæteråsen,peak,63.360738,10.4695915,380
Trondheim,Blyberget,peak,63.4205026,10.3512622,195
Trondheim,Flakkheia,peak,63.4387555,10.2450138,454
Trondheim,Indianerhaugen,peak,63.3958013,10.4355343,Unknown
Trondheim,Stordalen,park,63.3943015,10.4317865,Unknown
Stavanger,Vålandspibå,peak,58.9572487,5.7285974,Unknown
Stavanger,Unknown,peak,58.962835,5.7671172,Unknown
Stavanger,Buøy,peak,58.9856378,5.7357806,Unknown
Stavanger,Unknown,peak,58.9992651,5.7149495,Unknown
Stavanger,Unknown,peak,58.9778085,5.7192701,Unknown
Stavanger,Byhaugen,peak,58.9733814,5.7013993,Unknown
Stavanger,Gramstadhaugen,peak,58.9709501,5.7098811,Unknown
Stavanger,Varden,peak,58.9570945,5.7507553,Unknown
Stavanger,Storhaug,peak,58.9633856,5.7483391,Unknown
Stavanger,Ullandhaug,peak,58.9403379,5.7065902,139
Stavanger,Unknown,peak,58.9749135,5.7090031,Unknown
Stavanger,Jåttånuten,peak,58.907488,5.7183505,138
Stavanger,Madlatuå,peak,58.935597,5.647917,Unknown
Stavanger,Unknown,peak,58.9402657,5.5914725,Unknown
Stavanger,Øvre Eikenuten,peak,58.8845322,5.7850998,230
Stavanger,Lifjell,peak,58.9201411,5.789153,260
Stavanger,Dalsnuten,peak,58.8936263,5.7866519,323
Stavanger,Heddå,peak,58.8969587,5.7185936,Unknown
Stavanger,Skadberg,peak,58.8866593,5.6810523,Unknown
Stavanger,Skogafjedle,peak,58.9986455,5.790444,21
Stavanger,Myklaberget,peak,58.8869083,5.7364527,Unknown
Stavanger,Flataberget,peak,58.9239537,5.8718205,236
Stavanger,Hommersåkfjellet,peak,58.9237058,5.8647852,150
Stavanger,Resasteinen,nature_reserve,58.8986716,5.811442,Unknown
Stavanger,Unknown,peak,58.9342242,5.7475139,Unknown
Stavanger,Hinnaberget,peak,58.9318308,5.721234,Unknown
Stavanger,Ulsberget,peak,58.8942218,5.7316655,Unknown
Stavanger,Unknown,peak,58.9902244,5.8047353,35
Stavanger,Unknown,peak,58.9849917,5.7544387,Unknown
Stavanger,Jødestadfjellet,peak,58.9063709,5.8083444,330
Stavanger,Høyehaugen,peak,58.9879253,5.6603621,75
Stavanger,Varen,peak,59.0016149,5.6232715,Unknown
Stavanger,Unknown,peak,58.9650273,5.7869087,12
Stavanger,Unknown,peak,58.9669017,5.7854391,8
Stavanger,Unknown,peak,58.9608603,5.7839416,30
Stavanger,Unknown,peak,58.9743838,5.8014112,6
Stavanger,Unknown,peak,58.9744108,5.8020189,6
Stavanger,Unknown,peak,59.0385091,5.7941199,3
Stavanger,Unknown,peak,59.0386156,5.7948052,2
Stavanger,Unknown,peak,59.0416084,5.7981762,17
Stavanger,Unknown,peak,59.051526,5.8047518,7
Stavanger,Unknown,peak,58.9884407,5.8293384,Unknown
Stavanger,Unknown,peak,59.0220175,5.7801834,11
Stavanger,Unknown,peak,58.8949268,5.7146031,Unknown
Stavanger,Lihalsen,peak,58.9353691,5.7915159,111
Stavanger,Ramnafjellet,peak,58.9045011,5.7885916,203
Stavanger,Flatafjellet,peak,58.9071894,5.7902589,277
Stavanger,Myklaberget,peak,58.9014885,5.6699458,Unknown
Stavanger,Unknown,peak,58.9621634,5.76238,Unknown
Stavanger,Leonuten,peak,58.9324908,5.7937887,105
Stavanger,Skjørestadfjellet,peak,58.9001888,5.812474,Unknown
Stavanger,Eikeberget,peak,58.8977472,5.7310306,Unknown
Stavanger,Heddå,peak,58.8985722,5.7180778,Unknown
Stavanger,Fjogstadnuten,peak,58.8890483,5.8050446,295
Stavanger,Parken,park,58.9366126,5.7058602,Unknown
Stavanger,Unknown,peak,58.8921213,5.6574695,Unknown
Stavanger,Rudlefjell,peak,58.9325844,5.8593527,62
Stavanger,Overlandsberget,peak,58.9299283,5.8745895,108
Stavanger,Høgafjell,peak,58.9198917,5.8019275,291
Stavanger,Sørafjellet,peak,58.9134104,5.795991,300
Stavanger,Kjerdalsfjellet,peak,58.9021756,5.8035092,249
Stavanger,Bjøro,peak,58.9501952,5.8582061,113
Stavanger,Espefjell,peak,58.9414729,5.8677548,103
Stavanger,Ramnafjellet,peak,58.9335293,5.8811649,237
Stavanger,Skakkenuten,peak,58.9341273,5.8773624,Unknown
Stavanger,Daursknuten,peak,58.9254248,5.8806835,201
Stavanger,Vardhaug,peak,58.9473277,5.8275569,92
Stavanger,Dueberget,peak,58.943246,5.8862705,100
Stavanger,Heiafjellet,peak,58.9452329,5.8644695,92
Stavanger,Hesthamaren,peak,58.9305799,5.8632893,83
Stavanger,Høgebjør,peak,58.9519955,5.8792538,161
Stavanger,Tidefjell,peak,58.9465667,5.8622969,74.5
Stavanger,Unknown,peak,58.9490116,5.8538739,83
Stavanger,Gjesdalsfjell,peak,58.9500575,5.8742051,Unknown
Stavanger,Toppdalsfjell,peak,58.953249,5.8704661,Unknown
Stavanger,Mortavikhammaren,peak,58.9562589,5.865732,59.5
Stavanger,Litle Foreåsen,peak,58.9587043,5.8731348,74.5
Stavanger,Øygjafjell,peak,58.9570722,5.8803822,133.5
Stavanger,Holmaknuten,peak,58.9553045,5.8867873,Unknown
Stavanger,Iglemyrknuten,peak,58.9517854,5.890065,148
Stavanger,Sveneknuten,peak,58.9499787,5.8921678,136
Stavanger,Hamratjørnhammaren,peak,58.9489134,5.891921,Unknown
Stavanger,Kattaborga,peak,58.9474192,5.8828874,Unknown
Stavanger,Skjeråsen,peak,58.9621733,5.8821149,Unknown
Stavanger,Lihesthammaren,peak,58.916167,5.8091523,Unknown
Stavanger,Lille-Sørafjell,peak,58.9166904,5.7980372,Unknown
Stavanger,Flatafjellet,peak,58.9107049,5.7921685,275
Stavanger,Unknown,peak,58.9621319,5.8736129,90
Stavanger,Bogafjellet,peak,58.8956388,5.8225415,Unknown
Stavanger,Storhaugen,peak,58.9133521,5.8434422,Unknown
Stavanger,Hetlandskanten,peak,58.9252797,5.867554,204
Stavanger,Hommersandfjell,peak,58.9249744,5.8627728,Unknown
Stavanger,Håtangen,peak,58.9388235,5.7889956,38.5
Stavanger,Bårdsnut,peak,58.9442963,5.8353207,73
Stavanger,Husafjellet,peak,58.9434208,5.873123,104
Stavanger,Unknown,peak,58.9387825,5.8699302,59
Stavanger,Unknown,peak,58.9398955,5.8651696,94
Stavanger,Unknown,peak,58.9277489,5.7895143,98
Stavanger,Klatreplassen,park,58.9216595,5.8794769,Unknown
Stavanger,Røyneberg,peak,58.9056306,5.6657428,Unknown
Stavanger,Markahevet,peak,58.9373519,5.8902111,Unknown
Stavanger,Kubåsen,peak,58.9506861,5.853103,Unknown
Stavanger,Langtoppen,peak,59.0083972,5.7654387,Unknown
Stavanger,Vierknuten,peak,58.95997,5.8937553,Unknown
Stavanger,Søra Øykjafjellet,peak,58.9561883,5.8794937,Unknown
Stavanger,Litle Øykjafjellet,peak,58.9583958,5.8808563,Unknown
Stavanger,Sygnesvaren,peak,58.9599144,5.8807222,Unknown
Stavanger,Ørnaknuden,peak,58.9598674,5.8780399,Unknown
Stavanger,Unknown,peak,58.8904799,5.8112311,Unknown
Stavanger,Storaberg,peak,58.9517654,5.8083969,Unknown
Stavanger,høgehaug,peak,58.9566594,5.8463931,Unknown
Stavanger,Unknown,peak,58.9051205,5.8169,303
Tromsø,Finnlandsfjellet,peak,69.7017784,18.7994605,521
Tromsø,Tromsdalstinden - Sálašoaivi,peak,69.6071411,19.1458074,1238
Tromsø,Varden,peak,69.7026783,18.9963016,160
Tromsø,Grønnåsen,peak,69.6888905,18.9669808,134
Tromsø,Rødtinden,peak,69.7014615,18.7525506,470
Tromsø,Slaktarhaugen,peak,69.7022898,18.8618019,218
Tromsø,Movikhammaren,peak,69.7031053,19.1230735,357
Tromsø,Rundfjellet - Davit Geađgečohkka,peak,69.6744295,19.145403,753
Tromsø,Unknown,peak,69.6309064,18.9918414,488
Tromsø,Fløya - Loavgavárri,peak,69.6202706,18.9990674,671
Tromsø,Unknown,peak,69.6885915,18.9535805,133
Tromsø,Unknown,peak,69.6900802,18.9924358,76
Tromsø,Rødryggen - Galbár,peak,69.5890422,19.0654077,776
Tromsø,Blåfjellet - Davit Geađgečohkka,peak,69.6703271,19.1633585,778
Tromsø,Eidhaugen,peak,69.6811807,18.7530721,114
Tromsø,Unknown,peak,69.7178947,18.7882834,659
Tromsø,Itnavárri,peak,69.585515,18.9975262,799
Tromsø,Lillefjellet,peak,69.6775096,18.7139718,161
Tromsø,Sollidalsaksla - Rievdnavárri,peak,69.586786,18.9869174,788
Tromsø,Bønntuva - Romssavákkivárri,peak,69.6061444,19.0038194,776
Tromsø,Skarsfjellet - Stuoračazačohkka,peak,69.6317306,19.14665,843
Tromsø,Blåmannen - Lulit Geađgečohkka,peak,69.6605722,19.1719,766
Tromsø,Nordfjellet - Biežavárri,peak,69.657243,19.0689714,629.5
Tromsø,Ruglfjellet,peak,69.6993759,19.129702,370.5
Tromsø,Rundåsen,peak,69.7093604,19.1343778,234.5
Tromsø,Blåkollen - Šlubbu,peak,69.6979528,19.1616528,461
Tromsø,Kalkfjellet,peak,69.6048204,18.9845847,Unknown
Tromsø,Pølsevevet,park,69.6461878,19.0076351,Unknown
Kristiansand,Linddalsheia,peak,58.1109677,7.9147713,148
Kristiansand,Romsvigvarden,peak,58.0733849,7.9145755,Unknown
Kristiansand,Strandeheia,peak,58.0905797,7.9218952,99
Kristiansand,Roksheia,peak,58.1642027,8.1257597,127
Kristiansand,Øyliheia,peak,58.1356604,7.9166995,161.5
Kristiansand,Stangefjell,peak,58.067886,8.0056244,36
Kristiansand,"Greivåsen 39,6moh",peak,58.0785878,8.0017892,39
Kristiansand,Fluheia,peak,58.0888859,8.0079329,30
Kristiansand,Topp,peak,58.0882331,8.0087379,Unknown
Kristiansand,Sudervarden,peak,58.0832819,8.0253011,"22,5"
Kristiansand,Gråheia,peak,58.0818368,8.0231593,"35,4"
Kristiansand,Slettehei,peak,58.2293543,7.9871117,277
Kristiansand,Skråstadvarden,peak,58.1971703,7.9604478,Unknown
Kristiansand,Stegeheia,peak,58.0794559,8.0238923,"17,1"
Kristiansand,Unknown,peak,58.0810809,8.0223683,"28,7"
Kristiansand,Markestøheia,peak,58.0861056,8.0078784,27.39
Kristiansand,Blåbærheia,peak,58.0877907,7.9954628,20
Kristiansand,Kyreheia,peak,58.0741269,7.9944183,"45,1"
Kristiansand,Åsen,peak,58.0716482,7.9808525,"30,3"
Kristiansand,Kastensfjell,peak,58.0911942,8.0007973,"30,5"
Kristiansand,Gråmannen,peak,58.1596323,7.9111275,207
Kristiansand,Olavshei,peak,58.0987836,7.9067903,Unknown
Kristiansand,Den omvendte båt,peak,58.1853549,7.969579,234
Kristiansand,Hellerstønuten,peak,58.1654508,7.9662058,166
Kristiansand,Refskniven,peak,58.0700951,7.9993381,Unknown
Kristiansand,Bliksheia,peak,58.1533639,8.064075,Unknown
Kristiansand,Tereleigsåsen,peak,58.2076867,7.8715711,243
Kristiansand,Dolsveten,peak,58.1356827,8.1333703,Unknown
Kristiansand,Asperøyheia,peak,58.0810845,8.0248303,"26,2"
Kristiansand,Ureheia,peak,58.1995648,7.8612629,250
Kristiansand,Rebbåsbrødane,peak,58.2194079,8.0760235,172
Kristiansand,Lille Ravnås,peak,58.1866905,8.1057512,127
Kristiansand,Unknown,peak,58.0705505,7.9703772,"28,1"
Kristiansand,Unknown,peak,58.0717977,7.9680018,"26,6"
Kristiansand,Høyfjellet,peak,58.0725519,7.9964287,57
Kristiansand,Unknown,peak,58.0875905,8.0020097,"34,8"
Kristiansand,Unknown,peak,58.2063149,8.0723494,Unknown
Kristiansand,Unknown,peak,58.151797,8.0295176,20
Kristiansand,Blåsthaugen,peak,58.0664498,7.9964832,25
Kristiansand,Meåsen,peak,58.0662223,7.9863553,"37,5"
Kristiansand,Øygardshei,peak,58.0687838,7.985739,"33,5"
Kristiansand,Hesteskoheia,peak,58.0748287,7.9748548,"36,4"
Kristiansand,Ægerfjellet,peak,58.0773785,7.9772852,"21,1"
Kristiansand,Store Kjellvarden,peak,58.0758478,7.9817165,"31,4"
Kristiansand,Bånefjell,peak,58.0693676,8.001026,Unknown
Kristiansand,Topp,peak,58.0868898,7.9971625,24
Kristiansand,"Topp 35,3moh",peak,58.0902136,8.0014261,35
Kristiansand,"Brattåsen 44,7moh",peak,58.0648267,7.9855728,44
Kristiansand,Meåsen,peak,58.0666492,7.9866438,40
Kristiansand,Unknown,peak,58.0681023,7.9718635,"28,3"
Kristiansand,Grasåsen,peak,58.0678002,7.9715229,"31,1"
Kristiansand,Unknown,peak,58.0716463,7.9824753,"30,1"
Kristiansand,Unknown,peak,58.0905512,8.0035736,"29,6"
Kristiansand,Unknown,peak,58.073401,7.9941093,"47,8"
Kristiansand,Unknown,peak,58.0876144,8.0043023,33.4
Kristiansand,Kanonstilling,peak,58.0886392,8.0075384,"34,3"
Kristiansand,Refskniven,peak,58.0896015,8.0019033,"36,9"
Kristiansand,Kanonstilling,peak,58.0871568,8.0071951,"35,2"
Kristiansand,Grønn slette,park,58.1681399,8.0100545,Unknown
Kristiansand,Mathias Charman,park,58.2126546,8.0965352,Unknown
Lillehammer,Rukkjølen,peak,61.1356,10.2969,745
Lillehammer,Kanthaugen,peak,61.1284069,10.500482,521
Lillehammer,Sauhaugen,peak,61.1059731,10.4954408,441
Lillehammer,Mesnhaugen,peak,61.1259449,10.5806958,569
Lillehammer,Balbergkampen,peak,61.1565185,10.4426797,671
Lillehammer,Unknown,peak,61.1007188,10.5371064,604
Lillehammer,Unknown,peak,61.1080689,10.5331448,633
Lillehammer,Sollihøgda,peak,61.1058748,10.5661064,724
Lillehammer,Unknown,peak,61.1859784,10.3655465,600
Lillehammer,Unknown,peak,61.1839562,10.3780113,582
Lillehammer,Rundhaugen,peak,61.1512834,10.4596584,567
Lillehammer,Unknown,peak,61.100514,10.5258143,576
Lillehammer,Unknown,peak,61.1026294,10.4332244,263
Lillehammer,Unknown,peak,61.0971436,10.4287398,272
Lillehammer,Unknown,peak,61.0952327,10.4136497,493
Lillehammer,Unknown,peak,61.120159,10.5662084,535
Lillehammer,Unknown,peak,61.1151038,10.5925745,549
Lillehammer,Unknown,peak,61.1154756,10.6340682,521
Lillehammer,Unknown,peak,61.0963347,10.5746198,584
Lillehammer,Unknown,peak,61.1031012,10.5862337,656
Lillehammer,Unknown,peak,61.1108849,10.5935454,598
Lillehammer,Unknown,peak,61.1232057,10.6224275,559
Lillehammer,Tjernshaugen,peak,61.1147695,10.3470397,723
Lillehammer,Unknown,peak,61.1158682,10.5027902,467
Lillehammer,Inngjerdingshaugen,peak,61.1384608,10.5702209,638
Lillehammer,Unknown,peak,61.1038478,10.5609834,687
Lillehammer,Unknown,peak,61.1833804,10.5394077,742
Lillehammer,Huerhaugen,peak,61.1846732,10.5312967,730
Lillehammer,Unknown,peak,61.1996867,10.5281424,852
Lillehammer,Unknown,peak,61.1887582,10.5371761,770
Lillehammer,Høgsvelia,peak,61.1559239,10.4914606,723
Lillehammer,Hulderheimen,peak,61.1733463,10.4852378,675
Lillehammer,Venåsen,peak,61.178612,10.5055904,715
Lillehammer,Grøtåshaugen,peak,61.1778982,10.5800271,923
Lillehammer,Unknown,peak,61.0762339,10.5161583,418
Lillehammer,Sjøsæterhøgda,peak,61.1481125,10.5727208,761
Lillehammer,Vottestadhøgda,peak,61.0842342,10.3924656,635
Lillehammer,Ljøsbakken,peak,61.1336753,10.344851,645
Lillehammer,Fuglbakken,peak,61.1331262,10.3551078,587
Lillehammer,Pinnikhaugen,peak,61.1082957,10.4328757,Unknown
Lillehammer,Kinnsæterhøgda,peak,61.1035575,10.6239509,658
Lillehammer,Unknown,peak,61.0894422,10.5159438,492
Lillehammer,Unknown,peak,61.1041537,10.60009,689
Lillehammer,Unknown,peak,61.1481332,10.5897367,755
Bodø,Junkerfjellet,peak,67.2947698,14.4870108,283
Bodø,Unknown,peak,67.3005232,14.4308074,164
Bodø,Pollfjellet,peak,67.3027713,14.4091352,175
Bodø,Unknown,peak,67.3012254,14.5473783,170
Bodø,Unknown,peak,67.3068014,14.4934123,224
Bodø,Grønnåsen,peak,67.3015152,14.5356839,166
Bodø,Dyrliaksla,peak,67.3158616,14.4929199,333
Bodø,Urstabben,peak,67.2906243,14.518286,180
Bodø,Linken,peak,67.3016774,14.41851,Unknown
Bodø,Løpsfjellet,peak,67.3243707,14.520788,355
Bodø,Hunstadtoppen,peak,67.2870139,14.5200734,218
Bodø,Hjorthammarlia,peak,67.2855392,14.4679077,111
Bodø,Unknown,peak,67.3011508,14.3996508,96
Bodø,Unknown,peak,67.2960182,14.5340531,174
Bodø,Jakelikollen,peak,67.300091,14.4621399,210
Bodø,Unknown,peak,67.3084049,14.5145696,189
Bodø,Unknown,peak,67.3104908,14.5360272,132
Bodø,Rønvikfjellet,peak,67.3019805,14.4242628,149
Bodø,Unknown,peak,67.3073164,14.4698925,247
Bodø,Grønnåsen,peak,67.2793927,14.465138,64
Bodø,Ramnfloget,peak,67.2976706,14.4452973,160
Bodø,Keiservarden,peak,67.3149596,14.4783169,366
Bodø,Middagstuva,peak,67.3336103,14.5494175,Unknown
Bodø,Steinmofjellet,peak,67.3381247,14.5712184,Unknown
Bodø,255,peak,67.2927806,14.493357,Unknown
Bodø,Storliryggen,peak,67.2902537,14.5003009,254
Bodø,Unknown,peak,67.299853,14.4321835,164
Bodø,Geitnakken,peak,67.3376375,14.4976294,80.48
Bodø,Nattmålstuva,peak,67.2082405,14.5283691,172
Bodø,Høgnakken,peak,67.2142768,14.495293,245
Bodø,Førståsen,peak,67.2718158,14.4326409,Unknown
Narvik,Beisfjordtøtta,peak,68.4061118,17.5755555,1448
Narvik,Varden,peak,68.4852615,17.2537814,541.8
Narvik,Rombakstøtta,peak,68.4339242,17.5799652,1230
Narvik,Tredjetoppen,peak,68.4171303,17.5179667,1272
Narvik,Linken,peak,68.4211716,17.4817024,1003
Narvik,Unknown,peak,68.4160227,17.5821556,1419
Narvik,Unknown,peak,68.4436512,17.4362389,60
Narvik,Unknown,peak,68.4400344,17.4011207,100
