city,latitude,longitude,temperature,weather,humidity,wind_speed
Oslo,59.9139,10.7522,-4.07,clear sky,67,1.33
Bergen,60.3913,5.3221,-0.73,clear sky,59,1.03
Trondheim,63.4305,10.3951,0.02,light snow,95,3.78
Stavanger,58.97,5.7331,0.21,clear sky,62,2.06
Tromsø,69.6496,18.956,-2.05,light snow,74,4.12
Alesund,62.4722,6.1495,-1.12,broken clouds,92,3.11
Kristiansand,58.1467,7.9956,-2.99,clear sky,54,1.54
Lillehammer,61.1153,10.4663,-6.2,clear sky,83,2.64
Bodø,67.2804,14.4049,2.04,scattered clouds,72,6.69
Narvik,68.4385,17.427,-1.27,light snow,76,2.01
