city,name,type,latitude,longitude,stars,operator
Oslo,Scandic St. Olavs plass,hotel,59.918222,10.7397121,Unknown,Unknown
Oslo,Thon Hotell Linne,hotel,59.9394772,10.8291547,Unknown,Unknown
Oslo,"Radisson Blu Scandinavia Hotel, Oslo",hotel,59.918446,10.734108,Unknown,Unknown
Oslo,Thon Hotel Munch,hotel,59.917047,10.742028,Unknown,Unknown
Oslo,Scandic Holberg,hotel,59.919641,10.734408,Unknown,Unknown
Oslo,Thon Hotel Europa,hotel,59.917907,10.734939,Unknown,Unknown
Oslo,Grand Hotel,hotel,59.9137334,10.7394776,Unknown,Unknown
Oslo,Att Kvadraturen,hotel,59.909467,10.740858,Unknown,Unknown
Oslo,Thon Hotel Opera,hotel,59.909405,10.753184,Unknown,Unknown
Oslo,Scandic Helsfyr,hotel,59.9156064,10.8049863,Unknown,Unknown
Oslo,Thon Hotel Rosenkrantz,hotel,59.915673,10.7405,Unknown,Thon Hotels
Oslo,Scandic Oslo City,hotel,59.911937,10.749214,Unknown,Unknown
Oslo,Radisson Blu Park Hotel,hotel,59.9037218,10.6317915,Unknown,Unknown
Oslo,Thon Hotel Vika Atrium,hotel,59.91116,10.724113,Unknown,Unknown
Oslo,Frogner House Apartments,hotel,59.918235,10.706237,Unknown,Unknown
Oslo,Scandic Sjølyst,hotel,59.9201938,10.6828352,Unknown,Unknown
Oslo,Hotel Christiania Teater,hotel,59.913542,10.7359174,Unknown,Unknown
Oslo,Thon Hotel Cecil,hotel,59.912837,10.737375,Unknown,Thon Hotels
Oslo,Anker Hotel,hotel,59.917593,10.758035,3,Unknown
Oslo,Anker Hostel,hostel,59.917048,10.75765,Unknown,Unknown
Oslo,Voksenåsen hotell,hotel,59.9749378,10.6647515,Unknown,Unknown
Oslo,Radisson Blu Hotel Nydalen,hotel,59.9489905,10.7660543,Unknown,Unknown
Oslo,Quality Hotel 33,hotel,59.9289019,10.8186699,Unknown,Unknown
Oslo,Park Inn,hotel,59.9111483,10.7407086,Unknown,Unknown
Oslo,Citybox Oslo,hotel,59.910347,10.747243,Unknown,Citybox
Oslo,Thon Hotel Terminus,hotel,59.913363,10.752801,Unknown,Unknown
Oslo,Holtekilen,hostel,59.903676,10.604744,Unknown,Unknown
Oslo,Thon Hotel Astoria,hotel,59.911152,10.746797,Unknown,Unknown
Oslo,Comfort Hotel Boersparken,hotel,59.909369,10.747428,Unknown,Unknown
Oslo,Thon Hotel Oslo Panorama,hotel,59.909257,10.744012,Unknown,Unknown
Oslo,P-Hotels Oslo,hotel,59.914395,10.741896,Unknown,Unknown
Oslo,Thon Hotel Gyldenløve,hotel,59.925299,10.722535,Unknown,Unknown
Oslo,Cochs pensjonat,guest_house,59.9206543,10.7280901,Unknown,Unknown
Oslo,Thon Hotel Slottsparken,hotel,59.918536,10.732128,Unknown,Unknown
Oslo,Ellingsens Pensjonat,hotel,59.9229511,10.7223842,Unknown,Unknown
Oslo,First Hotel Millennium,hotel,59.911285,10.741174,Unknown,Unknown
Oslo,Hotell Bondeheimen,hotel,59.9147106,10.7403548,Unknown,Unknown
Oslo,Scandic Hotel,hotel,59.9222489,10.7510382,Unknown,Unknown
Oslo,Lysebu,hotel,59.977601,10.6558733,Unknown,Unknown
Oslo,Hotel Continental,hotel,59.91409,10.733521,Unknown,Unknown
Oslo,Scandic Grensen,hotel,59.914377,10.741273,Unknown,Scandic Hotels
Oslo,Scandic Victoria,hotel,59.912596,10.736948,Unknown,Rica Hotels
Oslo,Hotel Bristol,hotel,59.915162,10.739712,Unknown,Thon Hotels
Oslo,THE THIEF,hotel,59.907613,10.72098,5,Unknown
Oslo,Thon Hotel Ullevaal Stadion,hotel,59.949612,10.736193,Unknown,Unknown
Oslo,Home Hotel Gabelshus,hotel,59.9136586,10.7090479,Unknown,Unknown
Oslo,Karl Johan hotell,hotel,59.914045,10.738626,Unknown,Unknown
Oslo,K7 Hotel Oslo,hotel,59.909947,10.741406,Unknown,Unknown
Oslo,Comfort Hotel Grand Central,hotel,59.910641,10.7507,Unknown,Nordic Choice Hotels
Oslo,"Radisson Blue Hotel & Conference Center, Oslo Alna",hotel,59.930062,10.868445,Unknown,Radisson
Oslo,Saga Hotel Oslo,hotel,59.922826,10.720323,4,Unknown
Oslo,Smarthotel Oslo,hotel,59.9177567,10.7365472,Unknown,Unknown
Oslo,Comfort Hotel Karl Johan,hotel,59.9117035,10.7454904,Unknown,Unknown
Oslo,Home Hotel Folketeateret,hotel,59.9139807,10.7505941,Unknown,Unknown
Oslo,Scandic Karl Johan,hotel,59.9141673,10.7408032,Unknown,Unknown
Oslo,OvernattingOslo.no,hostel,59.92376,10.7565253,Unknown,Unknown
Oslo,Unknown,hostel,59.937484,10.792805,Unknown,Unknown
Oslo,Comfort Hotel Xpress Central Station,hotel,59.9106862,10.7487686,Unknown,Nordic Choice Hotels
Oslo,Guldsmeden Hotel,hotel,59.9122941,10.7191314,Unknown,Unknown
Oslo,Thon Hotel Spectrum,hotel,59.9140173,10.7557581,Unknown,Unknown
Oslo,Granly barnehjem,guest_house,59.8966333,10.5889806,Unknown,Unknown
Oslo,Thon Hotel Storo,hotel,59.9471407,10.7724778,Unknown,Unknown
Oslo,Hotel Verdandi,hotel,59.9124161,10.7362027,Unknown,Unknown
Oslo,Best Western Plus City Hotel Oslo,hotel,59.9114708,10.7451841,Unknown,Unknown
Oslo,Camillas hus,guest_house,59.9202344,10.7270162,Unknown,Unknown
Oslo,Scandic Byporten,hotel,59.9118823,10.7515141,Unknown,Unknown
Oslo,Amerikalinjen,hotel,59.9107333,10.7496017,Unknown,Unknown
Oslo,Unknown,guest_house,59.9028447,10.7430986,Unknown,Unknown
Oslo,Unknown,guest_house,59.955695,10.866741,Unknown,Unknown
Oslo,NH Kontrast,guest_house,59.922974,10.751106,Unknown,Unknown
Oslo,Unknown,guest_house,59.908837,10.7100851,Unknown,Unknown
Oslo,Unknown,guest_house,59.9074523,10.6866852,Unknown,Unknown
Oslo,Unknown,guest_house,59.8650433,10.7490338,Unknown,Unknown
Oslo,Clarion Hotel The Hub,hotel,59.9124689,10.7500425,Unknown,Unknown
Oslo,Clarion Collection Hotel Savoy,hotel,59.916619,10.738346,Unknown,Unknown
Oslo,Radisson RED Oslo Økern,hotel,59.9306009,10.7991602,Unknown,Unknown
Oslo,Opera Apartments,hotel,59.9104161,10.7603246,Unknown,Unknown
Oslo,The Sweet,hotel,59.9221971,10.7245687,Unknown,Unknown
Oslo,Quality Hotel™ Hasle Linie,hotel,59.9277271,10.7970447,Unknown,Unknown
Oslo,Home Hotel Bastion,hotel,59.908182,10.7451358,Unknown,Unknown
Bergen,Radisson Blu Royal Hotel Bergen,hotel,60.397852,5.322499,Unknown,Unknown
Bergen,Scandic Byparken,hotel,60.389994,5.323932,Unknown,Unknown
Bergen,Bergen YMCA Hostel,hostel,60.394493,5.326685,Unknown,Unknown
Bergen,Comfort Hotel Holberg,hotel,60.3960945,5.3155516,Unknown,Unknown
Bergen,P-Hotels Bergen,hotel,60.390298,5.320929,Unknown,Unknown
Bergen,Clarion Hotel Bergen,hotel,60.3964555,5.3260591,Unknown,Unknown
Bergen,Klosterhagen hotell,hotel,60.395026,5.314052,Unknown,ALF AS
Bergen,Thon Hotel Rosenkrantz,hotel,60.39706,5.325564,Unknown,Unknown
Bergen,Marken Gjestehus,guest_house,60.392313,5.331714,Unknown,Unknown
Bergen,Basic Hotel,hotel,60.3902837,5.3200946,Unknown,Unknown
Bergen,Intermission Hostel,hostel,60.390182,5.337802,Unknown,Unknown
Bergen,Unknown,guest_house,60.3980789,5.3379151,Unknown,Unknown
Bergen,Gullaksen Gjestehus,guest_house,60.389627,5.322341,Unknown,Unknown
Bergen,Augustin Hotel,hotel,60.395989,5.31781,Unknown,De Bergenske
Bergen,Scandic Ørnen,hotel,60.38831,5.331712,Unknown,Unknown
Bergen,Hotel Heimen,hotel,60.395821,5.318303,Unknown,Best Western
Bergen,Det Hanseatiske Hotel,hotel,60.39603,5.326217,Unknown,Unknown
Bergen,City Apartment hotel,hotel,60.3895709,5.3239032,Unknown,Unknown
Bergen,Piano Hostel,hostel,60.3926012,5.3318641,Unknown,Unknown
Bergen,Hotel Oleana,hotel,60.39242,5.321894,Unknown,Unknown
Bergen,Zander K Hotel,hotel,60.390345,5.334996,Unknown,De Bergenske
Bergen,Bergen Apartmens,guest_house,60.39471,5.318803,Unknown,Unknown
Bergen,Unknown,guest_house,60.402206,5.3213173,Unknown,Unknown
Bergen,Friis Pension,guest_house,60.3957212,5.3144952,Unknown,Unknown
Bergen,Villa Terminus,hotel,60.391038,5.33381,Unknown,De Bergenske
Bergen,Bergen Børs Hotel,hotel,60.393867,5.32618,Unknown,De Bergenske
Bergen,Det Lille Gjestehus,guest_house,60.395419,5.314571,Unknown,Unknown
Bergen,Citybox,hotel,60.387767,5.327814,Unknown,Unknown
Bergen,Magic Hotel Korskirken,hotel,60.394377,5.327364,3.5,https://magichotels.no/
Bergen,Magic Hotel Xhibition,hotel,60.392815,5.326668,Unknown,Unknown
Bergen,Magic Hotel Kløverhuset,hotel,60.394445,5.323085,3.5,Unknown
Bergen,Opus XVI,hotel,60.393867,5.327218,Unknown,Unknown
Bergen,Bergen Harbour Hotel,hotel,60.3963981,5.3270227,Unknown,Unknown
Bergen,Citybox Danmarksplass,hotel,60.3758411,5.3377595,Unknown,Unknown
Bergen,Moxy Bergen,hotel,60.379014,5.333215,Unknown,Unknown
Bergen,Montana hostel,hostel,60.3716157,5.3662552,Unknown,Unknown
Bergen,Midttun Motel,hotel,60.320176,5.3654168,Unknown,Unknown
Bergen,Modern apartment in the center of Bergen,guest_house,60.3781285,5.3284859,Unknown,Unknown
Bergen,Skostredet Hotel,hotel,60.3938013,5.3293465,Unknown,Unknown
Trondheim,Clarion Collection Hotel Grand Olav,hotel,63.4341701,10.403621,Unknown,Unknown
Trondheim,Astoria,hotel,63.4341994,10.3969041,Unknown,Unknown
Trondheim,Thon Hotel Trondheim,hotel,63.4303457,10.3929292,Unknown,Unknown
Trondheim,Quality Hotel Prinsen,hotel,63.4308664,10.3911954,Unknown,Nordic Choice Hotels
Trondheim,City Living Schøller hotel,hotel,63.432076,10.395648,Unknown,Unknown
Trondheim,Chesterfield Hotel,hotel,63.434361,10.3999152,Unknown,Best Western
Trondheim,City Living Sentrum Hotel & Apartments,hotel,63.4337708,10.396893,Unknown,Unknown
Trondheim,Scandic Bakklandet,hotel,63.4321506,10.4065282,Unknown,Unknown
Trondheim,Quality Hotel Augustin,hotel,63.430803,10.392571,Unknown,Choice
Trondheim,Thon Hotel Nidaros,hotel,63.433968,10.399777,Unknown,Unknown
Trondheim,Britannia Hotel,hotel,63.4317139,10.3987305,Unknown,Unknown
Trondheim,Singsaker Sommerhotell,hotel,63.42412,10.412854,Unknown,Unknown
Trondheim,Scandic Lerkendal,hotel,63.411567,10.402544,3,Unknown
Trondheim,Quality Hotel Panorama,hotel,63.359187,10.374865,Unknown,Nordic Choice Hotels
Trondheim,Pensjonat Jarlen,guest_house,63.4306834,10.3892014,Unknown,Unknown
Trondheim,Comfort Hotel Trondheim,hotel,63.4330281,10.402349,Unknown,Unknown
Stavanger,Hummeren hotell,hotel,58.9337102,5.5751251,Unknown,Unknown
Stavanger,Skansen Hotel,hotel,58.9735313,5.7301184,Unknown,Unknown
Stavanger,Myhregaarden Hotel,hotel,58.9711302,5.7355839,Unknown,Unknown
Stavanger,Stavanger B&B,guest_house,58.9659617,5.7386818,Unknown,Unknown
Stavanger,Eilert Smith Hotel,hotel,58.9740659,5.7308352,Unknown,Unknown
Stavanger,Viste Strandhotell,hotel,58.986168,5.607736,Unknown,Unknown
Stavanger,Clarion Hotel Stavanger,hotel,58.967519,5.728682,Unknown,Clarion
Stavanger,Stavanger Lille Hotel,hotel,58.963885,5.727015,Unknown,Unknown
Stavanger,Thon Hotel Stavanger,hotel,58.9706311,5.7351154,Unknown,Thon
Stavanger,Guesthouse - Møllegata 39,guest_house,58.9673445,5.7259337,Unknown,Unknown
Tromsø,Clarion Collection Hotel With,hotel,69.6504636,18.9597484,Unknown,Unknown
Tromsø,Clarion Collection Hotel Aurora,hotel,69.6501333,18.9593983,Unknown,Unknown
Tromsø,Enter City Hotel,hotel,69.6483066,18.9525145,Unknown,Enter Tromsø
Tromsø,Amalie hotel,hotel,69.6486283,18.9597657,Unknown,Enter Tromsø
Tromsø,Quality Hotel Saga,hotel,69.648128,18.957709,Unknown,Unknown
Tromsø,Sydspissen Hotell,guest_house,69.6293016,18.9134827,Unknown,Unknown
Tromsø,Radisson Blu Hotel Tromsø,hotel,69.6490313,18.9605702,Unknown,Unknown
Tromsø,Thon Hotel Polar,hotel,69.648412,18.9533717,Unknown,Thon Hotels
Tromsø,Enter Backpack Hotel,hotel,69.648785,18.949689,Unknown,Enter Tromsø
Tromsø,AMI Bed & Breakfast,hotel,69.650618,18.950045,Unknown,Unknown
Tromsø,Unknown,guest_house,69.639134,18.937144,Unknown,Unknown
Tromsø,Tromsø Bed and Books,guest_house,69.6417944,18.9410118,Unknown,Unknown
Tromsø,Viking Hotel,hotel,69.646813,18.9505558,Unknown,Enter Tromsø
Tromsø,Scandic Grand Tromsø,hotel,69.648051,18.953692,Unknown,Scandic
Tromsø,Thon Hotel Tromsø,hotel,69.6484551,18.9527149,Unknown,Unknown
Tromsø,AMI hotel,hotel,69.65061,18.950152,Unknown,Unknown
Tromsø,Smarthotel Tromsø,hotel,69.648924,18.951404,Unknown,Unknown
Tromsø,Clarion Hotel The Edge,hotel,69.647357,18.956874,Unknown,Nordic Choice Hotels
Tromsø,St. Elisabeth hotel,hotel,69.6437145,18.9391441,Unknown,Enter Tromsø
Tromsø,Pingvin Hotel,hotel,69.6830672,18.9807111,Unknown,Unknown
Tromsø,Moxy Tromsø,hotel,69.6703403,18.9212997,Unknown,Unknown
Tromsø,Unknown,hotel,69.6554585,18.966167,Unknown,Unknown
Tromsø,Skaret by Vander,hotel,69.6460852,18.9521898,Unknown,Unknown
Alesund,Quality Hotel Ålesund,hotel,62.4757338,6.1551524,Unknown,Unknown
Alesund,Hotel Noreg,hotel,62.4754404,6.1559948,Unknown,Unknown
Alesund,Vanderheim,hostel,62.4724994,6.162186,Unknown,Unknown
Alesund,First Hotel Atlantica,hotel,62.470846,6.153182,Unknown,Unknown
Alesund,Hotel Brosundet,hotel,62.4720796,6.1520905,Unknown,Unknown
Alesund,THON Ålesund (former: Scandic Ålesund),hotel,62.4732607,6.1513919,Unknown,Unknown
Alesund,Brosundet,hotel,62.4725261,6.1521871,Unknown,Unknown
Alesund,Annecy Sommerpensjonat,hostel,62.471138,6.150441,Unknown,Unknown
Alesund,Hotel 1904,hotel,62.4727852,6.1584626,Unknown,Unknown
Alesund,Vigra fjordhotell,hotel,62.5366891,6.026625,Unknown,Unknown
Alesund,Quality Hotel Waterfront,hotel,62.4699296,6.1460985,Unknown,Unknown
Alesund,Fiskarstrand,guest_house,62.435491,6.287316,Unknown,Unknown
Alesund,Fiskarstrand 40,guest_house,62.435876,6.28756,Unknown,Unknown
Alesund,AirBnB,guest_house,62.4653382,5.9830687,Unknown,Unknown
Alesund,Scandic parken,hotel,62.473696,6.1586948,Unknown,Unknown
Kristiansand,Dyreparken Hotel,hotel,58.1849439,8.1482715,Unknown,Unknown
Kristiansand,Thon Hotel Parken,hotel,58.1457228,7.9958499,Unknown,Unknown
Kristiansand,Sjøgløtt Hotell,hotel,58.14474,7.9998305,Unknown,Unknown
Kristiansand,Comfort Hotel Kristiansand,hotel,58.1457794,7.9907453,Unknown,Unknown
Kristiansand,Scandic Sørlandet,hotel,58.1798764,8.1446965,Unknown,Unknown
Kristiansand,Hotel Q42,hotel,58.1487443,8.0030973,Unknown,Unknown
Kristiansand,Dronningen Hotel,hotel,58.142892,7.9940327,Unknown,Unknown
Kristiansand,Radisson Blu Caledonien,hotel,58.14249,7.99473,Unknown,Unknown
Lillehammer,Birkebeineren Hotel & Apartments,hotel,61.1204615,10.4783233,Unknown,Unknown
Lillehammer,Gardsjord,guest_house,61.1271296,10.4938479,Unknown,Unknown
Lillehammer,Øvergaard,guest_house,61.1159835,10.4710007,Unknown,Unknown
Lillehammer,Suttestad gård,guest_house,61.1037506,10.4677927,Unknown,Unknown
Lillehammer,Clarion Collection Hotel Lillehammer,hotel,61.1194005,10.4627831,Unknown,Unknown
Lillehammer,Scandic Victoria Lillehammer,hotel,61.1170984,10.4642804,Unknown,Unknown
Lillehammer,Lillehammer Vandrerhjem,hostel,61.1145019,10.4615405,Unknown,Unknown
Lillehammer,Stasjonen hotell Lillehammer,hotel,61.1146218,10.4615204,Unknown,Unknown
Bodø,Thon Hotel Nordlys,hotel,67.2808104,14.3729627,Unknown,Unknown
Bodø,Scandic Bodø,hotel,67.285012,14.381789,Unknown,Unknown
Bodø,Clarion Collection Hotel Grand Bodø,hotel,67.28399,14.3782173,Unknown,Unknown
Bodø,Bodø Hotell,hotel,67.2829717,14.3797862,Unknown,Unknown
Bodø,Zefyr hotell,hotel,67.2824971,14.3945217,Unknown,Unknown
Bodø,Smarthotel Bodø,hotel,67.2857882,14.3898629,Unknown,Unknown
Bodø,Quality Hotel Ramsalt,hotel,67.2858765,14.3860145,Unknown,Unknown
Bodø,Comfort Hotel Bodø,hotel,67.2825836,14.3769433,Unknown,Strawberry
Narvik,Quality Hotel Grand Royal,hotel,68.4403739,17.4333472,3,Unknown
Narvik,Enter Hotell,hotel,68.4358507,17.4262158,Unknown,Unknown
Narvik,Narvik hotel Wivel,hotel,68.4370116,17.4269114,Unknown,Unknown
Narvik,Scandic Narvik,hotel,68.436387,17.425268,Unknown,Unknown
