city,name,type,latitude,longitude,elevation
Lisbon,Infância,park,38.7517725,-9.150287,Unknown
Lisbon,Monsanto,peak,38.733973,-9.1896387,220
Lisbon,Unknown,peak,38.7403,-9.2383,212
Lisbon,Telheiras,peak,38.7655968,-9.1702259,133
Lisbon,Raposo,peak,38.6730759,-9.1894947,125
Lisbon,Fetais,peak,38.796478,-9.146129,166
Lisbon,Parque Infantil,park,38.631143,-9.1228344,Unknown
Lisbon,Zona Coberta com Mesa,park,38.6717385,-9.178177,Unknown
Lisbon,Jardim da Praça dos Mártires da Liberdade,park,38.6444122,-9.1036222,Unknown
Lisbon,Largo das Garridas,park,38.7477605,-9.2015788,Unknown
Lisbon,Unknown,park,38.7639789,-9.2306276,Unknown
Lisbon,Parque canino,park,38.7067872,-9.2062111,Unknown
Lisbon,Jardim Irmã Lúcia,park,38.7411422,-9.1383615,Unknown
Porto,Santo Ovídio,peak,41.1079272,-8.5872272,236
Porto,Unknown,peak,41.0767922,-8.5822318,244
Porto,Unknown,peak,41.1871979,-8.6369533,134
Porto,Corim,peak,41.2020065,-8.5769142,165
Porto,Monte Crasto,peak,41.1418411,-8.5365661,192
Porto,skate park,park,41.0756762,-8.6362613,Unknown
Porto,Seca do Bacalhau,park,41.1355091,-8.6680044,Unknown
Porto,Parque Oriental (entrada norte),park,41.1599258,-8.5651222,Unknown
Porto,Unknown,park,41.2371826,-8.6675623,Unknown
Porto,Parque de São Caetano,park,41.0951477,-8.612352,Unknown
Porto,Monte Calvário,peak,41.2359928,-8.5858771,Unknown
Sintra,Manique,peak,38.7482462,-9.3614093,197
Sintra,Cotão,peak,38.7588657,-9.3029478,222
Sintra,Cortegaça,peak,38.8276571,-9.3162219,230
Sintra,Unknown,peak,38.8372386,-9.3970569,207
Sintra,Suimo,peak,38.7908697,-9.28555,291
Sintra,Cruz Alta,peak,38.7820488,-9.3913342,528
Sintra,Condado,peak,38.8498719,-9.3041275,234
Sintra,Monge,peak,38.7743201,-9.4414683,490
Sintra,Castelo dos Mouros,peak,38.7919889,-9.3895393,466
Sintra,Pedra Branca,peak,38.7685292,-9.4040828,359
Sintra,Peninha,peak,38.7685302,-9.460692,487
Sintra,Unknown,peak,38.7878003,-9.4949953,73
Sintra,Unknown,peak,38.7734189,-9.4498061,497
Sintra,Unknown,peak,38.7753372,-9.4122682,448
Sintra,Pena,peak,38.7878673,-9.3903914,500
Sintra,Unknown,peak,38.7633115,-9.2832217,228
Sintra,Pedras da Granja,peak,38.8377242,-9.4004688,207
Sintra,Pedra Amarela,peak,38.7639317,-9.4367531,408
Sintra,Faião,peak,38.8799795,-9.3497502,206
Sintra,Unknown,peak,38.7762102,-9.4084374,456
Sintra,Monte Rodel,peak,38.7842111,-9.4207259,392
Sintra,Unknown,peak,38.7607342,-9.4240233,255
Sintra,Quantum Park,park,38.7624673,-9.3087824,Unknown
Sintra,Unknown,park,38.786362,-9.3328302,Unknown
Sintra,Abel dos Santos,park,38.7742601,-9.302067,Unknown
Funchal,Chão dos Terreiros,peak,32.7153513,-17.0035571,1436
Funchal,Alto,peak,32.6928585,-16.9027755,1129
Funchal,Grande,peak,32.7371726,-16.9878763,1654
Funchal,Torres,peak,32.7488694,-16.9353707,1851
Funchal,Curral Martinho,peak,32.7295046,-16.9360184,1785
Funchal,Pico do Areeiro,peak,32.7355733,-16.9286501,1818
Funchal,Pico dos Barcelos,peak,32.6587886,-16.9394001,355
Funchal,Cruz,peak,32.6424749,-16.9391415,260
Funchal,Buxo,peak,32.6516675,-16.9385811,Unknown
Funchal,Cavalo,peak,32.7222026,-16.9923913,1349
Funchal,Cidrão,peak,32.7402468,-16.9419623,Unknown
Funchal,Funcho,peak,32.6521756,-16.9488342,Unknown
Funchal,Furão,peak,32.7509556,-16.9597781,Unknown
Funchal,Gato,peak,32.7429664,-16.9396431,Unknown
Funchal,Infante,peak,32.6774949,-16.874404,944
Funchal,Serradinho,peak,32.7240385,-16.9830114,1443
Funchal,Bardo,peak,32.6961962,-16.9282385,Unknown
Funchal,Adaga,peak,32.741572,-16.9500364,Unknown
Funchal,Geada,peak,32.736552,-16.9598589,Unknown
Funchal,Ginda,peak,32.7418729,-16.9548383,Unknown
Funchal,Galinheiros,peak,32.7392913,-16.9511767,Unknown
Funchal,Torre,peak,32.6521093,-16.9736785,Unknown
Funchal,Parque Florestal do Ribeiro Frio,nature_reserve,32.7400269,-16.8859254,Unknown
Funchal,Volta da Malhada,peak,32.684244,-16.9506136,667
Funchal,Nogueira,peak,32.7402765,-16.9136165,1155
Funchal,Pedras,peak,32.6963466,-16.9247356,Unknown
Funchal,Cedro,peak,32.7280311,-16.9433027,1759
Funchal,Escalvado,peak,32.7244457,-16.9326897,1700
Funchal,Juncal,peak,32.7352344,-16.9248409,1718
Funchal,Prado,peak,32.7019941,-16.9389761,1280
Funchal,Mesa,peak,32.7429017,-16.883121,959
Funchal,Arrudas,peak,32.6487878,-16.944412,Unknown
Funchal,Romeiras,peak,32.6637295,-16.9466667,Unknown
Funchal,arvore1,park,32.6600992,-16.8442158,Unknown
Funchal,Cardo,peak,32.6663768,-16.9519849,430
Funchal,Unknown,peak,32.7320178,-16.983083,Unknown
Funchal,Meio,peak,32.7257061,-16.9714098,Unknown
Funchal,Unknown,peak,32.6984414,-16.9391156,1124
Funchal,Serrado,peak,32.7104305,-16.9651866,Unknown
Funchal,Meires,peak,32.7282932,-16.9263063,Unknown
Funchal,Lagoa,peak,32.7185767,-16.9205019,Unknown
Funchal,Arrebentão,peak,32.7114274,-16.9134209,Unknown
Funchal,Poiso,peak,32.7113357,-16.8923969,Unknown
Funchal,Poço da Neve,peak,32.7265204,-16.9222801,Unknown
Coimbra,Unknown,peak,40.188103,-8.4051637,132
Coimbra,Unknown,peak,40.1880781,-8.4156273,120
Coimbra,Volta do Monte,peak,40.119835,-8.4089061,319
Coimbra,Coicão,peak,40.1876219,-8.3702655,300
Coimbra,Chãs,peak,40.1662847,-8.3493099,413
Coimbra,Unknown,peak,40.1820453,-8.5142055,93
Coimbra,Cômoros,peak,40.2243014,-8.3083465,458
Coimbra,Sobreiro,peak,40.2281574,-8.3518287,410
Coimbra,Serra da Aveleira,peak,40.2581755,-8.3497968,535
Coimbra,Brasfemes,peak,40.2747398,-8.4129527,148
Coimbra,Unknown,peak,40.2928869,-8.4094236,143
Coimbra,Unknown,peak,40.2616249,-8.4709491,125
Coimbra,Logo de Deus,peak,40.2633,-8.4294,146
Coimbra,Unknown,peak,40.2677574,-8.4588026,139
Coimbra,Cruz de Morouços,peak,40.1805745,-8.4511858,210
Coimbra,Coimbra,peak,40.2077618,-8.4265149,131
Coimbra,Unknown,peak,40.1988704,-8.3576383,288
Coimbra,Unknown,peak,40.1983072,-8.3541004,287
Coimbra,Unknown,peak,40.1844008,-8.4450679,195
Coimbra,Unknown,peak,40.1950796,-8.3507962,337
Coimbra,Unknown,peak,40.2148952,-8.397934,175
Coimbra,Unknown,peak,40.1831895,-8.5245137,100
Coimbra,Unknown,peak,40.1317686,-8.3765879,216
Coimbra,Bio-Reserva Senhora da Alegria,nature_reserve,40.1216086,-8.3891723,Unknown
Braga,Parque Merendas Cavadinho,park,41.616387,-8.3565627,Unknown
Braga,Santa Marta,peak,41.5143031,-8.3947367,562
Braga,São Filipe,peak,41.5485077,-8.4839795,263
Braga,Penedice,peak,41.4766345,-8.4124004,465
Braga,Caldas,peak,41.5389282,-8.4694843,304
Braga,Bandeira,peak,41.4833197,-8.4925388,279
Braga,Unknown,peak,41.5413024,-8.3419766,438
Braga,Unknown,peak,41.5329272,-8.3788145,548
Braga,Sameiro,peak,41.5418164,-8.3694871,572
Braga,Unknown,peak,41.4884403,-8.4514,355
Braga,Unknown,peak,41.513097,-8.439213,226
Braga,São Bento,peak,41.5076857,-8.4693127,211
Braga,Unknown,peak,41.5109778,-8.5063988,283
Braga,Outinho,peak,41.4980325,-8.3806983,493
Braga,Penedo das Letras,peak,41.467496,-8.4579031,468
Braga,Airó,peak,41.5188167,-8.5213148,412
Braga,Serra dos Picos,peak,41.5690701,-8.3336341,566
Braga,Unknown,peak,41.5808514,-8.3762708,356
Braga,Sabroso,peak,41.5115902,-8.3415653,277
Braga,Unknown,peak,41.5504203,-8.3146872,441
Braga,Unknown,peak,41.5238646,-8.4509003,215
Braga,Unknown,peak,41.5438061,-8.3065157,417
Braga,Pedroso,peak,41.5750761,-8.3965963,332
Braga,Unknown,peak,41.5713364,-8.4088581,312
Braga,Picoto,peak,41.5378775,-8.4142122,298
Braga,Eiras Velhas,peak,41.5854524,-8.3455711,479
Braga,Parque de Lazer Nossa Senhora da Saúde,park,41.4928261,-8.38826,Unknown
Braga,Minho Adventure,park,41.6188771,-8.4048474,Unknown
Braga,Unknown,park,41.5152812,-8.5189856,Unknown
Braga,Vila dos Sonhos,park,41.5979264,-8.4580782,Unknown
Aveiro,Unknown,peak,40.5876189,-8.5647684,78
Aveiro,Unknown,park,40.5527506,-8.6763415,Unknown
Aveiro,Parque do Mercado,park,40.5966941,-8.6634629,Unknown
Aveiro,Jardim da Alameda Prior Sardo,park,40.638663,-8.706827,Unknown
Aveiro,Parque da Boca do Carreiro,park,40.6594437,-8.5442625,Unknown
Aveiro,Parque dos Plátanos,park,40.6308899,-8.5466104,Unknown
Aveiro,Parque de merendas,park,40.594242,-8.7438658,Unknown
Nazaré,Monte de São Bartolomeu,peak,39.592819,-9.0520839,156
Nazaré,Mata da Torre,peak,39.5389578,-9.0745951,96
Nazaré,Facho,peak,39.527447,-9.0480183,207
Nazaré,Pescarias,peak,39.5524054,-9.0892745,177
Nazaré,Unknown,peak,39.5820506,-8.9649998,146
Nazaré,Unknown,peak,39.5817622,-8.9709735,144
Nazaré,Aguieira,peak,39.6234288,-9.0445081,158
Setúbal,São Luís,peak,38.5335025,-8.9386528,392
Setúbal,São Francisco,peak,38.5460263,-8.9690806,257
Setúbal,Palmela,peak,38.5661641,-8.9002605,232
Setúbal,Nico,peak,38.5184862,-8.9199788,163
Setúbal,Cabeço do Freixo,peak,38.5078928,-8.9559066,192
Setúbal,Milregos,peak,38.5063466,-8.9295255,93
Setúbal,Alto da Cruz,peak,38.5122592,-8.9245587,126
Setúbal,Cabeço do Serrano,peak,38.5061866,-8.9637607,187
Setúbal,Cabeço Gordo,peak,38.5492955,-8.9149989,229
Setúbal,Castelo dos Mouros,peak,38.483884,-8.993057,482
Setúbal,Unknown,peak,38.4999431,-8.9318887,109
Setúbal,Alto do Picoto,peak,38.4921476,-8.9745442,410
Setúbal,Unknown,peak,38.511723,-8.9994849,216
Setúbal,Serra do Louro,peak,38.5516262,-8.9545681,255
Setúbal,Serra dos Gaiteiros,peak,38.5563928,-8.9076135,229
Setúbal,Serra Longa,peak,38.5511787,-8.9668551,230
Setúbal,Monte Vaqueiro,peak,38.5087008,-8.9367771,Unknown
Setúbal,Povoado da Serra da Cela,peak,38.4736959,-8.9852988,Unknown
Setúbal,Alto da Murteira,peak,38.4938931,-8.9728905,Unknown
Setúbal,Cabeço das Torres,peak,38.5554435,-8.9593047,205
Setúbal,Unknown,park,38.554704,-8.9731147,Unknown
Setúbal,Alivide,peak,38.4940863,-8.9731825,Unknown
Faro,Guilhim,peak,37.1011304,-7.9330512,313
