city,latitude,longitude,temperature,weather,humidity,wind_speed
Lisbon,38.7169,-9.1399,12.56,few clouds,87,4.63
Porto,41.1579,-8.6291,13.24,few clouds,75,3.09
Sintra,38.8029,-9.3817,12.15,scattered clouds,82,7.72
Funchal,32.6669,-16.9241,16.23,light rain,72,4.63
Coimbra,40.2033,-8.4103,16.64,overcast clouds,61,4.55
Braga,41.5454,-8.4265,12.99,overcast clouds,77,2.18
Aveiro,40.6405,-8.6538,15.0,light rain,78,6.15
Nazaré,39.6013,-9.0707,13.21,light rain,89,4.92
Setúbal,38.5243,-8.8926,12.96,light rain,84,7.48
Faro,37.0194,-7.9304,15.86,broken clouds,88,5.66
