city,name,type,latitude,longitude,stars,operator
Lisbon,Hotel Jorge V,hotel,38.7213092,-9.1494002,3,Hotusa Hotels
Lisbon,Turim Lisboa Hotel,hotel,38.7322739,-9.1492361,4,Unknown
Lisbon,SANA Malhoa Hotel,hotel,38.7370692,-9.1623494,4,Unknown
Lisbon,Hotel Ibis Lisboa José Malhoa,hotel,38.7371794,-9.1628002,2,Unknown
Lisbon,Hotel A.S. Lisboa,hotel,38.7377015,-9.133558,Unknown,Unknown
Lisbon,Residencial Lar do Areeiro,guest_house,38.7420724,-9.133971,Unknown,Unknown
Lisbon,Real Residência,hotel,38.7355775,-9.1570208,Unknown,Hotéis Real
Lisbon,Residencial João XXI,guest_house,38.727344,-9.1421645,Unknown,Unknown
Lisbon,Hotel Eurostars Lisboa Parque,hotel,38.7282868,-9.1476062,4,Eurostars
Lisbon,Pousada de Juventude de Lisboa,hostel,38.7302995,-9.1477415,Unknown,Pousada de Juventude
Lisbon,VIP Executive Art's Hotel,hotel,38.7731005,-9.0978748,4,Unknown
Lisbon,Pensão Residencial Setubalense,hotel,38.6973906,-9.2022842,Unknown,Unknown
Lisbon,Sete Colinas,guest_house,38.7259952,-9.1351979,2,Unknown
Lisbon,Lisb'on Hostel,hostel,38.708544,-9.144346,Unknown,Unknown
Lisbon,VIP Executive Saldanha Hotel,hotel,38.7322353,-9.1446772,4,VIP Hotels
Lisbon,Legendary Lisboa Suites,hotel,38.7225454,-9.1526953,4,Unknown
Lisbon,Hotel Turim Alameda,hotel,38.7354312,-9.1375837,4,Grupo Turim Hotels
Lisbon,Hotel Imperador,hotel,38.7355574,-9.1476233,2,Unknown
Lisbon,Alicante,hotel,38.7287391,-9.144544,2,Unknown
Lisbon,Pensão Residencial Portuense,hotel,38.7173604,-9.1415906,Unknown,Unknown
Lisbon,Albergaria Senhora do Monte,guest_house,38.71863,-9.132256,Unknown,Unknown
Lisbon,Sana Excelsior,hotel,38.7368933,-9.1503641,Unknown,Unknown
Lisbon,Holiday Inn Express Lisbon Airport,hotel,38.7861064,-9.120416,Unknown,Unknown
Lisbon,Pensão Residencial Norte,guest_house,38.7130847,-9.1373896,Unknown,Unknown
Lisbon,Jardim de Santos Hostel,hostel,38.7075514,-9.1538721,Unknown,Unknown
Lisbon,Hostel 4U,hostel,38.710814,-9.135357,Unknown,Unknown
Lisbon,Flor da Baixa,hotel,38.7161143,-9.140543,Unknown,Unknown
Lisbon,Alegria Hotel,hotel,38.7175316,-9.1448835,1,Unknown
Lisbon,Pensão Londres,guest_house,38.715562,-9.1460153,Unknown,Unknown
Lisbon,Hotel Borges Chiado,hotel,38.7107073,-9.1418705,3,Unknown
Lisbon,Travellers House,hostel,38.7100521,-9.137578,Unknown,Unknown
Lisbon,Golden Tram 242 LISBONne Hostel,hostel,38.7120013,-9.1389952,Unknown,Unknown
Lisbon,Hotel Anjos,guest_house,38.7226272,-9.1337866,3,Unknown
Lisbon,Mercure Hotel,hotel,38.6708139,-9.1710393,Unknown,Unknown
Lisbon,Turim Restauradores Hotel,hotel,38.7160062,-9.143164,3,Grupo Turim Hotels
Lisbon,Altis Grand Hotel,hotel,38.720849,-9.1500487,5,Unknown
Lisbon,NH Campo Grande,hotel,38.748715,-9.14953,4,NH
Lisbon,Unknown,guest_house,38.7477672,-9.1504703,Unknown,Unknown
Lisbon,Residência Oliveira,guest_house,38.7144052,-9.1228523,Unknown,Unknown
Lisbon,Amazónia Lisboa Hotel,hotel,38.7229309,-9.1549267,3,Unknown
Lisbon,Hotel Duas Nações,hotel,38.7109451,-9.1375878,2,Unknown
Lisbon,Lisbon Art Stay,hotel,38.7117398,-9.1384443,Unknown,Unknown
Lisbon,Unknown,guest_house,38.724413,-9.1156653,Unknown,Unknown
Lisbon,Stay Hotel Lisboa,hotel,38.7263295,-9.1409422,2,Unknown
Lisbon,Residencial Dublin,guest_house,38.7240265,-9.145969,Unknown,Unknown
Lisbon,Farid's House,guest_house,38.7109203,-9.143559,Unknown,Unknown
Lisbon,Cacilhas Guest Apartments,guest_house,38.6859643,-9.149482,Unknown,Unknown
Lisbon,Pensão Célia,guest_house,38.6875029,-9.148296,Unknown,Unknown
Lisbon,Lost Inn Lisbon,hostel,38.7082595,-9.1440906,Unknown,Unknown
Lisbon,The Independente Hostel & Suites,hostel,38.7148798,-9.1445992,Unknown,Unknown
Lisbon,Tempo FLH Hotels Lisboa,hotel,38.7122854,-9.1392595,Unknown,FLH
Lisbon,Olissippo Marquês de Sá,hotel,38.7365086,-9.1517327,4,"Sociedade Hoteleira Seoane, S.A."
Lisbon,Quinta de Vale Mourelos,hostel,38.6614379,-9.1852889,Unknown,Unknown
Lisbon,Lx Rossio Hotel,hotel,38.7118189,-9.1378143,Unknown,Unknown
Lisbon,Hans Brinker Hostel Lisbon,hostel,38.7319311,-9.148231,Unknown,Hans Brinker
Lisbon,Living Lounge Hostel,hostel,38.7111028,-9.1390699,Unknown,LLH Hostels
Lisbon,Yes! Lisbon Hostel,hostel,38.7091675,-9.1377091,Unknown,Yes! Hostel
Lisbon,Residencial Mar dos Açores,hotel,38.7271781,-9.1424044,Unknown,Unknown
Lisbon,Home Lisbon Hostel,hostel,38.7105652,-9.136177,Unknown,Unknown
Lisbon,Gat Rossio Hotel,hotel,38.7153832,-9.1404952,3,Clavel Hoteles S.A.
Lisbon,Valverde Lisboa Hotel,hotel,38.7197361,-9.1444859,Unknown,Unknown
Lisbon,Porto Bay Liberdade,hotel,38.7222124,-9.1488635,5,Unknown
Lisbon,Okupa Lisboa,hotel,38.7208505,-9.1243968,Unknown,Unknown
Lisbon,Browns Boutique Hotel & Apartements,hotel,38.7109181,-9.138335,Unknown,Unknown
Lisbon,Teatro B&B,guest_house,38.7118704,-9.1421435,Unknown,Unknown
Lisbon,Grande Pensão Alcobia Residencial,hotel,38.7140244,-9.1366,Unknown,Unknown
Lisbon,Lost Lisbon,guest_house,38.7067394,-9.1425585,Unknown,Unknown
Lisbon,Rossio Garden Hotel,hotel,38.7156281,-9.140487,Unknown,Unknown
Lisbon,Pensão S. João da Praça,hostel,38.70946,-9.1319052,Unknown,Unknown
Lisbon,Jeronimos 8,hotel,38.6987813,-9.2049927,4,Unknown
Lisbon,Unknown,hostel,38.6648312,-9.2198761,Unknown,Unknown
Lisbon,Portugal Ways Culture Guest House,hostel,38.7210477,-9.1352475,Unknown,Unknown
Lisbon,CZAR Lisbon Hotel,hotel,38.7293464,-9.1348252,4,Unknown
Lisbon,Chiado,hostel,38.7139083,-9.1370505,Unknown,Unknown
Lisbon,Pensão Praça da Figueira,guest_house,38.7143224,-9.1376797,Unknown,Unknown
Lisbon,Hospedagem Da Ponte,guest_house,38.7324781,-9.145916,Unknown,Unknown
Lisbon,Residencial Aleluia,guest_house,38.7247948,-9.1436994,Unknown,Unknown
Lisbon,Estrela de Arganil,hotel,38.7294276,-9.1344231,2,Unknown
Lisbon,Pouso dos Anjos,hotel,38.7236765,-9.1358861,Unknown,Unknown
Lisbon,York House Hotel,hotel,38.7062318,-9.1590408,4,Unknown
Lisbon,Lisbon Calling Hostel,hostel,38.7081293,-9.145042,Unknown,Unknown
Lisbon,Lisbon Arsenal Suites,hotel,38.70763,-9.1401752,Unknown,Unknown
Lisbon,INN POSSIBLE Lisbon Hostel,hostel,38.7123092,-9.1358679,Unknown,Unknown
Lisbon,City Hostel Lisbon,hostel,38.7292801,-9.1407716,Unknown,Unknown
Lisbon,Lisbon Chillout Hostel,hostel,38.7236092,-9.1433577,Unknown,Unknown
Lisbon,Casa de São Mamede,hotel,38.7183639,-9.1526748,3,Unknown
Lisbon,Unknown,guest_house,38.7384079,-9.1510308,Unknown,Unknown
Lisbon,Fontecruz Lisboa,hotel,38.7191427,-9.1440108,5,"Fontecruz Inversiones, S.A."
Lisbon,Casa del Limonero,hotel,38.7179233,-9.1394856,Unknown,Unknown
Lisbon,Lisbonaire,hostel,38.7165683,-9.1436273,Unknown,Unknown
Lisbon,InSuites Chiado Apartments II,hotel,38.7116824,-9.1427604,Unknown,InSuites by ARCHITECTURE TOTE SER
Lisbon,InSuites Chiado Apartments,hotel,38.7103762,-9.1393492,Unknown,InSuites by ARCHITECTURE TOTE SER
Lisbon,InSuites Chiado Apartments 100,hotel,38.7114368,-9.1397125,Unknown,InSuites by ARCHITECTURE TOTE SER
Lisbon,Dear Lisbon,guest_house,38.7101736,-9.1501831,Unknown,Unknown
Lisbon,Hotel Lisboa,hotel,38.7222411,-9.1463048,4,Unknown
Lisbon,Vincci Baixa,hotel,38.709247,-9.135612,4,Unknown
Lisbon,Portugal Ways Alfama River Apartments,guest_house,38.7126279,-9.1284038,Unknown,Unknown
Lisbon,Memmo Alfama,hotel,38.710276,-9.1304635,Unknown,Unknown
Lisbon,Johnny's place,hostel,38.715705,-9.1310709,Unknown,Unknown
Lisbon,Hotel Dom Afonso Henriques,hotel,38.737152,-9.1283248,2,Unknown
Lisbon,Airbnb - José,hotel,38.7156084,-9.137796,Unknown,Unknown
Lisbon,Hotel do Príncipe Real,hotel,38.7173026,-9.1474133,4,"Príncipe Real - Empreendimentos Turísticos e Hoteleiros do Algarve, S.A."
Lisbon,SANA Rex Hotel,hotel,38.7274598,-9.1559097,3,Unknown
Lisbon,Pensão Nova Goa,hotel,38.7143723,-9.1364989,Unknown,Unknown
Lisbon,browns central,hotel,38.7113154,-9.1382983,Unknown,Unknown
Lisbon,Residência do Norte,hostel,38.7129331,-9.1437981,Unknown,Unknown
Lisbon,Lisbon Serviced Appartments,hotel,38.7116084,-9.1385632,Unknown,Unknown
Lisbon,Rossio Apartments,guest_house,38.712818,-9.13903,Unknown,Unknown
Lisbon,Thirtyhome,guest_house,38.7227483,-9.1383144,Unknown,Unknown
Lisbon,Lisbon Old Town Hostel,hostel,38.7089976,-9.1446512,Unknown,Unknown
Lisbon,Mana Guest House,guest_house,38.7078315,-9.1546443,Unknown,Unknown
Lisbon,DownTown,guest_house,38.7131273,-9.1400227,Unknown,Unknown
Lisbon,Pensão Iberica,hostel,38.7139574,-9.1370775,Unknown,Unknown
Lisbon,SANA Executive Hotel,hotel,38.7369399,-9.150453,3,Unknown
Lisbon,Hotel Santa Justa,hotel,38.7125714,-9.1379219,4,Unknown
Lisbon,Hostel Green Heart,hostel,38.7234029,-9.1458196,Unknown,Unknown
Lisbon,Unknown,guest_house,38.7164611,-9.154805,Unknown,Unknown
Lisbon,guest house,guest_house,38.7173809,-9.1364209,Unknown,Unknown
Lisbon,Goodnight Hostel,hostel,38.7113235,-9.1375784,Unknown,Unknown
Lisbon,Hotel Vincii,hotel,38.7219804,-9.1493143,4,Unknown
Lisbon,Casa Marta (Airbnb),hotel,38.7185865,-9.1304069,Unknown,Unknown
Lisbon,Tim ' s Place,guest_house,38.7259942,-9.1440505,Unknown,Unknown
Lisbon,H10 Duque de Loulé,hotel,38.7263694,-9.1470521,4,Unknown
Lisbon,Residencial Vila Nova,hotel,38.7257776,-9.1478435,Unknown,Unknown
Lisbon,Portas do Teatro apartmentos,hotel,38.7108619,-9.1325336,Unknown,Unknown
Lisbon,Neya Lisboa Hotel,hotel,38.7293791,-9.1405705,4,Unknown
Lisbon,Hotel Altis Avenida,hotel,38.7149445,-9.1407529,5,Unknown
Lisbon,Cidade Room Lisboa,guest_house,38.7281413,-9.1338055,Unknown,Unknown
Lisbon,Garden Rooftop,hotel,38.7139907,-9.1344944,Unknown,Unknown
Lisbon,Ohmm.,hotel,38.7101406,-9.1292882,Unknown,Unknown
Lisbon,Pestana CR7 Hotel,hotel,38.7091425,-9.13605,Unknown,Unknown
Lisbon,Residencial Horizonte,guest_house,38.730008,-9.1500065,Unknown,Unknown
Lisbon,Santos Hostel,hostel,38.731889,-9.1516104,Unknown,Unknown
Lisbon,Guest House Brazil-Africa,guest_house,38.7105467,-9.1351172,Unknown,Unknown
Lisbon,Restauradores 72 Apartment,guest_house,38.7154882,-9.140664,Unknown,Unknown
Lisbon,America Diamonds Hotel,hotel,38.7307668,-9.1470302,3,Unknown
Lisbon,Central Downtown 5 Rooms,hostel,38.7098409,-9.1368552,Unknown,João
Lisbon,Lisbon São Bento,hotel,38.7188733,-9.1556949,Unknown,Unknown
Lisbon,Hotel Botânico,hotel,38.717293,-9.1468558,3,Unknown
Lisbon,Discover Lisbon,hotel,38.7177522,-9.1443816,Unknown,Discover Lisbon
Lisbon,The 7 hotel,hotel,38.7104741,-9.1386514,3,"Blue Queen Hotels, Lda."
Lisbon,Mi Casa En Lisboa,hotel,38.7181138,-9.1321312,Unknown,Unknown
Lisbon,Residencial Florescente,guest_house,38.7163703,-9.1407846,Unknown,Unknown
Lisbon,We Love Hostel,hostel,38.72617,-9.1341782,Unknown,Unknown
Lisbon,Palácio de São João,hotel,38.7224134,-9.14469,Unknown,Unknown
Lisbon,Casa do Conde,guest_house,38.7232937,-9.1366327,Unknown,Unknown
Lisbon,Unknown,guest_house,38.7145323,-9.1356707,Unknown,Unknown
Lisbon,Be Lisbon Hostel,hostel,38.7314946,-9.1399665,Unknown,Unknown
Lisbon,Love Lisbon,hostel,38.7292947,-9.1359602,Unknown,Unknown
Lisbon,Globo,guest_house,38.7147614,-9.1449178,Unknown,Unknown
Lisbon,Next Hostel,hostel,38.7208117,-9.1353205,Unknown,Unknown
Lisbon,Feel Lisbon B&B,hotel,38.7117972,-9.1378062,Unknown,Unknown
Lisbon,Flag house,hostel,38.7239727,-9.134248,Unknown,Unknown
Lisbon,Kab+1,hostel,38.7061616,-9.1573639,Unknown,Unknown
Lisbon,top of the castle hill,hotel,38.7139968,-9.1345983,Unknown,Barbara & Tiago 933 9404
Lisbon,Universo Romântico,guest_house,38.7257825,-9.1446241,Unknown,"Universo Romântico, Lda."
Lisbon,Era Uma Vez Em Lisboa,guest_house,38.7164161,-9.1369113,Unknown,Unknown
Lisbon,The Postcard Lisbon,guest_house,38.719653,-9.1563937,Unknown,Unknown
Lisbon,Lisbon Economy Guest Houses - Old Town I,hostel,38.7209115,-9.1562268,Unknown,Unknown
Lisbon,Palácio Vila Flor,guest_house,38.7096578,-9.1302291,Unknown,Unknown
Lisbon,Vistas de Lisboa,hostel,38.7124533,-9.1370225,Unknown,Unknown
Lisbon,Hotel Lisbon São Bento,hotel,38.7187473,-9.1556535,Unknown,Unknown
Lisbon,Vila Garden,hotel,38.7304011,-9.1343047,Unknown,Unknown
Lisbon,Sant Jordi Hostels Lisbon,hostel,38.7238107,-9.1321902,Unknown,sant Jordi Hostels
Lisbon,Smy Lisboa,hotel,38.72796,-9.1592442,4,Unknown
Lisbon,Hotel da Estrela,hotel,38.7174908,-9.1593722,4,Unknown
Lisbon,AltisBelem Hotel & SPA,hotel,38.6933356,-9.2106843,5,Unknown
Lisbon,The Lx Hill,hotel,38.7106355,-9.1468819,2,Unknown
Lisbon,Metrópole,hotel,38.7132993,-9.1397761,3,Hotéis Alexandre de Almeida
Lisbon,My Story Hotel Tejo,hotel,38.7137304,-9.1366634,3,Unknown
Lisbon,Internacional Design Hotel,hotel,38.7130345,-9.138441,4,Unknown
Lisbon,Hotel do Chiado,hotel,38.7107197,-9.1394885,4,Unknown
Lisbon,My Story Hotel Ouro,hotel,38.7099659,-9.1381181,3,Unknown
Lisbon,Hotel Inn Rossio,hotel,38.7137126,-9.1403467,2,Unknown
Lisbon,9 Hotel Mercy,hotel,38.7123473,-9.1429706,5,"9Hotel Collection, SAS"
Lisbon,Lisboa Carmo Hotel,hotel,38.7122332,-9.1413777,4,Grupo Lux Hotels
Lisbon,Coutinho Apt,guest_house,38.7246939,-9.1353023,Unknown,Unknown
Lisbon,Sofitel Lisbon Liberdade,hotel,38.7186203,-9.1448636,5,Unknown
Lisbon,Famous Crows Hostel,guest_house,38.6974395,-9.202978,Unknown,Unknown
Lisbon,Apartamentos de Alfama,guest_house,38.7118801,-9.129045,Unknown,Unknown
Lisbon,Lisbon's Passion,guest_house,38.7112209,-9.1440578,Unknown,Catarina Gomez
Lisbon,Beatu's Sweet Rooms,guest_house,38.7335218,-9.1062064,Unknown,Unknown
Lisbon,WC Beautique Hotel Collection,hotel,38.7235887,-9.1353451,Unknown,The Beautique Hotels Lisboa
Lisbon,BA17-1,guest_house,38.7138126,-9.1443409,Unknown,Unknown
Lisbon,Hotel ibis Lisboa Liberdade,hotel,38.7201743,-9.1502049,2,Grupo AccorHotels
Lisbon,Lisboa Garden Hostel,hotel,38.7207659,-9.1392906,Unknown,Unknown
Lisbon,Alface Hostel,hostel,38.712326,-9.1433529,Unknown,Unknown
Lisbon,Terminus,guest_house,38.7612417,-9.1301376,Unknown,Unknown
Lisbon,My Charm Lisbon Suits,guest_house,38.7309849,-9.134183,Unknown,Unknown
Lisbon,Hotel Hotel,hotel,38.7171496,-9.1440512,Unknown,Unknown
Lisbon,NH Collection Lisboa Liberdade,hotel,38.7203393,-9.1446604,4,NH Hotel Group
Lisbon,Pax,hotel,38.7283386,-9.1374169,1,Unknown
Lisbon,Afrin Lisboa,hotel,38.7425111,-9.1348381,2,Unknown
Lisbon,Casa do Mercado,hotel,38.7085907,-9.1475692,Unknown,Unknown
Lisbon,Mercure,hotel,38.7376262,-9.1661233,4,Unknown
Lisbon,Capital,hotel,38.73896,-9.1474566,1,Unknown
Lisbon,Hotel Itália,hotel,38.737505,-9.1501919,3,Unknown
Lisbon,Hotel Alif Avenidas,hotel,38.7348933,-9.1504638,4,Grupo Alif Hotels
Lisbon,Pensão Residêncial Pátria,hotel,38.7353017,-9.1464664,1,Unknown
Lisbon,Train hostel,hostel,38.7167666,-9.121307,Unknown,Unknown
Lisbon,WOT New Lisbon Hostel,hostel,38.7146935,-9.1474733,Unknown,Unknown
Lisbon,Hotel Nazareth,hotel,38.731488,-9.1518301,2,Unknown
Lisbon,Hotel Avenida Park,hotel,38.7282162,-9.1495031,3,Unknown
Lisbon,Hotel Lisboa Central Park,hotel,38.7279193,-9.1492281,3,Unknown
Lisbon,SANA Capitol Hotel,hotel,38.7272729,-9.1480095,3,Unknown
Lisbon,Caravela,guest_house,38.7272478,-9.1438498,Unknown,Unknown
Lisbon,Hotel ibis Styles Lisboa Embaixador,hotel,38.7270702,-9.1461804,3,Grupo AccorHotels
Lisbon,Dom Carlos Park,hotel,38.7251972,-9.1480595,3,Unknown
Lisbon,Hotel Excelsior,hotel,38.7248292,-9.1479961,3,Hotusa Hotels
Lisbon,Hotel Britania,hotel,38.7215442,-9.1456015,4,Unknown
Lisbon,Hotel Dom Sancho I,hotel,38.721592,-9.1460229,2,Grupo Lusitana Hotels
Lisbon,Turim Av Liberdade Hotel,hotel,38.7237644,-9.1493593,4,Unknown
Lisbon,Hotel PortoBay Marquês,hotel,38.723947,-9.1500037,4.5,Unknown
Lisbon,Hotel Expo Astoria,hotel,38.723948,-9.1511061,3,Unknown
Lisbon,Castilho,guest_house,38.7235392,-9.1524745,Unknown,Unknown
Lisbon,Flamingo Lisboa,hotel,38.7231998,-9.1521251,3,Unknown
Lisbon,AVANI Avenida Liberdade Lisbon Hotel,hotel,38.7203684,-9.1474315,4,AVANI Hotels & Resorts Limited
Lisbon,Vintage Lisboa,hotel,38.719979,-9.1503962,5,Unknown
Lisbon,WOT Lisbon Patio,hostel,38.731413,-9.1480359,Unknown,Hub Hostels
Lisbon,Vale 12 - 3,guest_house,38.7114641,-9.1501351,Unknown,Unknown
Lisbon,Rooms Fado Guest House,guest_house,38.7334825,-9.1352059,Unknown,Unknown
Lisbon,My Hostel Lisbon,hostel,38.7369884,-9.148648,Unknown,Unknown
Lisbon,Tejo's House,guest_house,38.676968,-9.2069976,Unknown,Unknown
Lisbon,Back to Lisbon,hostel,38.7148574,-9.1554436,Unknown,Unknown
Lisbon,Unknown,hotel,38.7148982,-9.1352336,Unknown,Unknown
Lisbon,Typical Mouraria,guest_house,38.714992,-9.1352961,Unknown,Unknown
Lisbon,Lisbon Style Guesthouse,guest_house,38.7251428,-9.1352772,Unknown,Unknown
Lisbon,Downtown Charming Apartment,guest_house,38.7131223,-9.1361829,Unknown,Unknown
Lisbon,Lisbon Lounge Hostel,hostel,38.7104031,-9.1368552,Unknown,LLH Hostels
Lisbon,Wallis São Bento,guest_house,38.7192955,-9.1558968,Unknown,Unknown
Lisbon,easyHotel,hotel,38.7250815,-9.1462929,Unknown,Unknown
Lisbon,Hotel Jupiter,hotel,38.739622,-9.1458579,Unknown,Unknown
Lisbon,Estrella Heart apartaments,hotel,38.712163,-9.1617329,Unknown,Unknown
Lisbon,Lisbon serviced apartments,hotel,38.7107357,-9.1496915,Unknown,Unknown
Lisbon,A Ponte,hostel,38.7276596,-9.1489878,Unknown,Unknown
Lisbon,4U Lisbons IV Guesthouse,guest_house,38.7495541,-9.1425926,Unknown,Unknown
Lisbon,Turim Marquês Hotel,hotel,38.7230262,-9.1503818,Unknown,Unknown
Lisbon,Figueira Beautique Hotel,hotel,38.7132843,-9.1375206,Unknown,Unknown
Lisbon,Casa do alfaiate home and breakfast,hotel,38.6823406,-9.1596293,Unknown,Unknown
Lisbon,Salomé,hostel,38.6804816,-9.1540519,Unknown,Unknown
Lisbon,Pousada da Juventude de Almada,hostel,38.6765481,-9.178479,Unknown,Unknown
Lisbon,Cristo Rei Casa Vacanze,hotel,38.6788719,-9.1660907,Unknown,Unknown
Lisbon,Cacilhas Guest Apartments,guest_house,38.6862127,-9.1492417,Unknown,Unknown
Lisbon,Trevo Desperto - Lar de Idosos,hotel,38.6403664,-9.1740161,Unknown,Unknown
Lisbon,Mélita - Lar de Idosos,hotel,38.6407083,-9.1725996,Unknown,Unknown
Lisbon,Pensão Milanesa Residencial,hotel,38.7175684,-9.1463313,Unknown,Unknown
Lisbon,Almalusa Baixia/Chiado,hotel,38.7083269,-9.1394763,Unknown,Unknown
Lisbon,Mouraria Apartments von Sergio,guest_house,38.7177936,-9.1345013,Unknown,Sergio Raul
Lisbon,Alvalade II Guest House,guest_house,38.7551274,-9.1394148,Unknown,Unknown
Lisbon,Unique Lisbon Rooms,guest_house,38.7236968,-9.1331048,Unknown,Unknown
Lisbon,Hype Lisbon Hostel,hostel,38.7262135,-9.14847,Unknown,Unknown
Lisbon,Lisbon World Hostel,hostel,38.726235,-9.1484881,Unknown,Unknown
Lisbon,Daizy Guest House,hostel,38.7262224,-9.1484794,Unknown,Unknown
Lisbon,Feels Like Home Welcome Center,hotel,38.7177691,-9.1427811,Unknown,Unknown
Lisbon,Urban Garden Hostel,hostel,38.7244933,-9.1469285,Unknown,Unknown
Lisbon,Good Morning Hostel,hostel,38.7157515,-9.1409573,Unknown,Unknown
Lisbon,Lisbon Destination Hostel,hostel,38.7144796,-9.1408375,Unknown,Destination Hostels
Lisbon,We Love F****** Tourists,hostel,38.7131174,-9.1370301,Unknown,Unknown
Lisbon,B.A. Hostel,hostel,38.714324,-9.1443603,Unknown,Unknown
Lisbon,5 Sins Chiado Hostel,hostel,38.7121745,-9.1395433,Unknown,Unknown
Lisbon,Lisbon TOP Hostel,hostel,38.7293711,-9.1494179,Unknown,Unknown
Lisbon,New Lisbon Concept Hostel,hostel,38.7217877,-9.1462019,Unknown,Unknown
Lisbon,nest house,hostel,38.7354968,-9.1448649,Unknown,Unknown
Lisbon,Lisbon Poets Hostel,hostel,38.7237663,-9.1315623,Unknown,Unknown
Lisbon,Rossio Hostel,hostel,38.7136807,-9.1401147,Unknown,Unknown
Lisbon,Hostel Lisbon Forever,hostel,38.7319283,-9.1515108,Unknown,Unknown
Lisbon,Music Hall Lisbon Hostel,hostel,38.7309418,-9.1507371,Unknown,Unknown
Lisbon,Samp's Hostel,hostel,38.7334377,-9.1337983,Unknown,Unknown
Lisbon,Guest Inn - Latino Coelho,hostel,38.7328859,-9.1498011,Unknown,Unknown
Lisbon,Welcome Hostel,guest_house,38.7153593,-9.1380031,Unknown,Unknown
Lisbon,Unknown,hostel,38.7108654,-9.14357,Unknown,Passport
Lisbon,Metro Hostel,hostel,38.7344756,-9.1430054,Unknown,Unknown
Lisbon,Royal Prince Hostel,hostel,38.7148924,-9.1492424,Unknown,Unknown
Lisbon,Seven Hills Hostel,hostel,38.7272636,-9.1346503,Unknown,Unknown
Lisbon,Casa de Hóspedes Modelo,hostel,38.7153691,-9.1396287,Unknown,Unknown
Lisbon,petit LuSa,guest_house,38.7114237,-9.1279995,Unknown,Unknown
Lisbon,Hotel Exe Saldanha,hotel,38.7332396,-9.1431318,Unknown,Unknown
Lisbon,Artbeat Rooms,guest_house,38.7104976,-9.1364553,Unknown,Unknown
Lisbon,Exe Liberdade,hotel,38.725956,-9.148213,Unknown,Unknown
Lisbon,Palace Chiado,hotel,38.7099309,-9.1401028,Unknown,Unknown
Lisbon,Madalena by The Beautique Hotels,hotel,38.7131995,-9.1365343,Unknown,Unknown
Lisbon,Feels Like Home,hostel,38.7085201,-9.1399313,Unknown,Unknown
Lisbon,Lost Lisbon,guest_house,38.7103634,-9.140233,Unknown,Unknown
Lisbon,Lisboa Pessoa Hotel,hotel,38.7125586,-9.1414788,Unknown,Unknown
Lisbon,Cheese & Wine,guest_house,38.7082467,-9.153564,Unknown,Unknown
Lisbon,The Saints Suites,guest_house,38.7081599,-9.1538622,Unknown,Unknown
Lisbon,Hapimag,hotel,38.7187861,-9.1427729,Unknown,Unknown
Lisbon,Chalet d'Ávila Guest House,guest_house,38.7350714,-9.143147,Unknown,Unknown
Lisbon,Airbnb,guest_house,38.7198736,-9.1437228,Unknown,Unknown
Lisbon,Pousada de Juventude do Parque das Nações (HI),hostel,38.7780717,-9.098529,Unknown,Unknown
Lisbon,The ICONS,hotel,38.7414083,-9.1584866,3,trius hotels
Lisbon,Chez Alex,hotel,38.7285328,-9.1325439,Unknown,Unknown
Lisbon,Rossio Plaza Hotel,hotel,38.7124017,-9.1391514,Unknown,Unknown
Lisbon,The 8,hotel,38.7113582,-9.1364141,Unknown,Unknown
Lisbon,Lisbon Serviced Apartments,hotel,38.7335278,-9.1509601,Unknown,Unknown
Lisbon,LX History Rooms - Hotel,guest_house,38.7249537,-9.1346907,Unknown,Unknown
Lisbon,Istanbul Hostel,guest_house,38.7249797,-9.134824,Unknown,Unknown
Lisbon,Silk Lisbon,hotel,38.7318077,-9.1491594,Unknown,Unknown
Lisbon,Casa das Janelas,guest_house,38.7136484,-9.1468235,Unknown,Unknown
Lisbon,The independente,hotel,38.7149956,-9.1447075,Unknown,Unknown
Lisbon,Tagus Marina House Boat,hotel,38.7583251,-9.0923774,Unknown,Unknown
Lisbon,B&B Hotel Lisboa Aeroporto,hotel,38.7864828,-9.1170255,Unknown,Unknown
Lisbon,New Aljubarrota Guesthouse,guest_house,38.7116948,-9.1377119,Unknown,Unknown
Lisbon,Norte Guest House,hotel,38.7128333,-9.1373,2,Unknown
Lisbon,The Editory Riverside Hotel,hotel,38.7135577,-9.1229311,Unknown,Unknown
Lisbon,The Homeboat Company,hotel,38.7562253,-9.0921748,Unknown,Unknown
Lisbon,Boho Guesthouse,hostel,38.7077748,-9.1437837,Unknown,Unknown
Lisbon,Flores Guesthouse,guest_house,38.7143508,-9.1510381,Unknown,Unknown
Lisbon,Patrocinio Tours,hostel,38.6338944,-9.1528918,Unknown,Patrocinio Tours
Lisbon,Zurin Charm Hotel,hotel,38.7272604,-9.1638098,Unknown,Unknown
Lisbon,Turim Av Liberdade Hotel,hotel,38.7235787,-9.1498401,Unknown,Unknown
Lisbon,Tagus Palace,hotel,38.7241181,-9.1471737,Unknown,Unknown
Lisbon,Hotel Pestana Lisboa-vintage,hotel,38.7231835,-9.1510342,Unknown,Unknown
Lisbon,Cheese & Wine Lapa,guest_house,38.7057251,-9.1665474,Unknown,Unknown
Lisbon,Lisbon Studios,hotel,38.7115376,-9.1361869,Unknown,Unknown
Lisbon,NOW Bastidor Jovial,hostel,38.7094573,-9.1330642,Unknown,Unknown
Lisbon,Hostel 15,hostel,38.7216473,-9.1355653,Unknown,Unknown
Lisbon,We Hate F Tourists,hostel,38.7222238,-9.1365896,Unknown,Unknown
Lisbon,arsenal suit hôtel,hotel,38.7076753,-9.139885,Unknown,Unknown
Lisbon,Selina Secret Garden Lisbon,hotel,38.709862,-9.1506524,Unknown,Unknown
Lisbon,Be Lisbon,hostel,38.7214416,-9.1352454,Unknown,Unknown
Lisbon,4U Lisbon II Guest House,guest_house,38.7594601,-9.1364657,Unknown,Unknown
Lisbon,Comtesse Lisbonne Guest House,guest_house,38.7478627,-9.1672523,Unknown,Unknown
Lisbon,Moxy Lisbon City,hotel,38.7291658,-9.1441198,Unknown,Unknown
Lisbon,Epic Sana Marquês Hotel,hotel,38.7273272,-9.1483893,5,Sana Hotels
Lisbon,Baixa Guest house,guest_house,38.7148667,-9.1372429,Unknown,Unknown
Lisbon,The Central House Lisbon Baixa,hostel,38.7131269,-9.1368224,Unknown,Unknown
Lisbon,Martim Moniz 28 Guest House,guest_house,38.7165675,-9.1348938,Unknown,Unknown
Lisbon,Unknown,hotel,38.7356583,-9.1436754,Unknown,Unknown
Lisbon,Unknown,hotel,38.7332624,-9.1435735,Unknown,Unknown
Lisbon,Intendente 1865,guest_house,38.7213584,-9.1342724,Unknown,Unknown
Lisbon,Independente Hotels & Hostels,hostel,38.708411,-9.1469836,Unknown,Unknown
Lisbon,Estrela dos Anjos,hotel,38.724763,-9.1360083,Unknown,Unknown
Lisbon,Be Poet Baixa Hotel,hotel,38.7119279,-9.138058,3,Unknown
Lisbon,Hotel da Baixa,hotel,38.7121194,-9.1374841,Unknown,Unknown
Lisbon,My Suite Lisbon,hotel,38.7138389,-9.1461338,Unknown,Unknown
Lisbon,Unknown,hotel,38.7256202,-9.1456557,Unknown,Unknown
Lisbon,Pensão Rossio,guest_house,38.7119452,-9.1386913,Unknown,Unknown
Lisbon,Ikonik Lisboa,hotel,38.7632017,-9.0990942,Unknown,Unknown
Lisbon,Friendly Hills Bairro Alto,hostel,38.7110683,-9.1444491,Unknown,Unknown
Lisbon,Varandas do chiado - Lisboa,hostel,38.7094336,-9.1454035,Unknown,Unknown
Lisbon,LX Hostel,hostel,38.7030981,-9.1786972,Unknown,Unknown
Lisbon,Unknown,hotel,38.7193817,-9.1351137,Unknown,Unknown
Lisbon,Jardim da Lapa,hotel,38.7076128,-9.164462,Unknown,Unknown
Lisbon,"THE PESSOA, our guest since 1908",hotel,38.711986,-9.1413598,Unknown,Unknown
Lisbon,Rossio Plaza Hotel,hotel,38.7127729,-9.1392923,Unknown,Unknown
Lisbon,Madalena,hotel,38.7131975,-9.1364615,Unknown,Unknown
Lisbon,sri-indo guest house,guest_house,38.7302875,-9.1359822,Unknown,Unknown
Lisbon,7 Luz,hostel,38.7524192,-9.2008582,Unknown,Unknown
Lisbon,GS Chiado Boutique Studios & Suites,hotel,38.7104678,-9.1402743,Unknown,Unknown
Lisbon,Lost Lisbon :: Chiado House,hotel,38.7104852,-9.1402789,Unknown,Unknown
Lisbon,Amma Lisboa Hotel,hotel,38.7317117,-9.1398042,Unknown,Unknown
Lisbon,WLFT,hostel,38.7130812,-9.1369714,Unknown,Unknown
Lisbon,The Central House,guest_house,38.7131602,-9.1368188,Unknown,Unknown
Lisbon,DuMont Lisbon Guesthouse,hotel,38.7213785,-9.1315538,Unknown,Unknown
Lisbon,Ver Belém Suites,hotel,38.6970434,-9.203167,Unknown,Unknown
Lisbon,Gaspar House,hotel,38.7424149,-9.1339645,3,Unknown
Lisbon,Le premier Lisbon Suites,hotel,38.7369325,-9.1488503,Unknown,Unknown
Lisbon,MASA hotel,hotel,38.7374127,-9.1480711,Unknown,Unknown
Lisbon,Casa do Jasmim,guest_house,38.7109142,-9.2010401,Unknown,Unknown
Lisbon,Unknown,guest_house,38.7552591,-9.1394567,Unknown,Unknown
Lisbon,Unknown,guest_house,38.7551894,-9.139415,Unknown,Unknown
Lisbon,Unknown,guest_house,38.7551457,-9.1393861,Unknown,Unknown
Lisbon,Unknown,guest_house,38.7550921,-9.1393561,Unknown,Unknown
Lisbon,Unknown,guest_house,38.7553335,-9.1381128,Unknown,Unknown
Lisbon,Unknown,guest_house,38.7553191,-9.1384285,Unknown,Unknown
Lisbon,Unknown,guest_house,38.7552435,-9.1386635,Unknown,Unknown
Lisbon,Unknown,guest_house,38.7553693,-9.1391277,Unknown,Unknown
Lisbon,Unknown,guest_house,38.7556749,-9.1392051,Unknown,Unknown
Lisbon,Unknown,guest_house,38.7567714,-9.1396068,Unknown,Unknown
Lisbon,Unknown,guest_house,38.756798,-9.1395178,Unknown,Unknown
Lisbon,Unknown,guest_house,38.7568599,-9.1393478,Unknown,Unknown
Lisbon,Unknown,guest_house,38.7567803,-9.1391288,Unknown,Unknown
Lisbon,Unknown,guest_house,38.7566323,-9.1390523,Unknown,Unknown
Lisbon,Unknown,guest_house,38.7564888,-9.1389745,Unknown,Unknown
Lisbon,Unknown,guest_house,38.7563387,-9.1388966,Unknown,Unknown
Lisbon,Unknown,guest_house,38.7562029,-9.1388145,Unknown,Unknown
Lisbon,Unknown,guest_house,38.7560285,-9.1388371,Unknown,Unknown
Lisbon,Unknown,guest_house,38.7559004,-9.1387763,Unknown,Unknown
Lisbon,Unknown,guest_house,38.7558055,-9.1385582,Unknown,Unknown
Lisbon,Unknown,guest_house,38.7558673,-9.1383898,Unknown,Unknown
Lisbon,Unknown,guest_house,38.756013,-9.1382666,Unknown,Unknown
Lisbon,Unknown,guest_house,38.7568612,-9.1388645,Unknown,Unknown
Lisbon,Unknown,guest_house,38.756728,-9.1387962,Unknown,Unknown
Lisbon,Unknown,guest_house,38.7565898,-9.1387149,Unknown,Unknown
Lisbon,Unknown,guest_house,38.7564085,-9.138658,Unknown,Unknown
Lisbon,Appartement lisbonne,guest_house,38.7258507,-9.1649994,Unknown,Unknown
Lisbon,Liberty hostel,hostel,38.7223926,-9.1519986,Unknown,Unknown
Lisbon,Mama Shelter Lisboa,hotel,38.7209863,-9.1524216,Unknown,Unknown
Lisbon,Lapa Boutique Bed & Breakfast,guest_house,38.7088639,-9.1617776,Unknown,Unknown
Lisbon,V Dinastia,guest_house,38.7202868,-9.1573431,Unknown,Unknown
Lisbon,Casual Belle Époque,hotel,38.7109856,-9.1355927,Unknown,Unknown
Lisbon,Memória,hotel,38.7116936,-9.1358869,Unknown,Unknown
Lisbon,Lisboa Prata,hotel,38.7105558,-9.1366739,Unknown,Unknown
Lisbon,Lost Lisbon :: Cais House,hotel,38.7066208,-9.1430774,Unknown,Unknown
Lisbon,Unknown,hotel,38.7065202,-9.1590309,Unknown,Unknown
Lisbon,room00 Lisboa Hostel,hotel,38.7208343,-9.1445938,Unknown,Unknown
Lisbon,Room Select Liberdade,hotel,38.7175491,-9.1442344,Unknown,Unknown
Lisbon,Brasilia,hotel,38.7223466,-9.1497704,Unknown,Unknown
Lisbon,The Ivens,hotel,38.7095944,-9.1403918,Unknown,Unknown
Lisbon,Pestana Rua Augusta,hotel,38.7088198,-9.1365748,4,Unknown
Lisbon,Hotel Portugal,hotel,38.7144573,-9.1368468,Unknown,Unknown
Lisbon,Moon & Sun Lisboa,hotel,38.7113466,-9.1387193,Unknown,Unknown
Lisbon,Casa dell'Arte Lisbon,hotel,38.7155748,-9.1260955,Unknown,Unknown
Lisbon,Luzeiros Suites,hotel,38.7414489,-9.1471195,Unknown,Unknown
Lisbon,Lisbon Terminal 3 Hostel,hostel,38.7717061,-9.1139371,Unknown,Unknown
Lisbon,Shangi-la Hostel,guest_house,38.7275658,-9.1366975,Unknown,Unknown
Lisbon,Unknown,hotel,38.711906,-9.1430625,Unknown,Unknown
Lisbon,Luxury Lisbon Palace - Fine Homes,hotel,38.7152016,-9.1543685,Unknown,Unknown
Lisbon,Chiado Terrace,hotel,38.707917,-9.1434377,Unknown,Unknown
Lisbon,Alecrim ao Chiado,hotel,38.7090059,-9.1432981,Unknown,Unknown
Lisbon,B:Mar Hostel and Suites,hotel,38.7409098,-9.1025585,Unknown,Unknown
Lisbon,Hostel África do Sul,hostel,38.7284422,-9.1438424,Unknown,Unknown
Lisbon,Citi Flat,hotel,38.7279603,-9.1437461,Unknown,Unknown
Lisbon,Shelter 10,hostel,38.7271474,-9.1426877,Unknown,Unknown
Lisbon,Lisbon Flower 360º,hotel,38.7649263,-9.1535494,Unknown,Unknown
Lisbon,Metropolitan Living Lisbon Campolide,hostel,38.734328,-9.1644165,Unknown,Unknown
Lisbon,Finestay 8 Building Apartments,hotel,38.707646,-9.1467738,Unknown,Unknown
Lisbon,Unknown,guest_house,38.7245897,-9.1164871,Unknown,Unknown
Lisbon,Unknown,guest_house,38.7245795,-9.1165541,Unknown,Unknown
Lisbon,Unknown,guest_house,38.7245799,-9.1166142,Unknown,Unknown
Lisbon,Unknown,guest_house,38.7245738,-9.1167248,Unknown,Unknown
Lisbon,Unknown,guest_house,38.7245646,-9.1168817,Unknown,Unknown
Lisbon,Unknown,guest_house,38.7245674,-9.1169619,Unknown,Unknown
Lisbon,Unknown,guest_house,38.7245528,-9.117569,Unknown,Unknown
Lisbon,Unknown,guest_house,38.7245182,-9.1180511,Unknown,Unknown
Lisbon,Unknown,guest_house,38.7243098,-9.1176878,Unknown,Unknown
Lisbon,Unknown,guest_house,38.7243638,-9.1168886,Unknown,Unknown
Lisbon,Unknown,guest_house,38.724392,-9.1167931,Unknown,Unknown
Lisbon,Unknown,guest_house,38.7244117,-9.1158607,Unknown,Unknown
Lisbon,Unknown,guest_house,38.725089,-9.118919,Unknown,Unknown
Lisbon,Unknown,guest_house,38.725265,-9.1189122,Unknown,Unknown
Lisbon,Unknown,guest_house,38.7253039,-9.1189091,Unknown,Unknown
Lisbon,Unknown,guest_house,38.7253948,-9.1189112,Unknown,Unknown
Lisbon,Unknown,guest_house,38.725447,-9.1189143,Unknown,Unknown
Lisbon,Unknown,guest_house,38.7255087,-9.1189265,Unknown,Unknown
Lisbon,Unknown,guest_house,38.7255433,-9.1189273,Unknown,Unknown
Lisbon,Unknown,guest_house,38.7256218,-9.1189284,Unknown,Unknown
Lisbon,Unknown,guest_house,38.7256939,-9.1189551,Unknown,Unknown
Lisbon,Unknown,guest_house,38.7257828,-9.1189654,Unknown,Unknown
Lisbon,Unknown,guest_house,38.7258765,-9.1186831,Unknown,Unknown
Lisbon,Unknown,guest_house,38.7259621,-9.1186807,Unknown,Unknown
Lisbon,Unknown,guest_house,38.7260127,-9.1186996,Unknown,Unknown
Lisbon,Unknown,guest_house,38.7260772,-9.1187067,Unknown,Unknown
Lisbon,Unknown,guest_house,38.7261397,-9.118709,Unknown,Unknown
Lisbon,Unknown,guest_house,38.7262585,-9.1187197,Unknown,Unknown
Lisbon,Unknown,guest_house,38.7263656,-9.1187363,Unknown,Unknown
Lisbon,Unknown,guest_house,38.726429,-9.1187479,Unknown,Unknown
Lisbon,Unknown,guest_house,38.7265391,-9.1187498,Unknown,Unknown
Lisbon,Dare Lisbon River,hotel,38.7076254,-9.1453752,Unknown,Unknown
Lisbon,Feeling Eduardo VII,hotel,38.7342797,-9.1546373,Unknown,Unknown
Lisbon,Edison Flat,hotel,38.7345307,-9.1555443,Unknown,Unknown
Lisbon,On The Move Apartments,hotel,38.7348865,-9.1570906,Unknown,Unknown
Lisbon,THEORYNOMAD AL CORTE INGLES,hotel,38.7353376,-9.155918,Unknown,Unknown
Lisbon,Seven Dreams Suites,hotel,38.7330238,-9.1525175,Unknown,Unknown
Lisbon,Hotel MUaparque,hotel,38.7289417,-9.1501599,Unknown,Unknown
Lisbon,Ibis Styles Lisboa Centro Marquês de Pombal,hotel,38.7279613,-9.1487945,Unknown,Unknown
Lisbon,Pestana - hotel group,hotel,38.7035524,-9.183417,Unknown,Unknown
Lisbon,GoodTime marquês do Pombal,hotel,38.7247925,-9.1536362,Unknown,Unknown
Lisbon,Eurostar das Letras,hotel,38.7200191,-9.1488766,5,Unknown
Lisbon,Hotel Nacional,hotel,38.7224674,-9.1510413,5,Unknown
Lisbon,Altis Grand Hotel,hotel,38.7209368,-9.1501268,5,Unknown
Lisbon,Eurostar das Letras,hotel,38.7201399,-9.1489829,5,Unknown
Lisbon,Iberostar Selection Lisboa,hotel,38.724032,-9.1524021,4.7,Unknown
Lisbon,Iberostar Selection Lisboa,hotel,38.7239659,-9.1523474,4.7,Unknown
Lisbon,Iberostar Selection Lisboa,hotel,38.7240957,-9.1524645,4.7,Unknown
Lisbon,Iberostar Selection Lisboa,hotel,38.7241432,-9.1525061,4.7,Unknown
Lisbon,hotel encerrado,hotel,38.7244318,-9.1527522,Unknown,Unknown
Lisbon,hotel encerrado,hotel,38.724484,-9.1527971,Unknown,Unknown
Lisbon,54 São Paulo,hotel,38.7087733,-9.1491447,Unknown,Unknown
Lisbon,Lisbon Serviced Apartments - Campos,hotel,38.7450901,-9.1587378,Unknown,Unknown
Lisbon,Eurostars Universal Lisboa,hotel,38.7631418,-9.0987716,Unknown,Unknown
Lisbon,Alojamento Local Private Accommodation,guest_house,38.7235428,-9.1330758,Unknown,Unknown
Lisbon,Pensão Beira Minho,hotel,38.7142275,-9.1380273,Unknown,Unknown
Porto,Casa Rural São Miguel,guest_house,41.1351939,-8.5471622,Unknown,Unknown
Porto,Estalagem da Via Norte,hotel,41.2180577,-8.6264653,Unknown,Unknown
Porto,Hotel Grande Rio,hotel,41.1583337,-8.6067738,Unknown,Unknown
Porto,OPO Hotel,hotel,41.2348549,-8.666412,3,Unknown
Porto,Amadeos,hotel,41.1809465,-8.6818982,Unknown,Unknown
Porto,Residencial Portucalense,guest_house,41.168407,-8.591617,Unknown,Unknown
Porto,Residencial Brasília,hotel,41.1548136,-8.6162743,Unknown,Unknown
Porto,Yellow House,guest_house,41.1552668,-8.6088276,Unknown,Unknown
Porto,Porto Antas Hotel,hotel,41.1631124,-8.5894407,Unknown,Unknown
Porto,Porto-Mar ***,hotel,41.1857614,-8.6932077,Unknown,Unknown
Porto,Hotel Black Tulip,hotel,41.120732,-8.6064246,Unknown,Unknown
Porto,ClipHotel,hotel,41.1247925,-8.6056141,3,Unknown
Porto,Davilina,hotel,41.1246951,-8.6056143,Unknown,Unknown
Porto,Hotel Beta Porto,hotel,41.1780075,-8.6143361,Unknown,Unknown
Porto,Pransor Águas Santas,hotel,41.2004633,-8.5692256,Unknown,Unknown
Porto,Pensão Residencial Abê,hotel,41.2177877,-8.5533835,Unknown,Unknown
Porto,Hotel Premium,hotel,41.2353146,-8.625606,4,Unknown
Porto,Residencial Veneza,hostel,41.1470998,-8.5897584,Unknown,Unknown
Porto,Pensão Douro,guest_house,41.1450531,-8.6103307,Unknown,Unknown
Porto,Hospedaria das Taipas,guest_house,41.1440558,-8.6172129,Unknown,Unknown
Porto,Alma Porto Hostel,hostel,41.1504805,-8.5949941,Unknown,Unknown
Porto,Ribeira do Porto Hotel,hotel,41.1406485,-8.6131638,Unknown,Tomaz do Douro Empreendimentos Turísticos Lda.
Porto,Residencial Caldeira,hostel,41.1446197,-8.6168595,Unknown,Unknown
Porto,Surfivor - Porto Surf Hostel,hostel,41.158978,-8.6832737,Unknown,Surfivor Surf Camps
Porto,Three House,guest_house,41.1542351,-8.626185,Unknown,Unknown
Porto,Stayin Oporto Música Guest Appartment,guest_house,41.1514379,-8.6061187,Unknown,Unknown
Porto,Jualis Guest House,guest_house,41.1471827,-8.5966969,Unknown,Unknown
Porto,Tattva Design Hostel,hostel,41.1441987,-8.6090035,Unknown,Unknown
Porto,Porto Alive,hostel,41.1442168,-8.6129922,Unknown,Unknown
Porto,Casa 45,guest_house,41.1504305,-8.6135634,Unknown,Unknown
Porto,Hostal PurpleHouse,hostel,41.1610464,-8.6071372,Unknown,Unknown
Porto,Porto Spot Hostel,hostel,41.1536597,-8.6053013,Unknown,Unknown
Porto,Hotel Santiago,hotel,41.118961,-8.542994,Unknown,Unknown
Porto,Hostel Alegria,hostel,41.159696,-8.6010271,Unknown,Unknown
Porto,Hotel Vice Rei,hotel,41.1554701,-8.62765,Unknown,Unknown
Porto,A Brasileira - Pestana Hotel,hotel,41.1469227,-8.6093321,5,Unknown
Porto,Pedra Iberica,hostel,41.1552049,-8.6024781,Unknown,Unknown
Porto,Albergue de peregrinos Nossa Senhora do Rosário de Vilar,hostel,41.1497784,-8.6286336,Unknown,Casa Diocesana de Vilar
Porto,Casa Paraíso,guest_house,41.1575414,-8.6087399,Unknown,Unknown
Porto,Bonjardim 466 - Historical Townhouse,guest_house,41.1503005,-8.6091086,Unknown,Unknown
Porto,Miradouro Vintage Hotel,hotel,41.1557638,-8.602316,Unknown,Unknown
Porto,Breyner House,hostel,41.1515146,-8.6180778,Unknown,Unknown
Porto,Hospedaria Porto,hostel,41.1494451,-8.586439,Unknown,Unknown
Porto,Ibis Hotel São João,hotel,41.1804758,-8.6044345,Unknown,Unknown
Porto,Duas Nações Guest House;Duas Nações,guest_house,41.1478462,-8.6150349,Unknown,Unknown
Porto,Porto Suites de Marquês,hotel,41.1600984,-8.6056185,Unknown,Unknown
Porto,Rachel,guest_house,41.1527495,-8.6103871,Unknown,Unknown
Porto,Unknown,guest_house,41.143133,-8.6167368,Unknown,Unknown
Porto,O2 Hostel,hostel,41.1470469,-8.5965274,Unknown,Unknown
Porto,Albergue de Peregrinos do Porto,hostel,41.159781,-8.6207432,Unknown,Misericórdia do Porto
Porto,World Music Hostel,hostel,41.1413548,-8.6141675,Unknown,Unknown
Porto,Gran Cruz House,guest_house,41.1406211,-8.6126964,Unknown,Unknown
Porto,Casa do Sol,guest_house,41.1427944,-8.6053917,Unknown,Unknown
Porto,Antas Ville,hostel,41.166388,-8.5902203,Unknown,Unknown
Porto,Being Porto,hostel,41.1426924,-8.6157557,Unknown,Unknown
Porto,Casa dos Lóios by Shiadu,guest_house,41.1448884,-8.6118711,Unknown,Shiadu
Porto,República Prime,guest_house,41.1536449,-8.6135205,Unknown,Unknown
Porto,Feels Like Home,hostel,41.1466983,-8.6071069,Unknown,Unknown
Porto,Sport Hostel Lissabon,hostel,41.1489725,-8.6062003,Unknown,Unknown
Porto,Send Me 2 Portugal,guest_house,41.1449196,-8.6098223,Unknown,Unknown
Porto,Bonfim 234 Townhouse,guest_house,41.1496156,-8.5962321,Unknown,Unknown
Porto,Cats Hostel Porto,hostel,41.144468,-8.6095555,Unknown,Cats Hostel
Porto,Albergue de Peregrinos Srª da Hora,hostel,41.1883459,-8.649721,Unknown,Unknown
Porto,Urban Garden Porto Central Hostel,hostel,41.1510134,-8.6043419,Unknown,Unknown
Porto,Hotel Poveira,hotel,41.1483991,-8.5862898,1,Unknown
Porto,Lis,guest_house,41.1640169,-8.6112302,Unknown,Unknown
Porto,Singular,hotel,41.2386307,-8.6671377,Unknown,Unknown
Porto,Residencial Monte Carlo,guest_house,41.1509322,-8.5978912,Unknown,Unknown
Porto,Boavista Guest House,guest_house,41.1564656,-8.6212144,Unknown,Unknown
Porto,The Passenger - Hostel,hostel,41.145798,-8.6101913,Unknown,Unknown
Porto,Hotel Mercure Gaia,hotel,41.1425617,-8.6377532,Unknown,Unknown
Porto,Hotel Porto Rico,hotel,41.1486992,-8.6122074,Unknown,Unknown
Porto,Hotel Vila Galé Ribeira Porto,hotel,41.1456647,-8.6299658,Unknown,Unknown
Porto,Hotel Aeroporto,hotel,41.2396237,-8.6663301,Unknown,Unknown
Porto,Hotel Residencial Dona Teresa,hotel,41.2305769,-8.5726216,3,Unknown
Porto,Travel & Live Porto Hostel,hostel,41.1504182,-8.6054356,Unknown,Unknown
Porto,Gardenia Porto Guest House,guest_house,41.1823639,-8.582775,Unknown,Unknown
Porto,Santa Catarina,guest_house,41.157204,-8.6044966,Unknown,Unknown
Porto,Green´s apartment,guest_house,41.1572026,-8.6047018,Unknown,Unknown
Porto,Albergue Noturno,guest_house,41.1486216,-8.5872713,Unknown,Unknown
Porto,MyStay Batalha,hotel,41.1456803,-8.6079165,Unknown,Unknown
Porto,Tryp Porto Centro,hotel,41.1571061,-8.6021568,3,Unknown
Porto,Legendary,hotel,41.1456862,-8.6074529,Unknown,Unknown
Porto,Residencial Faria Guimarães,guest_house,41.1589799,-8.6086015,Unknown,Unknown
Porto,Ibis Porto Centro São Bento,hotel,41.1470066,-8.6040617,Unknown,Accor
Porto,Hotel Universal,hotel,41.1472091,-8.6108843,Unknown,Unknown
Porto,Unknown,hotel,41.1567666,-8.5976086,Unknown,Unknown
Porto,LovelyAgu,guest_house,41.1565219,-8.5996021,Unknown,Unknown
Porto,Descobertas,hotel,41.1406411,-8.6134118,4,Unknown
Porto,Messe,hotel,41.1444714,-8.6067203,Unknown,Unknown
Porto,Rua Touristic Apartements,guest_house,41.1438697,-8.6124741,Unknown,Unknown
Porto,Alojamento Local,guest_house,41.1444831,-8.6116632,Unknown,Unknown
Porto,Unknown,guest_house,41.14518,-8.6112969,Unknown,Unknown
Porto,Unknown,guest_house,41.1453001,-8.6112304,Unknown,Unknown
Porto,Unknown,guest_house,41.1455662,-8.6110889,Unknown,Unknown
Porto,Unknown,guest_house,41.1454523,-8.6111472,Unknown,Unknown
Porto,Galerias Fashion Flats,guest_house,41.1474948,-8.6140219,Unknown,"Feel Porto - Alojamento Local e Serviços Turísticos, Lda."
Porto,Alojamento Local - Graça,guest_house,41.1475572,-8.6097917,Unknown,Unknown
Porto,Porto Gaia Guest House,hostel,41.1168865,-8.6047941,Unknown,Unknown
Porto,Maison do Joãozinho,guest_house,41.1408475,-8.6115656,Unknown,Unknown
Porto,Unknown,guest_house,41.1406705,-8.6115294,Unknown,Unknown
Porto,Porto River,hotel,41.1406167,-8.6126145,4,Unknown
Porto,Hospedaria 31 de Janeiro,guest_house,41.1462781,-8.6078184,Unknown,Unknown
Porto,Hotel Privatti,hotel,41.1460848,-8.6072711,3,Unknown
Porto,Secret Hostel,hostel,41.1460474,-8.6099134,Unknown,Unknown
Porto,S. Bento Apartment's,hostel,41.1460368,-8.6091832,Unknown,Unknown
Porto,Loft by Gio Rodrigues,hostel,41.1460603,-8.6090437,Unknown,Unknown
Porto,Porto Sé House,guest_house,41.1433384,-8.6114404,Unknown,Unknown
Porto,Cathedral Deisgn Apartments,hostel,41.1428057,-8.6124154,Unknown,Unknown
Porto,Unknown,hostel,41.1444091,-8.6095644,Unknown,Unknown
Porto,ORM Chã Apartments,hostel,41.1441162,-8.6098799,Unknown,Unknown
Porto,Cats Hostels,hostel,41.1440531,-8.609923,Unknown,Unknown
Porto,AL Batalha,hostel,41.1448184,-8.6077636,Unknown,Unknown
Porto,Rosalma Hostel,hostel,41.1506183,-8.6056566,Unknown,Unknown
Porto,The Bloom House,hostel,41.1506499,-8.6053858,Unknown,Unknown
Porto,My Story Apartments Santa Catarina,guest_house,41.147886,-8.6062978,Unknown,Unknown
Porto,Porto Cynema Apartments,guest_house,41.1462746,-8.6069881,Unknown,Unknown
Porto,Unknown,hostel,41.1448274,-8.608287,Unknown,Unknown
Porto,Nations Porto,hostel,41.1447684,-8.6083624,Unknown,Unknown
Porto,Oportoliving,hostel,41.1447348,-8.6084509,Unknown,Unknown
Porto,Selina Porto,hostel,41.149663,-8.614911,Unknown,Unknown
Porto,Pensão Douro,guest_house,41.146812,-8.616538,Unknown,Unknown
Porto,Residencial Triunfo,guest_house,41.1443899,-8.6086682,Unknown,Unknown
Porto,Porto Trindade Hotel,hotel,41.1530569,-8.6103268,Unknown,Unknown
Porto,Design Palacio Flats,hotel,41.1432976,-8.6088473,Unknown,Unknown
Porto,Eurostars Aliados,hotel,41.1488829,-8.6114525,Unknown,Unknown
Porto,Laurear,guest_house,41.1473916,-8.6125659,Unknown,Unknown
Porto,Eurostars Matosinhos,hotel,41.1811936,-8.693448,Unknown,Unknown
Porto,Casa do Tio,hotel,41.1808136,-8.6856062,Unknown,Unknown
Porto,oporto airport & business hotel,hotel,41.2404496,-8.6596304,4,Unknown
Porto,3K Hotel,hotel,41.239496,-8.6591215,3,Unknown
Porto,BO Fernandes Tomás,hostel,41.1500827,-8.6074386,Unknown,Unknown
Porto,Flowers Downtown,guest_house,41.1455161,-8.620319,Unknown,Unknown
Porto,Porto City House ****,hotel,41.1631914,-8.6497373,Unknown,Unknown
Porto,Happy Porto Hostel & Apartments,hostel,41.1443829,-8.6234043,Unknown,Happy Porto Sociedade Unipessoal Lda
Porto,ABC Hotel - Porto Boavista,hotel,41.1604246,-8.6281647,Unknown,Unknown
Porto,Oporto Music Hostel,hostel,41.1603196,-8.628154,Unknown,Unknown
Porto,Job 1,hostel,41.1547286,-8.6031246,Unknown,Unknown
Porto,Wine,hostel,41.1466948,-8.6170979,Unknown,Unknown
Porto,Cordoaria,guest_house,41.1467539,-8.617243,Unknown,Unknown
Porto,CoolHostel,hostel,41.1479827,-8.6056373,Unknown,Unknown
Porto,S. Francisco,guest_house,41.1798782,-8.6893028,Unknown,Unknown
Porto,Naya Porto,guest_house,41.1627975,-8.6125324,Unknown,Unknown
Porto,Porto Music Guest House,guest_house,41.1580464,-8.630825,Unknown,Unknown
Porto,Boavista Class Inn,guest_house,41.1580969,-8.6311137,Unknown,Unknown
Porto,Hospedaria Boavista,guest_house,41.1588755,-8.6340128,Unknown,Unknown
Porto,Hilton Porto Gaia,hotel,41.1356504,-8.6184619,5,Hilton
Porto,The House,hotel,41.14135,-8.6140394,Unknown,Unknown
Porto,Portobay Flores,hotel,41.1437327,-8.6141756,Unknown,Unknown
Porto,Porto A.S. 1829 Hotel,hotel,41.1429926,-8.6149134,Unknown,Unknown
Porto,One Shot Aliados Goldsmith 12,hotel,41.1461545,-8.6120622,4,Unknown
Porto,Hotel da Musica ****,hotel,41.1563083,-8.6290865,Unknown,Unknown
Porto,Residencial Vale Formoso,hotel,41.1658947,-8.6121707,Unknown,Unknown
Porto,Predicados do Douro Palace,guest_house,41.148498,-8.624637,Unknown,Unknown
Porto,Pur Oporto Boutique Hotel,hotel,41.1544716,-8.604613,Unknown,Unknown
Porto,Hotel Vitória Village,hotel,41.1449133,-8.6137148,Unknown,Unknown
Porto,S. Bento Residences,hotel,41.1450838,-8.6105804,Unknown,Unknown
Porto,Hotel Porto Castelo Santa Catarina,hotel,41.1582071,-8.604806,Unknown,Unknown
Porto,Girassol,hotel,41.1472586,-8.6088846,Unknown,Unknown
Porto,Eurostarts Porto Centro,hotel,41.1468062,-8.6098342,4,Unknown
Porto,Hotel Peninsular,hotel,41.1464432,-8.6102477,2,Unknown
Porto,Hotel Senhor de Matosinhos,guest_house,41.1833513,-8.6873424,Unknown,Unknown
Porto,Unknown,hostel,41.1499273,-8.6002605,Unknown,Unknown
Porto,Casa das Laranjas,guest_house,41.1494012,-8.6696844,Unknown,Unknown
Porto,ML Formosa Deluxe Rooms,guest_house,41.1473154,-8.6024699,Unknown,Unknown
Porto,Homey,guest_house,41.140415,-8.6139736,Unknown,Unknown
Porto,InPátio,guest_house,41.141945,-8.6143176,Unknown,Unknown
Porto,Riverside Apartments,hostel,41.1402806,-8.6151719,Unknown,Unknown
Porto,Guesthouse Douro,guest_house,41.1403173,-8.6142911,Unknown,Unknown
Porto,Bridge It - Suites & Views,hostel,41.1393956,-8.6074684,Unknown,Unknown
Porto,Unknown,guest_house,41.1633377,-8.6142089,Unknown,Unknown
Porto,Best Guest Hostel,hostel,41.144421,-8.6121559,Unknown,Unknown
Porto,GRANDE HOTEL PARIS,hotel,41.1473086,-8.6127571,Unknown,Unknown
Porto,Hotel América,hotel,41.1551452,-8.6045745,3,Unknown
Porto,STAY HOTEL PORTO CENTRO TRINDADE,hotel,41.1532815,-8.6069054,Unknown,Unknown
Porto,Santa Catarina Appartments,guest_house,41.1525302,-8.6046319,Unknown,Unknown
Porto,Holiday Inn Express,hotel,41.151937,-8.6051168,Unknown,Unknown
Porto,Íbis,hotel,41.1512331,-8.6067315,Unknown,Unknown
Porto,Guest House in Trindade,guest_house,41.1561002,-8.6093779,Unknown,Unknown
Porto,Unknown,hostel,41.1498467,-8.6002953,Unknown,Unknown
Porto,So Cool,hostel,41.1567155,-8.6225459,Unknown,Unknown
Porto,Moov Hotel,hotel,41.1456985,-8.6067444,Unknown,Unknown
Porto,Yotel,hotel,41.1537054,-8.6090374,Unknown,Unknown
Porto,Selina,hotel,41.1496894,-8.6142698,Unknown,Unknown
Porto,Fontinha,hotel,41.1565157,-8.6048643,Unknown,Unknown
Porto,Porto Riad,guest_house,41.1554212,-8.6025029,Unknown,Unknown
Porto,Residencial Sol da Nave,hotel,41.1642698,-8.6111269,Unknown,Unknown
Porto,BJ,guest_house,41.1551624,-8.6075585,Unknown,Unknown
Porto,Almada 643 Apartments,guest_house,41.1531446,-8.612199,Unknown,Unknown
Porto,Hotel Infante de Sagres,hotel,41.1479166,-8.6129294,Unknown,Unknown
Porto,bnapartments Carregal *,hotel,41.1493384,-8.6178038,Unknown,Unknown
Porto,Unknown,hotel,41.1484397,-8.6042978,Unknown,Unknown
Porto,Oh! Porto,hotel,41.1384064,-8.6093061,Unknown,Unknown
Porto,Solar Transmontano - Alojamento Local,guest_house,41.1473955,-8.5868157,Unknown,Unknown
Porto,Métier Boutique Hotel,hotel,41.1596166,-8.6013771,Unknown,Unknown
Porto,Village By Boa,hostel,41.1521315,-8.6083103,Unknown,Unknown
Porto,M2Students Hostel,hostel,41.1532495,-8.6079627,Unknown,Unknown
Porto,Villa Teresa Apartamentos,hotel,41.1361514,-8.615224,Unknown,Unknown
Porto,Portofino,hotel,41.1888835,-8.6250955,Unknown,Unknown
Porto,Invicta Porto,guest_house,41.1556718,-8.6053138,Unknown,Unknown
Porto,Casa Albino Batista,hostel,41.1560795,-8.6218199,Unknown,Unknown
Porto,PortoBay Hotel Teatro,hotel,41.1465953,-8.6092573,4,Unknown
Porto,B the Guest,hotel,41.148611,-8.60756,1,Unknown
Porto,Bolhão Residences,guest_house,41.148205,-8.6071889,Unknown,Unknown
Porto,Mercure,hotel,41.1472244,-8.6096013,4,Unknown
Porto,Nice Way Hostel,hostel,41.1467697,-8.6105773,Unknown,Unknown
Porto,"Arts Hotel Porto, Tapestry Collection by Hilton",hotel,41.1454709,-8.6046095,Unknown,Unknown
Porto,Menina Colina,hotel,41.1463909,-8.6203573,Unknown,Unknown
Porto,Porto Coliseum Hotel,hotel,41.1468796,-8.6057993,3,Unknown
Porto,Ndussole Guesthouse,hostel,41.1494492,-8.588164,Unknown,Unknown
Porto,Cafe hotel linha 22,hotel,41.1458676,-8.6127872,Unknown,Unknown
Porto,Unknown,guest_house,41.1526162,-8.6222196,Unknown,Unknown
Porto,Hotel Borsalino,hotel,41.1608494,-8.597344,Unknown,Unknown
Porto,Hotel Portinari,hotel,41.1828351,-8.5968374,Unknown,Unknown
Porto,Unknown,hostel,41.1498292,-8.6149837,Unknown,Unknown
Porto,Hospedaria Londres,hotel,41.1478253,-8.586459,Unknown,Unknown
Porto,Unknown,hostel,41.1433399,-8.6115728,Unknown,Unknown
Porto,Destilaria Residence,hotel,41.1427272,-8.62995,Unknown,Unknown
Porto,The Rebello - Hotel & Spa,hotel,41.1382536,-8.6210167,Unknown,Unknown
Porto,Leão de Ouro,guest_house,41.1854066,-8.6945497,Unknown,Unknown
Porto,Del Rei,hotel,41.1806137,-8.6894693,Unknown,Unknown
Porto,MyTrip Porto,hotel,41.1805889,-8.6885132,Unknown,Unknown
Porto,Pensão França,guest_house,41.1474809,-8.6157506,Unknown,Unknown
Porto,Porto Downtown,hostel,41.1476314,-8.6143587,Unknown,Unknown
Porto,Porto Clerigus,guest_house,41.1470974,-8.6142645,Unknown,Unknown
Porto,TMJ BeB,guest_house,41.147083,-8.6134742,Unknown,Unknown
Porto,Yes! Porto,hostel,41.145695,-8.6135958,Unknown,Unknown
Porto,Hotel Internacional,hotel,41.1473541,-8.6123263,3,Unknown
Porto,Oporto Lood Studios,guest_house,41.1477016,-8.612094,Unknown,Unknown
Porto,Hotel Aliados,hotel,41.1478198,-8.6117052,Unknown,Unknown
Porto,Hotel Pão de Açúcar,hotel,41.1486945,-8.6120389,Unknown,Unknown
Porto,Hotel Vera Cruz,hotel,41.1492959,-8.6116422,Unknown,Unknown
Porto,PortoSense - Almada,hostel,41.1492595,-8.6121979,Unknown,Unknown
Porto,Porto Lounge Hostel,hostel,41.1495717,-8.6121867,Unknown,Unknown
Porto,Exe Almada Porto,hotel,41.1501582,-8.6122509,Unknown,Unknown
Porto,Almada Guesthouse,guest_house,41.1500598,-8.6121884,Unknown,Unknown
Porto,I Loft Porto,guest_house,41.1488574,-8.612819,Unknown,Unknown
Porto,Wine & Books Porto Hotel,hotel,41.1482983,-8.6148369,Unknown,Unknown
Porto,Hotel S. Marino,hotel,41.1489778,-8.6159168,Unknown,Unknown
Porto,chic&basic Gravity Hotel,hotel,41.1491273,-8.6148186,4,chic&basic hotels
Porto,Oporto Invictus,hostel,41.1497197,-8.6149129,Unknown,Unknown
Porto,Host Wise Office,guest_house,41.1521044,-8.6138632,Unknown,Unknown
Porto,WOT,hotel,41.1500104,-8.614245,Unknown,Unknown
Porto,Hotel Malaposta,hotel,41.1500647,-8.614458,Unknown,Unknown
Porto,PILOT Design Hostel & Bar,hostel,41.1501098,-8.6148865,Unknown,Unknown
Porto,A Portuguesa Guest House,guest_house,41.1508616,-8.6143905,Unknown,Unknown
Porto,MyStay Porto Centro,guest_house,41.1516124,-8.6146355,Unknown,Unknown
Porto,Pensão Nobreza,guest_house,41.1515653,-8.6178907,Unknown,Unknown
Porto,Douro Dreams Guest House,guest_house,41.1514411,-8.6218388,Unknown,Unknown
Porto,Casas do Palácio,guest_house,41.1483276,-8.6241748,Unknown,Unknown
Porto,Oporto Loft,guest_house,41.1481043,-8.6235535,Unknown,Unknown
Porto,Unknown,guest_house,41.1480389,-8.6232587,Unknown,Unknown
Porto,Oporto Serviced Apartments,guest_house,41.1552662,-8.618649,Unknown,Unknown
Porto,BNApartments,guest_house,41.1496989,-8.6241733,Unknown,Unknown
Porto,Portfolio Guest House,guest_house,41.1491756,-8.6208756,Unknown,Unknown
Porto,Eurostars Das Artes,hotel,41.1500724,-8.6208706,4,Eurostars
Porto,Lusitana Hotel,hotel,41.1505362,-8.6211747,Unknown,Unknown
Porto,Unknown,guest_house,41.1486944,-8.6179548,Unknown,Unknown
Porto,Home17,guest_house,41.1487887,-8.6179248,Unknown,Unknown
Porto,C.Hóspedes Miguel Bombarda,guest_house,41.1501445,-8.6176388,Unknown,Unknown
Porto,Gallery Hostel,hostel,41.1498825,-8.6195661,Unknown,Unknown
Porto,Pensão Favorita,hostel,41.149688,-8.6201037,Unknown,Unknown
Porto,Casa Antiga,guest_house,41.1496329,-8.621508,Unknown,Unknown
Porto,Ayres Gouvea House,guest_house,41.1468689,-8.6205312,Unknown,Unknown
Porto,Eurostars Heroismo,hotel,41.1462145,-8.5934709,4,Unknown
Porto,EXE Essencia Oporto Hotel,hotel,41.1529209,-8.6228092,Unknown,Unknown
Porto,Hotel das Virtudes,hotel,41.143749,-8.6196641,Unknown,Unknown
Porto,Charm Garden Almada,guest_house,41.1509512,-8.6118614,Unknown,Unknown
Porto,Almada Apartments,guest_house,41.1512244,-8.6119028,Unknown,Unknown
Porto,Hotel Porto Interface Trindade,hotel,41.1523057,-8.6102626,Unknown,Unknown
Porto,Unknown,guest_house,41.1521467,-8.6108832,Unknown,Unknown
Porto,Unknown,guest_house,41.1523776,-8.6108506,Unknown,Unknown
Porto,Hospedaria Luar,guest_house,41.1522874,-8.6110224,Unknown,Unknown
Porto,Fábrica de Histórias,guest_house,41.1505005,-8.6121839,Unknown,Unknown
Porto,Porto Vintage,guest_house,41.1524634,-8.6119382,Unknown,Unknown
Porto,Unknown,guest_house,41.1525091,-8.6119351,Unknown,Unknown
Porto,Hospedaria São Roque,guest_house,41.1865421,-8.6910252,Unknown,Unknown
Porto,Casa Amarela,guest_house,41.1849864,-8.6903598,Unknown,Unknown
Porto,Decanting Porto House,hostel,41.1488194,-8.6041293,Unknown,Unknown
Porto,Oporto Cosy,hostel,41.1551089,-8.6029338,Unknown,Unknown
Porto,Casas do Teatro,guest_house,41.1438637,-8.6083497,Unknown,Unknown
Porto,AMRO Porto,hostel,41.1740643,-8.6070864,Unknown,Unknown
Porto,Hotel São José,hotel,41.1495249,-8.6039818,Unknown,"Sociedade Hoteleira S. Jóse, Lda"
Porto,Unknown,guest_house,41.1483832,-8.6039159,Unknown,Unknown
Porto,Porto Downtown Living - Picaria Apartments,guest_house,41.1490039,-8.6128945,Unknown,Unknown
Porto,Solar Antigo Porto Aeroporto,hotel,41.2387278,-8.6677965,4,Unknown
Porto,Perafita Yellow House - EcoHost,guest_house,41.2275323,-8.6901065,Unknown,Unknown
Porto,Residencial São Gabriel,guest_house,41.1482955,-8.6039078,Unknown,Unknown
Porto,OceanBreeze Matosinhos - EcoHost,guest_house,41.1787688,-8.690149,Unknown,Ecohost
Porto,Room Select Porto Suites,hotel,41.1537029,-8.6111897,Unknown,Unknown
Porto,room Select Porto,hotel,41.1535097,-8.6127863,Unknown,Unknown
Porto,Casa da Companhia,hotel,41.1439867,-8.6136965,Unknown,Unknown
Porto,Clube Porto Rugby Charming Apartments,guest_house,41.1460539,-8.6083325,Unknown,Unknown
Porto,aDuquesa GuestHouse,guest_house,41.1463936,-8.5973993,Unknown,Unknown
Porto,Unknown,guest_house,41.1753777,-8.6429015,Unknown,Unknown
Porto,Stay Hotel Porto Aeroporto,hotel,41.2359688,-8.6648711,Unknown,Unknown
Porto,Cale,guest_house,41.1428908,-8.6154053,Unknown,Unknown
Porto,Mo House,hotel,41.1424381,-8.616879,Unknown,Unknown
Porto,Porto Brasil Hostel Excellent Location,hostel,41.1486734,-8.5979687,Unknown,Unknown
Porto,Samba,hostel,41.1493194,-8.6119854,Unknown,Unknown
Porto,Porto Nobre,hotel,41.1799741,-8.6136034,Unknown,Unknown
Porto,Maison Azgaw,guest_house,41.1742983,-8.5806278,Unknown,Unknown
Porto,Manor House Porto,hostel,41.1419748,-8.6108017,Unknown,Unknown
Porto,Pensão Mondariz,hostel,41.145185,-8.6079595,Unknown,Unknown
Porto,Tattva Design Apartments,guest_house,41.1433042,-8.6068851,Unknown,Unknown
Porto,Pensão Provinciana,guest_house,41.143271,-8.6067263,Unknown,Unknown
Porto,Pensão Avis,guest_house,41.1455011,-8.6051599,Unknown,Unknown
Porto,Alexandre Herculano Apartments,guest_house,41.1431945,-8.6028482,Unknown,Unknown
Porto,Residencial Porto Madrid,guest_house,41.1431529,-8.6026993,Unknown,Unknown
Porto,Residencial Porto Novo,guest_house,41.1435986,-8.6040141,Unknown,Unknown
Porto,Gold River Apartments,guest_house,41.1443943,-8.6028963,Unknown,Unknown
Porto,Design Oporto Flats,guest_house,41.1442669,-8.6027952,Unknown,Unknown
Porto,Centenary Fontainhas Apartments,guest_house,41.1445866,-8.6029417,Unknown,Unknown
Porto,Magnolia Porto Hostel,hostel,41.1453292,-8.6036302,Unknown,Unknown
Porto,Residencial Lunar,guest_house,41.1444797,-8.6046001,Unknown,Unknown
Porto,Residencial Henrique VIII,guest_house,41.1443624,-8.6046552,Unknown,Unknown
Porto,12 Short Term,guest_house,41.144422,-8.604913,Unknown,Unknown
Porto,6 Only,guest_house,41.1445199,-8.6048623,Unknown,Unknown
Porto,Easy Hotel,hotel,41.1442349,-8.6051177,Unknown,Unknown
Porto,Oporto Trendy Appartments,guest_house,41.1484351,-8.6028602,Unknown,Unknown
Porto,Hospedaria Formosa,guest_house,41.1480005,-8.6047085,Unknown,Unknown
Porto,Escondidinho B&B Porto,guest_house,41.1467533,-8.6062889,Unknown,Unknown
Porto,By Bolhão,hostel,41.1492309,-8.6066286,Unknown,Unknown
Porto,Villa Bolhão,hostel,41.1491439,-8.6066757,Unknown,Unknown
Porto,In Porto Gallery,guest_house,41.1494179,-8.6094176,Unknown,Unknown
Porto,The White Box House,guest_house,41.1511872,-8.6053915,Unknown,Unknown
Porto,Residencial Santa Clara,guest_house,41.1514482,-8.6043703,Unknown,Unknown
Porto,Bolhão Appartments,guest_house,41.1496188,-8.606419,Unknown,Unknown
Porto,Hotel do Norte,hotel,41.1496282,-8.6054973,2,Unknown
Porto,Blue Tiles,hostel,41.1505008,-8.6041322,Unknown,Unknown
Porto,Oporto Tourist Apartments,hostel,41.142998,-8.6145791,Unknown,Unknown
Porto,Porto Automatic,hostel,41.1472848,-8.6094285,Unknown,Unknown
Sintra,Pestana Sintra Golf,hotel,38.7627834,-9.3673289,Unknown,Unknown
Sintra,Estoril 7,hotel,38.7402938,-9.3996301,Unknown,Unknown
Sintra,Apartamentos Turísticos Quinta da Vigia,hotel,38.821126,-9.4718401,Unknown,Unknown
Sintra,Hotel Arribas,hotel,38.8171805,-9.4756568,Unknown,Unknown
Sintra,Quinta das Murtas,guest_house,38.7947312,-9.3842913,Unknown,Unknown
Sintra,Unknown,guest_house,38.7983978,-9.3902673,Unknown,Unknown
Sintra,Unknown,guest_house,38.7960029,-9.3901015,Unknown,Unknown
Sintra,Pielas,guest_house,38.8026029,-9.3809752,Unknown,Unknown
Sintra,Sintra Sol,hotel,38.8241539,-9.4675703,Unknown,Unknown
Sintra,Unknown,guest_house,38.8265524,-9.4695665,Unknown,Unknown
Sintra,Nova Sintra,hotel,38.801533,-9.383221,Unknown,Unknown
Sintra,Unknown,guest_house,38.7692046,-9.3844888,Unknown,Unknown
Sintra,The Lodge,guest_house,38.8136279,-9.4702999,Unknown,Unknown
Sintra,Azenhas do Mar Village,hostel,38.8398739,-9.4610724,Unknown,Unknown
Sintra,Pensão Gare,guest_house,38.7974821,-9.3411857,Unknown,Unknown
Sintra,Chalet Saudade,hotel,38.7993804,-9.3867173,Unknown,Unknown
Sintra,Vivenda André,guest_house,38.850193,-9.3329354,Unknown,Unknown
Sintra,alvor,hotel,38.7920242,-9.3499965,Unknown,Unknown
Sintra,Portuguese Hostel,hostel,38.8015129,-9.3827797,Unknown,Unknown
Sintra,Cabra Figa,hostel,38.8891038,-9.3541118,Unknown,Unknown
Sintra,Casa Azul,hostel,38.8029766,-9.3814124,Unknown,Unknown
Sintra,Unknown,hotel,38.7706336,-9.4790494,Unknown,Unknown
Sintra,Guincho Surf Village,hostel,38.7528829,-9.448854,Unknown,Unknown
Sintra,Moby Dick Lounge,hostel,38.7528654,-9.4506752,Unknown,Unknown
Sintra,Azen Cool House,hotel,38.8461194,-9.4530518,Unknown,Unknown
Sintra,Unknown,guest_house,38.8141063,-9.468679,Unknown,Unknown
Sintra,Unknown,guest_house,38.8278203,-9.459684,Unknown,Unknown
Sintra,Casa da Ursa,guest_house,38.7867432,-9.4767647,Unknown,Unknown
Sintra,Casa da Pendoa,guest_house,38.7971686,-9.3916948,Unknown,Unknown
Sintra,São Pedro Guest House,guest_house,38.7912042,-9.3803269,Unknown,São Pedro Guest House
Sintra,Dream Guincho,hotel,38.7550287,-9.4545051,Unknown,Unknown
Sintra,Rosegarden House,guest_house,38.7918735,-9.380917,Unknown,Unknown
Sintra,Comfy Sintra,guest_house,38.7891962,-9.3774321,Unknown,Unknown
Sintra,Hotel Sintra Jardim,hotel,38.7945204,-9.382189,Unknown,Unknown
Sintra,Charm Nature,hotel,38.7751251,-9.4759347,Unknown,Unknown
Sintra,casa Mathilde Sintra,guest_house,38.803927,-9.3804896,Unknown,Unknown
Sintra,Quinto do Cabo Guesthose,guest_house,38.770487,-9.4859125,Unknown,Unknown
Sintra,Lugar Saloio Sintra,guest_house,38.8065207,-9.3369152,Unknown,Unknown
Sintra,Hooked Surf House,hostel,38.7349434,-9.4556341,Unknown,Unknown
Sintra,Lanui,guest_house,38.8015918,-9.3840189,Unknown,Unknown
Sintra,The Five House,guest_house,38.8019225,-9.3869772,Unknown,Unknown
Sintra,Moon Hill,hostel,38.7985937,-9.3885761,Unknown,Unknown
Sintra,Casinha Amarela,guest_house,38.7894444,-9.3788006,Unknown,Unknown
Sintra,Unknown,hostel,38.8190723,-9.4646451,Unknown,Unknown
Sintra,Sintra Small Hostel,hostel,38.7901944,-9.3785014,Unknown,Unknown
Sintra,Pousada de Jovens de Sintra,hostel,38.7988289,-9.3866518,Unknown,Unknown
Sintra,Villa das Rosas,hotel,38.8051457,-9.3798422,Unknown,Unknown
Sintra,Moby Dick Lodge Molares,guest_house,38.8068238,-9.4480388,Unknown,Unknown
Funchal,Quinta da Fonte,hotel,32.6645685,-16.9163994,Unknown,Unknown
Funchal,Hotel Eira Do Serrado,hotel,32.710232,-16.962948,Unknown,Unknown
Funchal,Residencial Funchal,hostel,32.6490613,-16.9036373,Unknown,Unknown
Funchal,Galomar,hotel,32.6416489,-16.8328798,3,Unknown
Funchal,Inn & Art,hotel,32.6416106,-16.8346674,Unknown,Unknown
Funchal,Royal Orchid,hotel,32.6428011,-16.8294526,Unknown,Unknown
Funchal,Rocamar,hotel,32.6422326,-16.8300388,Unknown,Unknown
Funchal,Vila Vicencia,hotel,32.638567,-16.9302784,Unknown,Unknown
Funchal,Hotel Cais de Oliveira,hotel,32.6422734,-16.830704,Unknown,Unknown
Funchal,Vila Ventura,guest_house,32.6425373,-16.8306791,Unknown,Unknown
Funchal,Madeira Panorâmico Hotel,hotel,32.6431675,-16.9321457,4,Unknown
Funchal,Pestana Village,hotel,32.6408336,-16.9251062,Unknown,Unknown
Funchal,Pestana Miramar,hotel,32.6416817,-16.9248635,Unknown,Unknown
Funchal,Estrelícia,hotel,32.6401786,-16.9302903,Unknown,Unknown
Funchal,Dom Pedro,hotel,32.6431386,-16.8518121,Unknown,Unknown
Funchal,Vila Lusitânia,hotel,32.6417513,-16.9302406,Unknown,Unknown
Funchal,Golden Residence,hotel,32.6367957,-16.9462819,Unknown,Unknown
Funchal,Quinta Mae dos Homens,hotel,32.6557233,-16.8973126,Unknown,Unknown
Funchal,Vila Camacho,hotel,32.6439586,-16.9299941,Unknown,Unknown
Funchal,Sirius,hotel,32.6507171,-16.9060731,2,Unknown
Funchal,Hotel Alto Lido,hotel,32.6383436,-16.936137,4,Unknown
Funchal,The Vine Hotel,hotel,32.6476752,-16.9134195,5,Unknown
Funchal,Avenue Park,hotel,32.6454351,-16.9167318,Unknown,Unknown
Funchal,NEXT Savoy Signature,hotel,32.642591,-16.9195539,Unknown,Unknown
Funchal,Aparthotel Imperatriz,hotel,32.6440568,-16.9182948,Unknown,Unknown
Funchal,Quinta da Penha de França,hotel,32.643059,-16.918473,Unknown,Unknown
Funchal,Girassol,hotel,32.6387025,-16.9292471,Unknown,Unknown
Funchal,Residencial Americana,hotel,32.649038,-16.9075728,Unknown,Unknown
Funchal,Residencial Chafariz,hotel,32.6489325,-16.9079787,Unknown,Unknown
Funchal,Baía Azul,hotel,32.636363,-16.9397552,4,Unknown
Funchal,Duas Torres,hotel,32.6348824,-16.9422289,3,Unknown
Funchal,Tiles,hotel,32.6377814,-16.9305801,3,Unknown
Funchal,Porto Mare,hotel,32.637669,-16.9326246,4,Unknown
Funchal,Suite Hotel Eden Mar Madeira,hotel,32.6375698,-16.9316156,Unknown,Unknown
Funchal,The Residence,hotel,32.6368643,-16.9329845,Unknown,Unknown
Funchal,Casa do Papagaio Verde,guest_house,32.6465797,-16.9501351,Unknown,Unknown
Funchal,Quintinha São João Hotel & Spa,hotel,32.6482644,-16.9200882,5,Unknown
Funchal,Madeira Bright Star,hotel,32.6431199,-16.9181247,Unknown,Unknown
Funchal,hotel madeira,hotel,32.6480419,-16.9123554,Unknown,Unknown
Funchal,Unknown,hotel,32.6410264,-16.9241466,Unknown,Unknown
Funchal,Quinta da Casa Branca,hotel,32.6419421,-16.9270683,Unknown,Unknown
Funchal,TUI BLUE Madeira Gardens,hotel,32.641835,-16.9289079,Unknown,Unknown
Funchal,Residencial Pina,hotel,32.6553853,-16.9078995,Unknown,Unknown
Funchal,arts in,hotel,32.6512636,-16.897627,Unknown,Unknown
Funchal,Ribeiro Frio Cottage,guest_house,32.730432,-16.889953,Unknown,Unknown
Funchal,Regency Cliff,hotel,32.6352432,-16.94075,4,Unknown
Funchal,Penha França Mar,hotel,32.6418158,-16.9183167,Unknown,Unknown
Funchal,Molhe Apartments-Pina,hotel,32.6549022,-16.9055694,Unknown,Unknown
Funchal,Vila Marta - Apartamentos Turísticos,hotel,32.6469282,-16.9448208,Unknown,Unknown
Funchal,Mirasol Pensão Residencial,hotel,32.6484144,-16.8989016,Unknown,Unknown
Funchal,Santa Maria,hostel,32.6479831,-16.9011294,Unknown,Unknown
Funchal,Apartamentos da Carreira,guest_house,32.6487016,-16.9119871,Unknown,Unknown
Funchal,Castanheiro Boutique Hotel,hotel,32.6498041,-16.9102385,Unknown,Unknown
Funchal,Pensão Astoria,hotel,32.6485227,-16.9076574,Unknown,Unknown
Funchal,Hotel Orquídea,hotel,32.6515498,-16.9096058,Unknown,Unknown
Funchal,Cantinho das Bananas,guest_house,32.6559965,-16.9313528,Unknown,Unknown
Funchal,Residencial Queimada de Baixo,hotel,32.6488821,-16.9081234,Unknown,Unknown
Funchal,Alpino Atlântico,hotel,32.64203,-16.8366983,4,Unknown
Funchal,The Views Oásis,hotel,32.6462392,-16.8255647,Unknown,Unknown
Funchal,Hotel Riu Madeira,hotel,32.6460287,-16.8269974,4,RIU Hotels & Resorts
Funchal,Villa Opuntia,hotel,32.6419669,-16.8385168,Unknown,Unknown
Funchal,Hotel Windsor,hotel,32.6506517,-16.905848,Unknown,Unknown
Funchal,Caju Le Petit Hotel,hotel,32.648894,-16.9118049,4,Unknown
Funchal,Turim Santa Maria Hotel,hotel,32.6510626,-16.9034758,Unknown,Unknown
Funchal,Monte Verde,hotel,32.6410902,-16.9283468,Unknown,Unknown
Funchal,Vila Afonso,hotel,32.6640591,-16.9796839,Unknown,Unknown
Funchal,Funchal Design Hotel,hotel,32.6489216,-16.9149251,4,Unknown
Funchal,Sé Boutique Hotel,hotel,32.6484863,-16.9072858,Unknown,Unknown
Funchal,Hotel do Carmo,hotel,32.6508873,-16.9044931,Unknown,Unknown
Funchal,Casa Velha do Palheiro,hotel,32.6580699,-16.8673664,5,Unknown
Funchal,A Casa do Lado,hotel,32.6481416,-16.9029476,Unknown,Unknown
Funchal,Unknown,guest_house,32.6481343,-16.9028269,Unknown,Unknown
Funchal,Pestana Churchill Bay - Reception,hotel,32.6480912,-16.9754876,Unknown,Unknown
Funchal,Madeira Hostel 29,hostel,32.6509598,-16.9103219,Unknown,Unknown
Funchal,Savoy Palace,hotel,32.6436494,-16.9204986,5,Unknown
Funchal,Three House Hotel,hotel,32.6497833,-16.9034576,Unknown,Unknown
Funchal,Stay inn Funchal,hostel,32.6505842,-16.9045683,Unknown,Unknown
Funchal,Bio Hotel Quinta da Serra,hotel,32.6939717,-16.9950348,5,Unknown
Funchal,Jaca Hostel Funchal,hostel,32.6506378,-16.9095997,Unknown,Unknown
Funchal,Pestana Fisherman Village,hotel,32.6486013,-16.9756555,Unknown,Unknown
Funchal,Buganvilia Studio,hotel,32.6397851,-16.9300947,Unknown,Unknown
Funchal,Villa São Tiago,guest_house,32.6475689,-16.8967228,Unknown,Unknown
Funchal,Unknown,hotel,32.644207,-16.9290479,Unknown,Unknown
Funchal,Villa Camélia Boutique House,hotel,32.6772465,-16.8494941,Unknown,Unknown
Funchal,Hospedaria Pôr do Sol – Bed & Breakfast,hostel,32.6479407,-16.9181341,Unknown,Unknown
Funchal,Casa Velha Do Palheiro - Relais & Châteaux,hotel,32.6582136,-16.8671904,Unknown,Unknown
Funchal,Residencial do Vale,guest_house,32.655396,-16.9070032,Unknown,Unknown
Funchal,Residencial da Mariazinha,hotel,32.6479691,-16.9009843,2,Unknown
Funchal,Quinta de Santa Luzia,hotel,32.6580247,-16.9074059,Unknown,Unknown
Funchal,7m Boutique Hotel,hotel,32.6374833,-16.9426064,Unknown,Unknown
Funchal,Villa Helena Crystal Apt,hotel,32.6439536,-16.8316047,Unknown,Unknown
Coimbra,Residencial Botânico,hotel,40.2029119,-8.4190872,Unknown,Unknown
Coimbra,Casa Pombal,guest_house,40.210231,-8.4261855,Unknown,Unknown
Coimbra,Tivoli Coimbra: City Center Hotel,hotel,40.2142791,-8.4334191,Unknown,Unknown
Coimbra,Alojamento Local Duarte's,guest_house,40.2073125,-8.4204525,Unknown,Unknown
Coimbra,Hotel Avenida,hotel,40.2066454,-8.4286035,Unknown,Unknown
Coimbra,Pharmacia Guesthouse,guest_house,40.2082312,-8.4290724,Unknown,Unknown
Coimbra,Residencial Aviz,hostel,40.2099141,-8.4315629,Unknown,Unknown
Coimbra,Residência Lusa Atenas,hotel,40.2100022,-8.4316112,Unknown,Unknown
Coimbra,Residência International,hotel,40.2085536,-8.4315682,Unknown,Unknown
Coimbra,RiverSuites,hotel,40.2038133,-8.4334379,Unknown,Unknown
Coimbra,Residencial Gouveia,hotel,40.2129135,-8.4314006,Unknown,Unknown
Coimbra,NS Hostel & Suites,hostel,40.2100481,-8.4189093,Unknown,Unknown
Coimbra,Casa Morais,guest_house,40.2658384,-8.4443143,Unknown,Unknown
Coimbra,Casa da Alta,hotel,40.2129474,-8.4214302,Unknown,Unknown
Coimbra,Quebra Luz,guest_house,40.2088294,-8.4280799,Unknown,Unknown
Coimbra,Pensão Residencial Antunes,hotel,40.2074277,-8.4205567,Unknown,Unknown
Coimbra,Coimbra Portagem Hostel,hostel,40.2070759,-8.4290298,Unknown,Unknown
Coimbra,Guest House Santa Clara,guest_house,40.2032844,-8.4337286,Unknown,Unknown
Coimbra,Albergue de Peregrinos Cernache,hostel,40.1377478,-8.4698139,Unknown,Unknown
Coimbra,Jantesta Guest House,guest_house,40.1682571,-8.4549612,Unknown,Unknown
Coimbra,Pensão Santa Cruz,guest_house,40.2108885,-8.4294009,Unknown,Unknown
Coimbra,Residência Paris,guest_house,40.2082911,-8.4308408,Unknown,Unknown
Coimbra,Change the World Hostel,hostel,40.208621,-8.4285269,Unknown,Unknown
Coimbra,Solar Antigo,guest_house,40.2105389,-8.426023,Unknown,Unknown
Coimbra,Solar Antigo,guest_house,40.210626,-8.4260168,Unknown,Unknown
Coimbra,Hotel Larbelo,guest_house,40.207388,-8.4291343,Unknown,Unknown
Coimbra,Residencial Moeda,guest_house,40.2105637,-8.4307179,Unknown,Unknown
Coimbra,Top,hotel,40.2103637,-8.4207208,Unknown,Unknown
Coimbra,Residência Ideal,guest_house,40.2104983,-8.4308424,Unknown,Unknown
Coimbra,Pensão Residencial Alentejana,guest_house,40.211447,-8.4140672,Unknown,Unknown
Coimbra,Hotel Domus,hotel,40.2092888,-8.4308863,1,Unknown
Coimbra,República Guest House,guest_house,40.2097653,-8.4214568,Unknown,Unknown
Coimbra,Vinum Apartamentos,guest_house,40.210731,-8.4285468,Unknown,Unknown
Braga,Mãe D'Água,hotel,41.5521075,-8.3752099,Unknown,Unknown
Braga,Castelo do Bom Jesus,hotel,41.5578718,-8.3765008,Unknown,Unknown
Braga,Hotel rural Alves,hotel,41.4863413,-8.4338941,Unknown,Unknown
Braga,Bom Sucesso,hotel,41.5975208,-8.4654814,2,Unknown
Braga,Casa do Carvalhal - Agro Turismo,hotel,41.6168887,-8.3952949,Unknown,Unknown
Braga,Albergaria da Sé,guest_house,41.5492598,-8.4272636,Unknown,Unknown
Braga,Hotel Bracara Augusta,hotel,41.5513025,-8.4196881,Unknown,Unknown
Braga,Hotel Senhora-a-Branca,hotel,41.5521478,-8.4166369,3,Unknown
Braga,Truthostel,hostel,41.5506759,-8.4224274,Unknown,Unknown
Braga,BRAGATRUTHOTEL**,hotel,41.5501572,-8.4238437,Unknown,Unknown
Braga,Moon & Sun Hotel,hotel,41.5518245,-8.4242648,Unknown,Unknown
Braga,Quinta Vale do Homem,guest_house,41.6302941,-8.4129621,Unknown,Unknown
Braga,Hotel Dom Vilas,hotel,41.5426587,-8.4237013,Unknown,Unknown
Braga,Agroturismo Quinta Dom José,guest_house,41.6208649,-8.4742514,Unknown,Unknown
Braga,Collector's Hostel,hostel,41.5503796,-8.4252906,Unknown,Unknown
Braga,Residencial Satélite,hotel,41.5341273,-8.4403728,Unknown,Unknown
Braga,Quinta de Vilaça,guest_house,41.5177352,-8.4822322,Unknown,Unknown
Braga,Albergue de Peregrinos Casa da Roda,hostel,41.5500851,-8.4263655,Unknown,Centro de Acolhimento e Formação de Jovens em Caminhada
Braga,Braga Historic Center Hostel,hostel,41.550763,-8.4287949,Unknown,Unknown
Braga,Hostel In Braga,hostel,41.5517807,-8.4301789,Unknown,Unknown
Braga,Hotel do Templo,hotel,41.5541429,-8.3772631,Unknown,Unknown
Braga,Hotel do Lago,hotel,41.5545626,-8.3742272,Unknown,Unknown
Braga,Hotel do Elevador,hotel,41.5556998,-8.3776153,Unknown,Unknown
Braga,Hotel do Parque,hotel,41.5556597,-8.3766175,Unknown,Unknown
Braga,Hotel Vila Galé Collection Braga,hotel,41.5489024,-8.4235369,Unknown,Unknown
Braga,Burgus,hotel,41.5487375,-8.4279143,4,Unknown
Braga,Palatial Suites,hotel,41.5238651,-8.4190272,Unknown,Unknown
Braga,Braga Bells,guest_house,41.5498196,-8.4281139,Unknown,Unknown
Aveiro,Pousada da Torreira,hotel,40.7190716,-8.6986031,Unknown,Unknown
Aveiro,Hotel Azevedo,hotel,40.6113779,-8.7501455,Unknown,Unknown
Aveiro,Hospedaria 5 Bicas,guest_house,40.6379161,-8.6509508,Unknown,Unknown
Aveiro,Hotel das Salinas,hotel,40.6404725,-8.6568275,Unknown,Unknown
Aveiro,Hotel Barra,hotel,40.6432994,-8.7463523,3,Unknown
Aveiro,Dormidas Ferro,guest_house,40.6425435,-8.6545027,Unknown,Unknown
Aveiro,Hotel AveiroCenter,hotel,40.6398558,-8.6554971,Unknown,Unknown
Aveiro,Mar e Sol,guest_house,40.640852,-8.7469495,Unknown,Unknown
Aveiro,Residencial Palmeira,guest_house,40.642814,-8.653863,Unknown,Unknown
Aveiro,Tropicalia,guest_house,40.6405853,-8.7469443,Unknown,Unknown
Aveiro,Hospedaria dos Arcos,guest_house,40.6419467,-8.6536546,Unknown,Unknown
Aveiro,Rossio,hostel,40.6427014,-8.6565414,Unknown,Unknown
Aveiro,Residencial Ferro,hostel,40.6423103,-8.6543859,Unknown,Unknown
Aveiro,Solar do Alambique,hotel,40.6749161,-8.5596611,Unknown,Unknown
Aveiro,Quinta da Vila Francelina,hotel,40.6655659,-8.5501821,Unknown,Unknown
Aveiro,Hotel João Padeiro,hotel,40.6791386,-8.5940232,Unknown,Unknown
Aveiro,Residencial João Capela,hotel,40.5916155,-8.6194047,Unknown,Unknown
Aveiro,Hotel e Restaurante Jardins da Ria,hotel,40.7186349,-8.7068571,Unknown,Unknown
Aveiro,Residencial Galera,guest_house,40.6023636,-8.6692103,Unknown,Unknown
Aveiro,Residencial Estrela,hostel,40.6416803,-8.6532303,Unknown,Unknown
Aveiro,Residencial José Estêvão,hostel,40.6418159,-8.6533889,Unknown,Unknown
Aveiro,Residencial Beira,hostel,40.6418471,-8.6532195,Unknown,Unknown
Aveiro,Hospedaria dos Arcos,hostel,40.6421704,-8.6532913,Unknown,Unknown
Aveiro,Residencial Palmeira,hostel,40.6429929,-8.6539544,2,Unknown
Aveiro,Pensão Brasileira,hostel,40.6422325,-8.6548607,Unknown,Unknown
Aveiro,SaberAmar City & Ria,guest_house,40.6432692,-8.6574363,Unknown,Unknown
Aveiro,OC Salon Charm Hostel & Suites,hostel,40.6393747,-8.653659,Unknown,Unknown
Aveiro,Peters Guesthouse,guest_house,40.6425116,-8.650679,Unknown,Unknown
Aveiro,Aveiro Guest House,guest_house,40.6429623,-8.6494693,Unknown,Nico
Aveiro,Aveiro Inn,guest_house,40.6354297,-8.651304,Unknown,Unknown
Aveiro,Aveiro Mizu,guest_house,40.6454179,-8.6535152,Unknown,Unknown
Aveiro,Baga de Sal Wine Guesthouse,guest_house,40.6435332,-8.650703,Unknown,Unknown
Aveiro,Residencial Santa Joana,guest_house,40.6442076,-8.6416081,Unknown,Unknown
Aveiro,Tricana de Aveiro - Alojamento,guest_house,40.6442048,-8.641313,Unknown,Unknown
Aveiro,Unknown,hostel,40.6440959,-8.6418349,Unknown,Unknown
Aveiro,Dona Dolores House,guest_house,40.6439791,-8.6424278,Unknown,Unknown
Aveiro,Residencial S. Sebastião,guest_house,40.6295278,-8.6478113,Unknown,Unknown
Nazaré,Residência Praia Norte,hotel,39.6088741,-9.073438,Unknown,Unknown
Nazaré,Mar Bravo,hotel,39.6015318,-9.0736823,3,Unknown
Nazaré,Hotel da Nazaré,hotel,39.601613,-9.070884,3,Unknown
Nazaré,Central,hostel,39.6018012,-9.0713059,Unknown,Unknown
Nazaré,Hotel Cubata,hotel,39.6024432,-9.074002,2,Unknown
Nazaré,Residencial Promontório,hostel,39.6017877,-9.071996,Unknown,Unknown
Nazaré,Hotel Praia,hotel,39.5989425,-9.0708451,4,Unknown
Nazaré,Pensão Nazarense,hostel,39.6015592,-9.0717969,Unknown,Unknown
Nazaré,Oceano,hotel,39.5991227,-9.0723011,Unknown,Unknown
Nazaré,Quinta do Cidral,hostel,39.554108,-8.9888575,Unknown,Unknown
Nazaré,Quinta do Pinheiro,hotel,39.5850491,-8.9917346,Unknown,Unknown
Nazaré,Lab Hostel - Bed & Waves,hostel,39.6015279,-9.0723576,Unknown,Unknown
Nazaré,The Hostel of Alcobaça - B&B,hotel,39.5467728,-8.9835184,3,George Vieira
Nazaré,Hotel Magic,hotel,39.601567,-9.0714078,Unknown,Unknown
Nazaré,Casa do Quico,guest_house,39.6017324,-9.0686854,Unknown,Unknown
Nazaré,Hotel Maré,hotel,39.6017247,-9.0723917,3,Unknown
Nazaré,Hotel Ribamar,hotel,39.6014104,-9.073712,1,Unknown
Nazaré,Hotel Âncora Mar,hotel,39.5995213,-9.0704099,2,Unknown
Nazaré,Pátio Abílio,hostel,39.5993707,-9.069568,Unknown,Unknown
Nazaré,Vilas Maré Residence,guest_house,39.6056802,-9.0686836,3,Unknown
Nazaré,Vilas Maré,guest_house,39.6053962,-9.0692471,3,Unknown
Nazaré,Antigo Casino do Sítio,guest_house,39.6055354,-9.0757717,Unknown,Unknown
Nazaré,Hospedaria Ideal,guest_house,39.6012216,-9.0718862,Unknown,Unknown
Nazaré,Vila Turistica,guest_house,39.6024334,-9.069691,Unknown,Unknown
Nazaré,Avenida,guest_house,39.5986318,-9.0711537,Unknown,Unknown
Nazaré,Quinta Cabeço da Moita,hotel,39.5672344,-9.0526085,Unknown,Unknown
Nazaré,Solar da Cerca do Mosteiro,hotel,39.5469936,-8.9801244,Unknown,Unknown
Nazaré,Casal do Varatojo,guest_house,39.5932444,-8.9729889,Unknown,Unknown
Nazaré,Tiago & Jorge Guesthouse,guest_house,39.5996213,-9.0690498,Unknown,Unknown
Nazaré,Tipping Point North Beach,guest_house,39.6100732,-9.0761907,Unknown,Unknown
Nazaré,Nazaré Hostel,hostel,39.6034201,-9.0722823,Unknown,Unknown
Nazaré,Casa do Miradouro,guest_house,39.6055871,-9.0721915,Unknown,Unknown
Nazaré,Dimarhouse Apartments,guest_house,39.6054157,-9.072917,Unknown,Unknown
Nazaré,By the Sea,guest_house,39.6019881,-9.0736705,Unknown,Unknown
Nazaré,Casa Romão,hotel,39.5965061,-9.0682814,Unknown,Unknown
Nazaré,Avenida,guest_house,39.5986517,-9.0712777,Unknown,Unknown
Nazaré,Unknown,guest_house,39.5982518,-9.0648702,Unknown,Unknown
Nazaré,Moradia Borda D'Água,hotel,39.598995,-9.0692501,Unknown,Unknown
Nazaré,Villa Vida Nova Villa Rental with Heated Pool,guest_house,39.5381784,-9.1104436,Unknown,Nigel Stringer
Nazaré,Océane,guest_house,39.6078111,-9.0751406,Unknown,Unknown
Nazaré,WEAA,hotel,39.6017773,-9.072099,Unknown,Unknown
Setúbal,Hotel Varandazul,hotel,38.5700748,-8.9038075,2,Unknown
Setúbal,Sport Hotel A Seleção,hotel,38.5228606,-8.8511461,2,Unknown
Setúbal,Aqualuz,hotel,38.491011,-8.9043878,Unknown,Unknown
Setúbal,Luna Esperança Centro Hotel,hotel,38.5233285,-8.8909287,4,Unknown
Setúbal,Hotel Soltroia Foz do Sado,hotel,38.4597209,-8.8571165,3,Unknown
Setúbal,Aranguês,hotel,38.5268192,-8.8854665,3,Unknown
Setúbal,Retiro dos Batudes,guest_house,38.6002931,-8.8965032,Unknown,Unknown
Setúbal,Hotel Casa Palmela,hotel,38.5225023,-8.9454592,Unknown,Unknown
Setúbal,Rio Azul,guest_house,38.5245788,-8.8907157,Unknown,Unknown
Setúbal,Arrabid In Hostel,hostel,38.5243701,-8.8989772,Unknown,Unknown
Setúbal,Adega Hostel Cem Cantos da Serra,hostel,38.5642283,-8.9423781,Unknown,Unknown
Setúbal,Meliá Setúbal,hotel,38.5287424,-8.8898792,Unknown,Unknown
Setúbal,Hostel Urban house,hostel,38.5286575,-8.8988446,Unknown,Unknown
Setúbal,Varandas & Colinas,hostel,38.5242638,-8.8918227,Unknown,Unknown
Setúbal,Day off Suite Hotel,hotel,38.523828,-8.8885856,Unknown,Unknown
Setúbal,Casa da Atalaia,hotel,38.5677208,-8.902069,4,Unknown
Setúbal,Pousada de Palmela,hotel,38.565643,-8.9016664,Unknown,Unknown
Setúbal,Mar e Sol,hotel,38.5211724,-8.9020128,2,Unknown
Setúbal,Rio Art,hotel,38.5227166,-8.8918449,3,Unknown
Setúbal,Hotel Bocage,hotel,38.5235678,-8.8912634,Unknown,Unknown
Faro,Hotel Faro,hotel,37.016393,-7.9349802,4,Unknown
Faro,Unknown,hotel,37.0305222,-7.8495976,Unknown,Unknown
Faro,Casa da Alagoa,hostel,37.0152637,-7.9313599,Unknown,Unknown
Faro,Stay Hotels,hotel,37.0168464,-7.9317246,Unknown,Unknown
Faro,Best Western Hotel Dom Bernardo,hotel,37.0206121,-7.9325552,Unknown,Unknown
Faro,Pensão Bicuar,hostel,37.0249554,-7.840768,Unknown,Unknown
Faro,Faro Lighthouse,guest_house,36.9758075,-7.8660069,Unknown,Unknown
Faro,Sunlight House,hotel,37.0131201,-7.931769,Unknown,Unknown
Faro,São Filipe,hotel,37.0191711,-7.9374863,Unknown,Unknown
Faro,New Hostel,hostel,37.0184578,-7.9392509,Unknown,Unknown
Faro,Algarve Hostel,hostel,37.0170339,-7.9362112,Unknown,Unknown
Faro,Wax Hostel,hostel,37.0072676,-7.9932524,Unknown,Unknown
Faro,Story guesthouse,guest_house,37.0174684,-7.9338622,Unknown,Unknown
Faro,Stork Host,hostel,37.0255988,-7.8412674,Unknown,Unknown
Faro,Hostel do Largo,hotel,37.0183405,-7.9271523,Unknown,Unknown
Faro,Lagunamar,hotel,37.0420419,-8.031783,Unknown,Unknown
Faro,Maria's Rooms,guest_house,37.0518994,-7.9529062,Unknown,Unknown
Faro,Monte da Lua,guest_house,37.0685287,-7.8519335,Unknown,Unknown
Faro,Melaya,hostel,37.0249541,-7.9312417,Unknown,Unknown
Faro,Sleep & Go Faro Airport Guest House,guest_house,37.0241127,-7.9609551,Unknown,Unknown
Faro,Residencial A Doca,guest_house,37.016895,-7.9343708,Unknown,Unknown
Faro,Residencial Avenida,guest_house,37.0175702,-7.9375588,Unknown,Unknown
Faro,Hostellicious,hostel,37.0189855,-7.934757,Unknown,Unknown
Faro,Hotel Afonso III,hotel,37.0203293,-7.9400337,Unknown,Unknown
Faro,Hotel Sol Algarve,hotel,37.0191577,-7.9372656,Unknown,Unknown
Faro,Le Penguin Hostel,hostel,37.0190296,-7.9288191,Unknown,Unknown
Faro,Sítio das Duas Amêndoas,guest_house,37.1035713,-7.9625317,Unknown,Unknown
Faro,3HB Faro,hotel,37.0169008,-7.9326003,Unknown,3HB
Faro,Hotel Alnacir,hotel,37.0225492,-7.9386319,Unknown,Unknown
Faro,Pensão Residencial Oliveira,hostel,37.0193538,-7.9312886,Unknown,Unknown
Faro,Unknown,hotel,37.0176445,-7.9317505,Unknown,Unknown
Faro,Unknown,hostel,37.0271803,-7.9742844,Unknown,Unknown
Faro,Unknown,hostel,37.0158432,-7.9286001,Unknown,Unknown
Faro,Faroway Hostel,hostel,37.0160445,-7.9340365,Unknown,Unknown
Faro,Saudade Guesthouse,guest_house,37.0174085,-7.9359736,Unknown,Unknown
Faro,Tilia Hostel,hostel,37.0190291,-7.9357572,Unknown,Unknown
Faro,Faroway Hostel,hostel,37.0160894,-7.9342127,Unknown,Unknown
Faro,Rialgarve,hotel,37.0353488,-7.9563888,Unknown,Unknown
Faro,Ria terrace,hotel,37.0177834,-7.936502,Unknown,Unknown
Faro,Condomínio Ondas do Mar - Coastal Comfort,hotel,37.0266433,-7.838088,Unknown,Unknown
Faro,Ti' Maria Guest House,guest_house,37.0150174,-7.9319371,Unknown,Unknown
Faro,Pensão Boémia,guest_house,37.0278574,-7.8415497,Unknown,Unknown
Faro,Casa da Madalena Backpackers Hostel,hostel,37.0175334,-7.9367714,Unknown,Unknown
Faro,Aqua Ria Boutique,hotel,37.0163005,-7.9347024,Unknown,Unknown
Faro,Roots,hotel,37.0187722,-7.9378751,Unknown,Unknown
Faro,Âmago - Casa Lenta,guest_house,37.0925891,-7.9442776,Unknown,Unknown
Faro,Formosa Park Apartment Hotel,hotel,37.0381341,-8.0380118,Unknown,JJW Hotels
Faro,Bela Vista,hotel,37.0247681,-7.8424733,Unknown,Unknown
Faro,Alto House,hotel,37.0203385,-7.9208195,Unknown,Unknown
Faro,Casa Analucia,hotel,37.0184005,-7.9357291,Unknown,Unknown
