city,latitude,longitude,temperature,weather,humidity,wind_speed
Madrid,40.4168,-3.7038,11.49,clear sky,68,3.09
Barcelona,41.3851,2.1734,13.67,broken clouds,73,1.54
Seville,37.3886,-5.9823,13.21,overcast clouds,86,2.06
Valencia,39.4699,-0.3763,15.61,overcast clouds,70,1.34
Granada,37.1773,-3.5986,16.81,clear sky,40,3.09
Bilbao,43.263,-2.934,16.67,clear sky,51,6.17
Málaga,36.7213,-4.421,17.08,broken clouds,76,1.79
Santiago de Compostela,42.8782,-8.5448,14.18,scattered clouds,62,4.63
San Sebastián,43.3183,-1.9812,17.83,clear sky,46,5.36
Toledo,39.8628,-4.0273,16.06,overcast clouds,48,0.47
