city,name,type,latitude,longitude,elevation
Madrid,La Atalaya,peak,40.377684,-3.6865826,Unknown
Madrid,Montaña de los gatos,peak,40.421101,-3.6805487,Unknown
Madrid,Cerro de Morán,peak,40.4344813,-3.7483318,654
Madrid,Cerro Almodóvar,peak,40.386166,-3.5980546,Unknown
Madrid,Cerro de Garabitas,peak,40.4344943,-3.7564977,675
Madrid,Parque de la Arganzuela,park,40.3975231,-3.709052,Unknown
Madrid,Cerro de los Locos o de las Balas,peak,40.454343,-3.7240689,Unknown
Madrid,Alto del Mojón,peak,40.4563413,-3.7189696,Unknown
Madrid,Mirador del Parque Lineal del Manzanares,peak,40.3729749,-3.6853678,Unknown
Madrid,Cerro de la Sartén,peak,40.4226827,-3.735278,621
Madrid,Cerro de las Figuras,peak,40.4237695,-3.7428369,633
Madrid,Cerro de las Ánimas,peak,40.4240844,-3.7550823,660
Madrid,Unknown,peak,40.4182038,-3.7460761,608
Madrid,Unknown,peak,40.4197898,-3.7434219,634.6
Madrid,Unknown,peak,40.4196524,-3.7455817,640
Madrid,Unknown,peak,40.4208273,-3.7492374,650
Madrid,Unknown,peak,40.4216031,-3.7415823,638
Madrid,Unknown,peak,40.4216077,-3.733312,610
Madrid,Unknown,peak,40.4239689,-3.7385263,626
Madrid,Unknown,peak,40.4243827,-3.7477919,645
Madrid,Unknown,peak,40.4248554,-3.7369937,615
Madrid,Unknown,peak,40.425592,-3.7510998,658
Madrid,Unknown,peak,40.425807,-3.7333891,590
Madrid,Unknown,peak,40.4260286,-3.7375759,590
Madrid,Unknown,peak,40.427588,-3.7401826,617
Madrid,Cerro de las Canteras,peak,40.4290134,-3.7434984,643
Madrid,Unknown,peak,40.4296364,-3.7400117,621
Madrid,Unknown,peak,40.4218574,-3.7802095,690
Madrid,Unknown,peak,40.4287833,-3.7712141,665
Madrid,Unknown,peak,40.44404,-3.7705202,651
Madrid,Parque Estafeta,park,40.3745717,-3.6942495,Unknown
Madrid,Cerro de San Isidro,peak,40.4007093,-3.7246482,Unknown
Madrid,Microjardín Huerta del Bayo,park,40.4080349,-3.7053287,Unknown
Madrid,00 Calle Doctor Fourquet Campana,park,40.4073709,-3.6980903,Unknown
Madrid,La Sanchita,park,40.3901416,-3.6963721,Unknown
Madrid,Unknown,park,40.4671495,-3.6498363,Unknown
Madrid,Zona para Cometas,park,40.3758923,-3.7280309,Unknown
Madrid,Cerro de la Mica,peak,40.3993267,-3.7411123,651
Madrid,Unknown,park,40.3561959,-3.6805887,Unknown
Madrid,Unknown,peak,40.4123744,-3.777109,673
Madrid,Unknown,peak,40.4174442,-3.7748536,656
Madrid,Cerro del Espinillo,peak,40.4067531,-3.7711323,669
Madrid,Unknown,peak,40.4061061,-3.7737003,661
Madrid,Unknown,peak,40.4053547,-3.7758552,663
Madrid,Plaza del Picadero,park,40.4216012,-3.7420099,Unknown
Madrid,Unknown,peak,40.4386884,-3.7464069,609
Madrid,Unknown,peak,40.4338323,-3.7509126,639
Madrid,Unknown,peak,40.4422183,-3.754456,608
Madrid,Unknown,peak,40.448381,-3.7620049,628
Madrid,Unknown,peak,40.4363588,-3.7658871,641
Madrid,Unknown,peak,40.4249307,-3.7706588,661
Madrid,Unknown,peak,40.4257989,-3.7726886,658
Madrid,Unknown,peak,40.4005914,-3.7643652,653
Madrid,Unknown,peak,40.4092508,-3.7594286,629
Madrid,Unknown,peak,40.4177728,-3.7491468,630
Madrid,Unknown,peak,40.4358719,-3.7412667,689
Madrid,Unknown,peak,40.4200945,-3.7334085,601
Madrid,Unknown,peak,40.4176585,-3.742731,605
Madrid,Unknown,peak,40.4165966,-3.7473766,613
Madrid,Unknown,peak,40.4160352,-3.7459998,611
Madrid,Unknown,peak,40.4157998,-3.7531229,616
Madrid,Unknown,peak,40.416087,-3.7561744,632
Madrid,Unknown,peak,40.4167676,-3.7601686,642
Madrid,Unknown,peak,40.4160611,-3.7655202,635
Madrid,Unknown,peak,40.4163397,-3.7805552,675
Madrid,Unknown,peak,40.4085296,-3.7615318,626
Madrid,Unknown,peak,40.4088564,-3.7603517,629
Madrid,Unknown,peak,40.3834725,-3.5998688,724
Madrid,Parque Infantil Blas de Otero,park,40.4652014,-3.7183771,Unknown
Barcelona,Turó de Collserola,peak,41.4219439,2.1350955,287.39
Barcelona,Turó de Miralluna,peak,41.4274271,2.1154153,476.2
Barcelona,Turó del Puig,peak,41.4283167,2.1095598,475
Barcelona,Turó del Penitent,peak,41.4301634,2.0991977,412.84
Barcelona,Turó dels Mussols,peak,41.4233982,2.1068238,379
Barcelona,Turó d'en Ferrer,peak,41.4211089,2.1063287,354.19
Barcelona,Turó de Sant Cebrià,peak,41.4360793,2.128869,438.8
Barcelona,Turó de Santa Maria,peak,41.4338771,2.1280736,445.8
Barcelona,Turó del Maltall de Magarola,peak,41.442154,2.1296882,430.3
Barcelona,Turó de Valldaura,peak,41.444688,2.1328071,422.4
Barcelona,Turó del Trac,peak,41.4428138,2.1363628,368.2
Barcelona,Sant Pere Màrtir,peak,41.3934503,2.0981102,389
Barcelona,Turó de Mont,peak,41.417537,2.1128509,440
Barcelona,Turó de la Peira,peak,41.4327916,2.1655021,138
Barcelona,Turó d'en Corts,peak,41.4051603,2.1018001,390
Barcelona,Turó de la Rovira,peak,41.4192618,2.1615417,262
Barcelona,el Tibidabo,peak,41.4223678,2.118914,512
Barcelona,Penya del Moro,peak,41.3969129,2.0687697,274.7
Barcelona,Unknown,peak,41.4163167,2.1528356,210.5
Barcelona,Mont Tàber,peak,41.3833619,2.1771643,16.9
Barcelona,Turó de Can Cerdà,peak,41.4594835,2.1351412,295.3
Barcelona,Turó de Monterols,peak,41.4021629,2.1407851,127
Barcelona,Turó de Roquetes,peak,41.4513105,2.1702851,304.1
Barcelona,Turó de la Coscollera,peak,41.4029224,2.0778934,360
Barcelona,Turó de Quatre Pins,peak,41.4736259,2.1705415,179
Barcelona,Turó de l'Espiral,peak,41.4641125,2.2217607,128.4
Barcelona,Turó de Sant Adjutori,peak,41.4563757,2.1182134,264.9
Barcelona,Turó Rodó,peak,41.4029961,2.074841,353
Barcelona,Muntanya Pelada,peak,41.4017069,2.103176,358
Barcelona,Coll del Portell,peak,41.3974818,2.1001918,337
Barcelona,Turó d'en Gras,peak,41.4498159,2.1552856,286.0
Barcelona,Turó Sul,peak,41.4503244,2.161047,280.3
Barcelona,Turó Blau,peak,41.4515626,2.1655216,309.9
Barcelona,Turó d'en Segarra,peak,41.4498204,2.1642029,326.1
Barcelona,Turó del Mallol,peak,41.4401546,2.0991112,352.0
Barcelona,Turó de Sant Medir,peak,41.446468,2.1248433,353.8
Barcelona,Turó de l'Alzinar,peak,41.4233118,2.0801715,398.7
Barcelona,Turó d'en Balasc,peak,41.4321303,2.0721149,293.7
Barcelona,Turó del Fumet,peak,41.4386339,2.087332,357.4
Barcelona,Turó d'en Serra,peak,41.4183126,2.0628277,396.0
Barcelona,Turó de Can Mallol,peak,41.41889,2.0707191,408.8
Barcelona,Turó de la Peça,peak,41.4164992,2.074788,432.6
Barcelona,Turó de Castellví,peak,41.4181519,2.0865578,461.0
Barcelona,Unknown,peak,41.4328657,2.1309591,436.4
Barcelona,Puig Castellar,peak,41.4702938,2.2065591,303.0
Barcelona,Turó del Temple,peak,41.3892605,2.0895305,262
Barcelona,Turó d'en Ramoneda,peak,41.3859993,2.0837438,197
Barcelona,Turó del Carmel,peak,41.4183478,2.1532733,266
Barcelona,Turó de la Creueta del Coll,peak,41.4198731,2.1468881,246
Barcelona,Turó de les Tres Creus,peak,41.4124084,2.1511434,185
Barcelona,Turó del Putxet,peak,41.4088341,2.1418596,183
Barcelona,Turó de Modolell,peak,41.3998685,2.1390857,108
Barcelona,Turó alt d'en Solanes,peak,41.399581,2.0757414,257.62
Barcelona,Turó de la Tina,peak,41.3974581,2.0906556,251.6
Barcelona,Turó d'en Merlès,peak,41.4093904,2.0840672,416.7
Barcelona,Turó de la Qüestió,peak,41.410774,2.0766277,364.06
Barcelona,Turó de la Font Groga,peak,41.4329593,2.1282941,448.41
Barcelona,Turó de Llevallol,peak,41.4120201,2.0908078,395.5
Barcelona,Montjuïc,peak,41.3631512,2.1656148,177
Barcelona,Turó d'en Fotja,peak,41.4479564,2.14505,349.27
Barcelona,Turó de la Qüestió,peak,41.4619097,2.1657821,192.42
Barcelona,Turó de la Guinardera,peak,41.4632372,2.1987663,195.40
Seville,Cerro Blanco,peak,37.4126564,-6.0446194,126
Seville,Cerro de Santa Brígida,peak,37.4115754,-6.0418965,115
Seville,"Aula de la Naturaleza ""Laguna Fuente del Rey""",park,37.3100847,-5.9798201,Unknown
Seville,Cerro de El Carambolo,peak,37.3928192,-6.0376441,87
Seville,Unknown,park,37.4118177,-6.0735846,Unknown
Seville,Unknown,park,37.3733844,-6.0475124,Unknown
Seville,Unknown,park,37.4028973,-5.9273227,Unknown
Seville,Unknown,park,37.4030439,-5.9269095,Unknown
Seville,Plaza Doctor Andreu Urra,park,37.3845854,-5.9556492,Unknown
Seville,Unknown,park,37.3693029,-5.9602348,Unknown
Seville,Plaza Ingeniero Manuel Ríos,park,37.3871639,-6.0021687,Unknown
Seville,Parque Juan Castellano Martín,park,37.3836009,-5.8999503,Unknown
Seville,Plaza del Señor de la Resurrección,park,37.3989302,-5.988106,Unknown
Seville,Glorieta Doña María García Montero,park,37.3511936,-5.9805964,Unknown
Seville,Plaza Francisca de Chaves,park,37.3923688,-5.9220069,Unknown
Seville,Parque María Gómez Lobo,park,37.3965071,-5.9675615,Unknown
Seville,Plaza Profesor Hugo Galera,park,37.3813595,-5.9996346,Unknown
Seville,Plaza las Constelaciones,park,37.383214,-5.9583882,Unknown
Seville,Parque Fábrica de Contadores,park,37.3838929,-5.9532887,Unknown
Seville,Plaza Vicente Gallego,park,37.4118319,-5.9864921,Unknown
Seville,Plaza del Retiro,park,37.3218797,-5.9656206,Unknown
Seville,Plaza de las Cadenas,park,37.3194517,-5.9668209,Unknown
Seville,Jardines Marta del Castillo,park,37.3982607,-5.9719586,Unknown
Seville,Plaza Joaquín Morón,park,37.401027,-5.9705018,Unknown
Seville,Plaza Poeta Luis Chamizo,park,37.3866014,-5.9841787,Unknown
Seville,Jardín Pepe da Rosa,park,37.3747835,-6.0022658,Unknown
Seville,Plaza Antonio Martín Caro,park,37.409548,-5.978116,Unknown
Seville,Rincón Manuel Molina,park,37.3802883,-6.0092334,Unknown
Seville,Plaza de la Virgen Milagrosa,park,37.3803444,-5.9995533,Unknown
Seville,Jardines de Felipe II,park,37.3704674,-5.972096,Unknown
Seville,Plaza Las Constelaciones,park,37.3832052,-5.9587142,Unknown
Seville,Plaza de los Maldonados,park,37.3966462,-5.9906854,Unknown
Seville,Plaza Pedro Zerolo,park,37.3968617,-5.9946381,Unknown
Seville,Plaza Antonio Pozuelo Méndez,park,37.3747084,-5.954454,Unknown
Seville,Plaza José Morgado Medina,park,37.3771039,-5.9613214,Unknown
Seville,Glorieta Astillero de Sevilla,park,37.3512501,-5.9773848,Unknown
Seville,Plaza Presidenta Loli Morales,park,37.3755058,-5.9547912,Unknown
Seville,Glorieta Bebés Robados,park,37.3551279,-5.9825366,Unknown
Seville,Plaza Eugenia Osuna Ansio,park,37.3873734,-5.9209669,Unknown
Seville,Plaza El Olivo,park,37.4123167,-5.9773971,Unknown
Seville,Plaza La Autonomía,park,37.4052276,-5.9788482,Unknown
Seville,Glorieta de Blas Infante,park,37.4065174,-5.978882,Unknown
Seville,Plaza Manuel Garrido,park,37.4053834,-5.9811224,Unknown
Seville,Plaza San Antonio de Padua,park,37.3979335,-5.9986684,Unknown
Seville,Parque Luis Manuel Olivencia Brugger,park,37.3772428,-5.9795647,Unknown
Seville,Plaza Manolo Caracol,park,37.4018274,-5.986933,Unknown
Seville,Glorieta Elvira y Fabiola Fiances,park,37.3758027,-5.9958716,Unknown
Seville,Plazuela del Marqués de la Vega Inclán,park,37.3865912,-5.9884425,Unknown
Seville,Plaza Cantores de Hispalis,park,37.398364,-5.9590684,Unknown
Seville,Plazoleta Pepe Moreno,park,37.3247115,-5.9693629,Unknown
Seville,Plaza Ramón Ybarra llosent,park,37.3885615,-5.9896466,Unknown
Seville,Plaza Nuestro Padre Jesús de la Salud,park,37.388477,-5.9891991,Unknown
Seville,Plaza Esperanza Macarena,park,37.4028488,-5.9895599,Unknown
Seville,Parque Chano Lobato,park,37.3559133,-5.987325,Unknown
Seville,Jardín Periodista Valentín García,park,37.3868152,-6.0099911,Unknown
Seville,Plaza Organista Padre Ayarra,park,37.3837255,-5.9938758,Unknown
Seville,Jardines de Murillo,park,37.3845548,-5.9880279,Unknown
Seville,Parque Vecinal Pulmón Verde,park,37.3989458,-5.9901665,Unknown
Valencia,Jardins de l´Alqueria Nova,park,39.4676419,-0.4160344,Unknown
Valencia,Unknown,park,39.4297314,-0.4691623,Unknown
Valencia,Jardins del Castell,park,39.5442857,-0.3859194,Unknown
Valencia,Unknown,park,39.537888,-0.3528268,Unknown
Valencia,Parc de Miguel Ángel Blanco,park,39.491753,-0.3833533,Unknown
Valencia,Punt 1,park,39.4776427,-0.3744341,Unknown
Granada,Alto del Cierzo,peak,37.2538491,-3.6099736,828
Granada,La Atalaya,peak,37.25821,-3.6224749,898
Granada,Monte Jate,peak,37.186396,-3.5603836,1005
Granada,Majojos,peak,37.1405701,-3.5123565,1359
Granada,Cerro de Don Luis,peak,37.1501857,-3.5152146,Unknown
Granada,Cerro del Señorico,peak,37.2341543,-3.5460356,1169
Granada,Cerro de Loma Redonda,peak,37.1398711,-3.5314,1122
Granada,Cerro de la Cruz,peak,37.2420262,-3.632447,771
Granada,Cerro Gordo,peak,37.2028089,-3.5471235,1046
Granada,Cerro Pindorón,peak,37.2404338,-3.5989649,861
Granada,Cerro de la Huelga,peak,37.1916091,-3.5376963,1087
Granada,Cerro de Fuente Fría,peak,37.2375523,-3.5195376,1329
Granada,Cerro Viñaero,peak,37.0951257,-3.6439463,783
Granada,Cerro de la Cruz,peak,37.2505583,-3.5418009,1580
Granada,Peña de los Agujeros,peak,37.1818544,-3.511409,1059
Granada,Cerro del Pajarillo,peak,37.1837232,-3.5514023,994
Granada,Cerro del Sol,peak,37.1706097,-3.5421484,1035
Granada,Cerro Culebra,peak,37.1585049,-3.5654302,839
Granada,Cerro de las Tres Cruces,peak,37.2004174,-3.5024248,1176
Granada,Cerro del Cura,peak,37.2158018,-3.5852679,847
Granada,Peñón del Grajo,peak,37.1362535,-3.5348136,1052
Granada,Cerro de las Caleras,peak,37.249181,-3.6330763,801
Granada,Peñón del Chico,peak,37.2170221,-3.5099738,1103
Granada,Cerro del Maúllo,peak,37.2369781,-3.5232336,1303
Granada,Cerro de La Atalaya,peak,37.13709,-3.6844973,729
Granada,Cerro de los Mártires,peak,37.2276452,-3.5969022,821
Granada,Cerro Zapatera,peak,37.1668536,-3.5530571,Unknown
Granada,Cerro Castaños,peak,37.2295761,-3.5465112,1176
Granada,Cruz de Víznar,peak,37.2444631,-3.5339,1559
Granada,Cerro de Malpasillo,peak,37.116787,-3.6795561,812
Granada,El Cerrón,peak,37.1979173,-3.5302771,1046
Granada,Cerro de San Miguel,peak,37.1899769,-3.5839999,972
Granada,Cerro del Gavilán,peak,37.1569079,-3.5590709,890
Granada,Alto de Crucero-Gallo,peak,37.1685036,-3.4992175,1069
Granada,Cerro de los Pinos,peak,37.184676,-3.5385456,1013
Granada,Alto de las Tres Torres,peak,37.2042955,-3.5028872,1186
Granada,Cerro del Laúd,peak,37.1215161,-3.5417974,1055
Granada,Unknown,peak,37.1280192,-3.521299,949
Granada,Los Calares,peak,37.2554534,-3.5472662,1528
Granada,Unknown,peak,37.1414639,-3.5355163,1047
Granada,Unknown,peak,37.1761575,-3.5803122,897
Granada,Cerro Terreras,peak,37.1454664,-3.5523473,907
Granada,Cerro de las Peñuelas,peak,37.1952453,-3.5912403,889
Granada,Cerro del Tambor,peak,37.1936251,-3.5881854,938
Granada,Unknown,peak,37.1948363,-3.5846617,953
Granada,Cerro del Tío Rojicas,peak,37.1927379,-3.574446,981
Granada,Unknown,peak,37.1731128,-3.5314419,932
Granada,El Castillejo,peak,37.1217278,-3.517744,1237
Granada,Unknown,peak,37.1232729,-3.5245096,1074
Granada,Unknown,peak,37.1074336,-3.5338002,1148
Granada,Unknown,peak,37.2056538,-3.5321861,1143
Granada,Unknown,peak,37.1917585,-3.5529362,943
Granada,Unknown,peak,37.2098807,-3.5185067,1055
Granada,Unknown,peak,37.1486377,-3.5523653,915
Granada,Unknown,peak,37.1471923,-3.5509313,902
Granada,Unknown,peak,37.1468725,-3.5493586,896
Granada,Unknown,peak,37.1429644,-3.5463525,888
Granada,Unknown,peak,37.1413802,-3.5084342,1368
Granada,Unknown,peak,37.2611245,-3.5668681,1203
Granada,Unknown,peak,37.2622881,-3.565513,1234
Granada,Unknown,peak,37.2482274,-3.5388941,1552
Granada,Unknown,peak,37.1943349,-3.4892047,942
Granada,Unknown,peak,37.1968439,-3.4905612,1005
Granada,Unknown,peak,37.1892007,-3.4974964,1055
Granada,Unknown,peak,37.1863468,-3.5050165,1043
Granada,Unknown,peak,37.1950981,-3.5008019,1092
Granada,Unknown,peak,37.1925819,-3.4981103,1045
Granada,Unknown,peak,37.1986401,-3.5108764,1134
Granada,Unknown,peak,37.1796047,-3.5168515,1053
Granada,Unknown,peak,37.1727562,-3.5154042,973
Granada,Unknown,peak,37.1687614,-3.523227,1005
Granada,Unknown,peak,37.1715954,-3.5217211,997
Granada,Unknown,peak,37.1733791,-3.5212323,991
Granada,Unknown,peak,37.1748081,-3.5258957,984
Granada,Unknown,peak,37.1759225,-3.5244451,989
Granada,Unknown,peak,37.1649677,-3.5345687,845
Granada,Unknown,peak,37.1633812,-3.5348085,834
Granada,Unknown,peak,37.1501471,-3.5251351,1023
Granada,Unknown,peak,37.1466194,-3.5460428,917
Granada,Unknown,peak,37.1367068,-3.5397985,985
Granada,Unknown,peak,37.136714,-3.5271553,1144
Granada,Unknown,peak,37.1345115,-3.5259206,1036
Granada,Unknown,peak,37.1370345,-3.5247032,1164
Granada,Unknown,peak,37.1684435,-3.5516536,872
Granada,Unknown,peak,37.1674318,-3.5504921,847
Granada,Unknown,peak,37.1720972,-3.575623,883
Granada,Unknown,peak,37.1708947,-3.5731783,882
Granada,Unknown,peak,37.1870607,-3.5703175,952
Granada,Unknown,peak,37.1894707,-3.5706258,991
Granada,Unknown,peak,37.1908665,-3.5689668,991
Granada,Unknown,peak,37.1934228,-3.5697311,960
Granada,Unknown,peak,37.1972075,-3.5724725,961
Granada,Unknown,peak,37.1979191,-3.5729659,942
Granada,Unknown,peak,37.1973782,-3.5709702,961
Granada,Unknown,peak,37.1981915,-3.5697198,960
Granada,Unknown,peak,37.1986846,-3.5699151,951
Granada,Unknown,peak,37.1971917,-3.5790544,950
Granada,Unknown,peak,37.1959089,-3.5767384,961
Granada,Unknown,peak,37.1939359,-3.581196,952
Granada,Unknown,peak,37.1848962,-3.5849719,857
Granada,Cerro Zapatera,peak,37.1662784,-3.5616688,786
Granada,Unknown,peak,37.1584237,-3.5690116,812
Granada,Unknown,peak,37.1568103,-3.5578987,892
Granada,Unknown,peak,37.1521273,-3.5524176,923
Granada,Unknown,peak,37.1469698,-3.551259,902
Granada,Unknown,peak,37.1450283,-3.542761,914
Granada,Unknown,peak,37.1355986,-3.5457237,870
Granada,Unknown,peak,37.1373337,-3.5509318,803
Granada,Unknown,peak,37.1377927,-3.5462796,876
Granada,Unknown,peak,37.1422904,-3.5542786,874
Granada,Monte Vélez,peak,37.1421118,-3.5574425,865
Granada,Unknown,peak,37.1433475,-3.5566413,861
Granada,Unknown,peak,37.1592731,-3.5728659,816
Granada,Unknown,peak,37.127247,-3.5401578,993
Granada,Unknown,peak,37.1267568,-3.5426388,Unknown
Granada,Unknown,peak,37.1267903,-3.5426269,990
Granada,Unknown,peak,37.1207226,-3.5358065,1055
Granada,Unknown,peak,37.1179487,-3.5334594,1033
Granada,Unknown,peak,37.1132639,-3.525335,1253
Granada,Unknown,peak,37.1101316,-3.5340556,1111
Granada,Unknown,peak,37.1134092,-3.5382777,1003
Granada,Unknown,peak,37.0893005,-3.5975024,904
Granada,Unknown,peak,37.0895088,-3.5954469,906
Granada,Unknown,peak,37.093807,-3.588596,913
Granada,Unknown,peak,37.0957856,-3.5864386,898
Granada,Unknown,peak,37.092458,-3.5805324,938
Granada,Unknown,peak,37.0976054,-3.5862668,899
Granada,Unknown,peak,37.1417731,-3.4998959,1229
Granada,Unknown,peak,37.1325972,-3.506285,1196
Granada,Unknown,peak,37.13191,-3.5071156,1192
Granada,Unknown,peak,37.1310569,-3.5107728,1143
Granada,Unknown,peak,37.1282108,-3.5179654,1033
Granada,Unknown,peak,37.1283886,-3.5158156,1017
Granada,Unknown,peak,37.1246255,-3.5159043,1142
Granada,Unknown,peak,37.1270447,-3.5167874,1062
Granada,Unknown,peak,37.1269374,-3.5191782,1044
Granada,Unknown,peak,37.1258195,-3.5349393,974
Granada,Unknown,peak,37.2082539,-3.4945841,1152
Granada,Unknown,peak,37.2061128,-3.4961384,1188
Granada,Unknown,peak,37.1875345,-3.5219641,1035
Granada,Unknown,peak,37.1831517,-3.5371614,993
Granada,Unknown,peak,37.1880677,-3.5454217,961
Granada,Unknown,peak,37.190313,-3.5434439,1000
Granada,Unknown,peak,37.1925735,-3.5594281,931
Granada,Unknown,peak,37.1906858,-3.5540856,932
Granada,Unknown,peak,37.1947778,-3.5614206,901
Granada,Unknown,peak,37.2041465,-3.5552678,1016
Granada,Unknown,peak,37.2084568,-3.5523753,1035
Granada,Unknown,peak,37.2110352,-3.5516434,1041
Granada,Unknown,peak,37.2112986,-3.5498431,1053
Granada,Unknown,peak,37.2141146,-3.5521343,1050
Granada,Unknown,peak,37.2202305,-3.5450367,1136
Granada,Unknown,peak,37.2214307,-3.5441599,1132
Granada,Unknown,peak,37.22075,-3.5497655,1113
Granada,Unknown,peak,37.2257742,-3.5478708,1074
Granada,Unknown,peak,37.2363388,-3.5450137,1183
Granada,Unknown,peak,37.2565361,-3.5583971,1271
Granada,Unknown,peak,37.258531,-3.5840099,1063
Granada,Cerro Castillejo,peak,37.2576452,-3.5854742,1084
Granada,Unknown,peak,37.2541364,-3.5883114,1022
Granada,Unknown,peak,37.2469974,-3.5892622,965
Granada,Unknown,peak,37.2437294,-3.5905687,971
Granada,Unknown,peak,37.2519099,-3.5999259,868
Granada,Unknown,peak,37.2532811,-3.5673449,1112
Granada,Unknown,peak,37.2546663,-3.5694603,1126
Granada,Unknown,peak,37.2309805,-3.5801708,913
Granada,Unknown,peak,37.2317517,-3.5778908,914
Granada,Unknown,peak,37.2330229,-3.567924,946
Granada,Unknown,peak,37.2321956,-3.5714049,930
Granada,Unknown,peak,37.2334878,-3.6122364,749
Granada,Unknown,peak,37.244446,-3.6174052,794
Granada,Unknown,peak,37.2396761,-3.6137933,784
Granada,Unknown,peak,37.2384965,-3.6120116,773
Granada,Unknown,peak,37.2398633,-3.6094575,782
Granada,Unknown,peak,37.2399635,-3.6219321,756
Granada,Unknown,peak,37.244247,-3.6379507,748
Granada,Unknown,peak,37.2541101,-3.6416584,761
Granada,Unknown,peak,37.1214836,-3.5268649,Unknown
Granada,Unknown,peak,37.117591,-3.5649195,882
Granada,Unknown,peak,37.1138201,-3.6710156,735
Granada,Unknown,peak,37.1349001,-3.68399,720
Granada,Unknown,peak,37.1560558,-3.5088003,991
Granada,Unknown,peak,37.1533866,-3.5008826,1022
Granada,Unknown,peak,37.1603037,-3.4895496,Unknown
Granada,Unknown,peak,37.160086,-3.4913863,Unknown
Granada,Unknown,peak,37.1593411,-3.4929695,Unknown
Granada,Unknown,peak,37.1537366,-3.545566,792
Granada,Unknown,peak,37.1475543,-3.5339169,894
Granada,Unknown,peak,37.1671662,-3.505164,985
Granada,Unknown,peak,37.2079754,-3.5204252,1047
Granada,Unknown,peak,37.2129976,-3.5329488,1152
Granada,Unknown,peak,37.2152742,-3.5364345,1162
Granada,Unknown,peak,37.219262,-3.5341738,1171
Granada,Unknown,peak,37.2201036,-3.5354087,1174
Granada,Unknown,peak,37.217797,-3.5376315,1162
Granada,Unknown,peak,37.2234346,-3.5408953,1144
Granada,Unknown,peak,37.2225322,-3.5388893,1145
Granada,Unknown,peak,37.2242689,-3.5383919,1143
Granada,Unknown,peak,37.2290466,-3.5260742,1161
Granada,Unknown,peak,37.2522723,-3.5384551,1564
Granada,Unknown,peak,37.2245599,-3.5264696,1158
Granada,Unknown,peak,37.2190116,-3.4991657,1071
Granada,Unknown,peak,37.2446428,-3.5606199,1063
Granada,Unknown,peak,37.2120382,-3.5823202,881
Granada,Unknown,peak,37.2114645,-3.5864731,852
Granada,Unknown,peak,37.2106934,-3.5687336,932
Granada,Unknown,peak,37.2114843,-3.5632674,953
Granada,Unknown,peak,37.2063617,-3.5783447,891
Granada,Unknown,peak,37.2067386,-3.5597355,1005
Granada,Unknown,peak,37.2096812,-3.5574597,1022
Granada,Unknown,peak,37.2195283,-3.5701184,942
Granada,Unknown,peak,37.2182717,-3.5708379,931
Granada,Unknown,peak,37.2061906,-3.5831702,862
Granada,Unknown,peak,37.1402637,-3.6923878,711
Granada,Cerro de la Atalaya,peak,37.137272,-3.6845489,729
Granada,Unknown,peak,37.1348967,-3.6839612,721
Granada,Unknown,peak,37.1326985,-3.6812076,723
Granada,Unknown,peak,37.1418816,-3.684698,702
Granada,Unknown,peak,37.1466637,-3.6837193,691
Granada,Unknown,peak,37.1926571,-3.5764607,980
Granada,Unknown,peak,37.1897018,-3.5635845,846
Granada,Unknown,peak,37.1958788,-3.5364166,1054
Granada,Unknown,peak,37.2083689,-3.5406063,1072
Granada,Unknown,peak,37.2267597,-3.5268997,1140
Granada,Unknown,peak,37.2296829,-3.5952457,837
Granada,Unknown,peak,37.2626143,-3.6264572,873
Granada,Unknown,peak,37.2625365,-3.624924,871
Granada,Unknown,peak,37.2549398,-3.6368525,792
Granada,Unknown,peak,37.2540039,-3.6383666,791
Granada,Unknown,peak,37.24949,-3.6268849,814
Granada,Unknown,peak,37.2634276,-3.6170527,883
Granada,Unknown,peak,37.2468416,-3.6057351,833
Granada,Unknown,peak,37.2469936,-3.60999,831
Granada,El Cerro,peak,37.2304435,-3.6155072,737
Bilbao,Malmasin,peak,43.2274039,-2.90285,360
Bilbao,Parque Ibarrola - Embarca,park,43.2345059,-2.8798397,Unknown
Bilbao,Ganekogorta,peak,43.2022789,-2.9795228,999.20
Bilbao,Gamizmendi,peak,43.3089706,-2.8410301,333
Bilbao,Ganguren,peak,43.2605569,-2.8656829,475
Bilbao,Kamaraka,peak,43.1754296,-2.9607748,797
Bilbao,Arrolatza,peak,43.2561434,-2.9889522,454
Bilbao,Urresti,peak,43.2611668,-3.0365446,412
Bilbao,Urdaibai,peak,43.2635649,-3.0394225,442
Bilbao,Aguilatos,peak,43.2071654,-3.0205038,667
Bilbao,Gallarraga,peak,43.1966734,-3.0075889,901
Bilbao,Pagero,peak,43.2002468,-2.9903513,963
Bilbao,Goronillo/Garamillua,peak,43.2780396,-3.0105055,274
Bilbao,Goikogane / Kurtze,peak,43.1899757,-2.8762756,537.33
Bilbao,Arrastaleku / Erreztaleku,peak,43.2309593,-2.9614091,583.57
Bilbao,Pico del Buzón,peak,43.2560964,-2.9957774,458
Bilbao,Gamizmendi,peak,43.3030079,-2.8255333,347
Bilbao,Espinubeta,peak,43.2795397,-3.0001254,141
Bilbao,Patatala,peak,43.3431922,-2.9330751,232
Bilbao,Irurimendi,peak,43.277775,-2.8175997,236
Bilbao,Gongeda,peak,43.2139542,-2.9927294,666
Bilbao,Mendikoa,peak,43.3000398,-2.8466858,166
Bilbao,Goikogana,peak,43.327339,-2.8869487,261
Bilbao,Upo,peak,43.1923524,-2.8591091,573.16
Bilbao,La Peña del Diablo,peak,43.25358,-3.0063684,398
Bilbao,Burtzako,peak,43.2660561,-3.0457524,452
Bilbao,Arnabal,peak,43.2720285,-3.0358029,411
Bilbao,Ganeta,peak,43.2217142,-2.9478936,685
Bilbao,Lanomendi,peak,43.3179558,-2.9034054,246
Bilbao,Pastorekortaburu / Goikogana,peak,43.2118093,-2.9253012,591.09
Bilbao,Iturritxualde,peak,43.269488,-2.8931401,378.95
Bilbao,Arraiz Norte,peak,43.2489808,-2.961087,345
Bilbao,Apuko,peak,43.2503652,-3.0191076,469
Bilbao,Ganeroitz,peak,43.2461256,-3.0221225,561
Bilbao,Arraiz,peak,43.2420618,-2.9638462,361
Bilbao,Untzaga,peak,43.3127956,-2.8712183,215
Bilbao,Biderdi/Txosnagana,peak,43.2054217,-2.9635375,877
Bilbao,Igartu,peak,43.2944811,-2.8199981,287
Bilbao,El Tojo,peak,43.2564607,-3.0558617,538
Bilbao,Zamaia,peak,43.2197482,-2.9904571,579
Bilbao,Argalario,peak,43.273523,-3.0244058,514
Bilbao,Unbe,peak,43.3348219,-2.9177505,301
Bilbao,El Morro / Alto de Miraflores,peak,43.2478042,-2.9162681,112
Bilbao,Elorri,peak,43.2948378,-2.8420144,145
Bilbao,Kobeta,peak,43.2638799,-2.9673482,205
Bilbao,Gaztelumendi,peak,43.305966,-2.8347353,323
Bilbao,Artanda,peak,43.1910896,-2.8776381,549.70
Bilbao,Arnotegi,peak,43.2340305,-2.9348138,426
Bilbao,Mota,peak,43.2724633,-3.0020425,202
Bilbao,Larroz / Larrauzmendi,peak,43.3015927,-2.8574133,180.73
Bilbao,Unbe Mendatea,peak,43.3415047,-2.9271922,245
Bilbao,Kurkudi,peak,43.3398109,-2.9816657,127
Bilbao,KarabezuTxikerra,peak,43.3306501,-2.933038,238
Bilbao,Karabezu,peak,43.3320946,-2.9276354,255
Bilbao,Zeitegi,peak,43.2769284,-3.0429805,522
Bilbao,Mendibil,peak,43.277106,-3.0371588,549
Bilbao,Ezpelarri,peak,43.2512984,-3.0016802,370
Bilbao,Tun Tun,peak,43.2938732,-2.977409,79
Bilbao,Elorriaga / Banderas,peak,43.2805355,-2.9526067,222
Bilbao,Kukurrustu / Gaztelu,peak,43.2369755,-2.9035257,250
Bilbao,Gaztelu,peak,43.2663706,-2.8861128,385
Bilbao,Txaketolandea,peak,43.2461062,-2.8586449,232
Bilbao,Rontegi,peak,43.2951611,-2.9822181,70
Bilbao,Asugaina,peak,43.2964661,-2.9584203,50
Bilbao,Gangoiti,peak,43.2296889,-2.9455173,492
Bilbao,San Bernabé,peak,43.2864066,-2.9531741,224
Bilbao,Gazteluzar/Arranotxe,peak,43.1862595,-2.9730785,717
Bilbao,Arrabatxu / Belaurko,peak,43.2004273,-2.9824314,984
Bilbao,Tontorra,peak,43.223848,-2.9795823,439
Bilbao,Peripando,peak,43.2152259,-2.9812336,517
Bilbao,Labeja / Zamaia,peak,43.2174058,-2.9906775,612.58
Bilbao,Monte Cabras,peak,43.2863293,-2.9630773,115
Bilbao,elorrieta,park,43.2827913,-2.9658373,Unknown
Bilbao,Sasiburu,peak,43.2540605,-3.0005764,459
Bilbao,Tellitu,peak,43.2561113,-2.9934577,462
Bilbao,Kukullaga,peak,43.3488506,-2.9620218,Unknown
Bilbao,Unknown,park,43.3224616,-3.0181578,Unknown
Bilbao,El Humilladero,peak,43.2516664,-3.0118968,391
Bilbao,Berreaga,peak,43.3161509,-2.8532336,363
Bilbao,Arraiz Central,peak,43.2434523,-2.9620357,352
Bilbao,Txikillozelai / Akatza,peak,43.241373,-3.012866,377
Bilbao,Azpioleta,peak,43.2223185,-2.9765432,420
Bilbao,Larrazelai,peak,43.2180114,-2.9799368,478
Bilbao,Iparramendi,peak,43.3073185,-2.8711918,199
Bilbao,Monumento,park,43.2729454,-2.9589016,Unknown
Bilbao,Monumento a Amancio Ortega,park,43.2734106,-2.9592639,Unknown
Bilbao,Meazabal,peak,43.2684055,-2.9013079,293
Bilbao,Mukutzak,peak,43.3381649,-2.886315,115
Bilbao,Unknown,peak,43.2731921,-3.0116176,282
Bilbao,Kanpanzar,peak,43.3212434,-3.0275065,Unknown
Bilbao,Aldai,peak,43.3049432,-3.0286111,Unknown
Bilbao,Peña Mora / Bitarratxu Oeste,peak,43.2836979,-3.0400573,520
Bilbao,Bitarratxu,peak,43.2811049,-3.0344018,521
Bilbao,Alai,peak,43.2789436,-2.937098,212
Bilbao,San Roke,peak,43.2806327,-2.9156736,219
Bilbao,Artxanda,peak,43.2748139,-2.918423,251
Bilbao,Pikotamendi / Zarandona,peak,43.2776298,-2.9297966,233
Bilbao,Aranzuri,peak,43.2315974,-2.9663964,517
Bilbao,Parada,peak,43.2386395,-2.9780152,257.33
Bilbao,Ganekondo / Gastarriaga,peak,43.2142385,-2.9542049,626.77
Bilbao,Lapurzulogana,peak,43.2173468,-2.9502755,676.75
Bilbao,Uskorta,peak,43.2263097,-2.9344968,323
Bilbao,Antsola,peak,43.2198611,-2.9256825,302.15
Bilbao,Garikurtze,peak,43.2272836,-2.9201584,161.02
Bilbao,Erdikoatxa,peak,43.223212,-2.9296209,271.08
Bilbao,Pagasarri,peak,43.2175648,-2.9444438,671
Bilbao,Mendikotxu,peak,43.3106144,-2.862599,145.89
Bilbao,Bekozarratu,peak,43.30873,-2.8606262,167.22
Bilbao,Mendikotxu,peak,43.307738,-2.8577153,146.48
Bilbao,Iñedamendi,peak,43.3050681,-2.854379,177.03
Bilbao,Basoerre,peak,43.3143908,-2.87693,138.42
Bilbao,Urkullu,peak,43.3100223,-2.8849421,124.17
Bilbao,Orroñoko Mendia,peak,43.3112741,-2.8879009,143.31
Bilbao,Mendikotxu,peak,43.3146582,-2.896653,118.64
Bilbao,Mukutzak,peak,43.3400715,-2.8837341,100.5
Bilbao,Lauromendi,peak,43.3300926,-2.8889202,250.17
Bilbao,Artetxetamendi,peak,43.3234089,-2.8665559,228.42
Bilbao,Gaztelubaso,peak,43.3029716,-2.8492503,141.82
Bilbao,Elorriagagana,peak,43.2970735,-2.840918,141.73
Bilbao,Mendikobaso,peak,43.2983048,-2.8495514,167.32
Bilbao,Iturriburu,peak,43.2868083,-2.8165421,157.78
Bilbao,Artetxueta,peak,43.2978309,-2.8243446,296.29
Bilbao,Mendiko,peak,43.2927259,-2.8284296,166.55
Bilbao,Biotzeta,peak,43.2890087,-2.8209195,164.33
Bilbao,Mendiko,peak,43.2909317,-2.8245538,146.78
Bilbao,Txorrotxueta,peak,43.2551536,-2.8142729,211.6
Bilbao,Kukuzburu,peak,43.2549929,-2.8417441,426.02
Bilbao,Berriz,peak,43.282506,-2.9457376,185.96
Bilbao,Urkomendi,peak,43.2777931,-2.9274078,225.65
Bilbao,Larreagaburu,peak,43.2469295,-2.9180421,117
Bilbao,Mandagana,peak,43.2913417,-2.9334455,56.95
Bilbao,Gorondagana,peak,43.2947886,-2.9330366,42.94
Bilbao,Peñaskas / Asundi,peak,43.2370797,-2.9575811,359
Bilbao,Elguero,peak,43.3027033,-3.0153627,Unknown
Bilbao,Kurtzeta,peak,43.3237744,-2.9937033,Unknown
Bilbao,Axpuru,peak,43.3118067,-2.976061,Unknown
Bilbao,Gaztelueta,peak,43.3246143,-2.9978663,Unknown
Bilbao,Kuskullueta,peak,43.3253108,-2.9418049,138
Bilbao,Zabala,peak,43.2504348,-2.9657815,267
Bilbao,Idurieta,peak,43.1778494,-2.9458648,477
Bilbao,Larrako,peak,43.2156275,-2.9255925,474
Bilbao,Poribolo,peak,43.2406216,-2.9463229,208
Bilbao,Abitza / Ebitxe,peak,43.2177771,-2.960084,477
Bilbao,Atxarte,peak,43.2311742,-2.944052,440
Bilbao,Koskorra Sur,peak,43.2165768,-2.9650274,494.84
Bilbao,Tximintxe,peak,43.2211669,-2.9025223,252
Bilbao,Arbolico / Markioburu,peak,43.2042624,-2.9142298,414
Bilbao,Otxandioko Atxa,peak,43.2063915,-2.9173428,465
Bilbao,Kobeta Sur,peak,43.2599014,-2.9654252,201
Bilbao,Altamira / Alto de Castrejana,peak,43.2645124,-2.9683972,198
Bilbao,Los Mimbres,peak,43.2347613,-2.9365562,419
Bilbao,Irusta,peak,43.2349655,-2.930813,374
Bilbao,Artagan,peak,43.2599857,-2.9112029,129
Bilbao,Uretamendi / Gaztelupiku,peak,43.2484689,-2.9482757,118
Bilbao,Sepuruko atxa,peak,43.289099,-2.9684296,71
Bilbao,Koskorra Norte (Buzón),peak,43.2189637,-2.9674724,478
Bilbao,Asegi,peak,43.2521609,-3.0223883,384
Bilbao,Otalarre,peak,43.2495739,-2.8726303,293
Bilbao,Otzagarai,peak,43.2023647,-2.8487645,383
Bilbao,Padrolagane,peak,43.242615,-2.8158403,263
Bilbao,Irurimendi este,peak,43.2786113,-2.8141362,236
Bilbao,Mendiola,peak,43.2328731,-3.0476581,750
Bilbao,Artegi,peak,43.239773,-3.0395096,533
Bilbao,Pico de La Toba,peak,43.2464717,-3.0268903,424
Bilbao,Minako / Minerala,peak,43.221061,-2.8323275,184
Bilbao,Artetagana,peak,43.2079851,-2.846542,339.93
Bilbao,Akutiogana,peak,43.2145348,-2.8322559,187.02
Bilbao,Sanantontxikerra,peak,43.2132248,-2.8494024,316.12
Bilbao,Unknown,park,43.2530703,-2.9144209,Unknown
Bilbao,Legargana,peak,43.2186419,-2.8602701,215
Bilbao,Solozarreta,peak,43.2378059,-2.8253811,200
Bilbao,Azuela,peak,43.2520967,-2.8498569,301
Bilbao,Oleatatxu,peak,43.2518646,-2.8628803,305
Bilbao,Belaustegi Gana (Aretzak),peak,43.2379317,-2.8402657,137
Bilbao,Landatzu,peak,43.2449068,-2.8401075,250
Bilbao,Belategi Gana (placa),peak,43.2455104,-2.8468311,243
Málaga,Cerro Escalera,peak,36.7421266,-4.3811036,276
Málaga,Carretero,peak,36.754863,-4.401286,277
Málaga,Monte de San Antón,peak,36.7454356,-4.3592337,508
Málaga,Monte Gibralfaro,peak,36.7235154,-4.4105594,130
Málaga,Monte Victoria,peak,36.7313396,-4.4066888,194
Málaga,Cerro de la Tortuga,peak,36.7295807,-4.4566808,169
Málaga,Cruz de San Antón,peak,36.7443841,-4.3637419,491
Málaga,Unknown,peak,36.7415759,-4.3559386,382
Málaga,Alcuza,peak,36.7656431,-4.4574907,543
Málaga,Calvario,peak,36.7319613,-4.4116197,104
Málaga,Matanza,peak,36.7813613,-4.3774101,774
Málaga,Águila,peak,36.7960331,-4.4148737,571
Málaga,Leoncillo,peak,36.763032,-4.4158834,234
Málaga,San Lázaro,peak,36.7996895,-4.4536351,565
Málaga,Monte Coronado,peak,36.7412403,-4.442473,217
Málaga,Cerro La Peluca,peak,36.7751663,-4.4997388,329
Málaga,Monte Sancha,peak,36.7238863,-4.4026447,111
Málaga,Unknown,peak,36.7248642,-4.4078887,139
Málaga,Cerro Torre del Atabal,peak,36.731087,-4.4770774,193
Málaga,Unknown,peak,36.7387337,-4.4839883,133
Málaga,Unknown,peak,36.7417723,-4.4616346,233
Málaga,Cerro Cabello,peak,36.7411584,-4.457812,249
Málaga,Unknown,peak,36.7356762,-4.4609122,148
Málaga,Unknown,peak,36.7357565,-4.4583954,158
Málaga,Unknown,peak,36.7400471,-4.4541384,142
Málaga,Unknown,peak,36.7445476,-4.4611152,205
Málaga,Unknown,peak,36.7331684,-4.4580307,143
Málaga,Unknown,peak,36.7313001,-4.455875,153
Málaga,Unknown,peak,36.7325723,-4.45655,164
Málaga,Unknown,peak,36.7344213,-4.4577449,143
Málaga,Unknown,peak,36.7355804,-4.4571801,141
Málaga,Unknown,peak,36.7351388,-4.4548041,159
Málaga,Unknown,peak,36.7386592,-4.4602252,202
Málaga,Unknown,peak,36.7398696,-4.4612248,217
Málaga,Unknown,peak,36.7456219,-4.4332642,156
Málaga,Unknown,peak,36.7364736,-4.4481886,139
Málaga,Unknown,peak,36.7373295,-4.448467,147
Málaga,Unknown,peak,36.7351582,-4.441408,145
Málaga,Unknown,peak,36.7388052,-4.4441626,142
Málaga,Unknown,peak,36.7384695,-4.4445058,155
Málaga,Unknown,peak,36.731823,-4.4001,88
Málaga,Unknown,peak,36.728708,-4.394145,190
Málaga,Unknown,peak,36.7306341,-4.3927503,113
Málaga,Unknown,peak,36.7390012,-4.3970106,144
Málaga,Unknown,peak,36.7379344,-4.3964665,154
Málaga,Unknown,peak,36.7348824,-4.4046911,114
Málaga,Unknown,peak,36.7749584,-4.4895049,231
Málaga,Unknown,peak,36.7603692,-4.5024967,215
Málaga,Cerro de la Lanza,peak,36.7607498,-4.5082667,318
Málaga,Unknown,peak,36.7546166,-4.5058536,218
Málaga,Unknown,peak,36.7731998,-4.4322217,177
Málaga,Unknown,peak,36.7670646,-4.4171557,166
Málaga,Unknown,peak,36.7706581,-4.4190869,226
Málaga,Unknown,peak,36.7759316,-4.4136956,301
Málaga,Unknown,peak,36.7761002,-4.4153653,284
Málaga,Unknown,peak,36.7739711,-4.4137627,283
Málaga,Unknown,peak,36.7722427,-4.4118717,262
Málaga,Unknown,peak,36.7677145,-4.4079933,302
Málaga,Unknown,peak,36.765532,-4.4123961,235
Málaga,Unknown,peak,36.7645667,-4.413064,236
Málaga,Unknown,peak,36.7610223,-4.4166984,226
Málaga,Unknown,peak,36.7735875,-4.4552444,561
Málaga,Unknown,peak,36.7698772,-4.4548046,570
Málaga,Unknown,peak,36.7688112,-4.4545361,564
Málaga,Unknown,peak,36.767177,-4.4561941,525
Málaga,Unknown,peak,36.7642848,-4.4571312,528
Málaga,Unknown,peak,36.7635669,-4.4568333,527
Málaga,Unknown,peak,36.7477144,-4.4596235,255
Málaga,Unknown,peak,36.7483965,-4.4580687,269
Málaga,Unknown,peak,36.75239,-4.4548044,260
Málaga,Unknown,peak,36.7510565,-4.4537377,245
Málaga,Unknown,peak,36.7514073,-4.4568856,312
Málaga,Unknown,peak,36.7609846,-4.4571914,480
Málaga,Unknown,peak,36.7604457,-4.4630767,401
Málaga,Unknown,peak,36.7600018,-4.4624784,396
Málaga,Unknown,peak,36.7595415,-4.4644928,409
Málaga,Unknown,peak,36.7541509,-4.461812,296
Málaga,Unknown,peak,36.7511518,-4.4611354,246
Málaga,Unknown,peak,36.7487497,-4.4660484,246
Málaga,Unknown,peak,36.7496577,-4.4625213,231
Málaga,Unknown,peak,36.7467617,-4.4634333,202
Málaga,Unknown,peak,36.7430569,-4.4699007,260
Málaga,Unknown,peak,36.7534138,-4.475031,235
Málaga,Unknown,peak,36.7504438,-4.4758989,221
Málaga,Unknown,peak,36.7485489,-4.4697089,279
Málaga,Unknown,peak,36.747721,-4.4676517,258
Málaga,Unknown,peak,36.7461462,-4.4714079,288
Málaga,Unknown,peak,36.7457304,-4.4705905,284
Málaga,Unknown,peak,36.7457735,-4.4464759,218
Málaga,Unknown,peak,36.7521889,-4.4500367,267
Málaga,Unknown,peak,36.7501867,-4.4643733,236
Málaga,Unknown,peak,36.7504037,-4.4659179,253
Málaga,Unknown,peak,36.7511063,-4.4658656,263
Málaga,Unknown,peak,36.7534768,-4.4704471,283
Málaga,Unknown,peak,36.7669213,-4.4771864,373
Málaga,Unknown,peak,36.7663464,-4.4749621,381
Málaga,Unknown,peak,36.767835,-4.4748528,393
Málaga,Unknown,peak,36.7668603,-4.4733938,392
Málaga,Unknown,peak,36.7662283,-4.4721628,393
Málaga,Unknown,peak,36.7652118,-4.474235,383
Málaga,Unknown,peak,36.7689668,-4.4745233,405
Málaga,Unknown,peak,36.7743085,-4.4729334,428
Málaga,Unknown,peak,36.7702405,-4.4736794,403
Málaga,Unknown,peak,36.7732863,-4.4633937,498
Málaga,Unknown,peak,36.7701745,-4.4666559,407
Málaga,Unknown,peak,36.7683156,-4.4619787,456
Málaga,Unknown,peak,36.7670399,-4.4676464,354
Málaga,Unknown,peak,36.7648017,-4.4650377,401
Málaga,Unknown,peak,36.7636496,-4.4615234,432
Málaga,Unknown,peak,36.7622481,-4.4665119,361
Málaga,Unknown,peak,36.7608754,-4.4707311,297
Málaga,Unknown,peak,36.758369,-4.4683076,392
Málaga,Unknown,peak,36.7538982,-4.4679809,316
Málaga,Unknown,peak,36.7597191,-4.4453178,254
Málaga,Unknown,peak,36.7558935,-4.4412401,183
Málaga,Unknown,peak,36.7652613,-4.4459919,306
Málaga,Unknown,peak,36.7698324,-4.4403628,193
Málaga,Unknown,peak,36.768497,-4.4394417,208
Málaga,Unknown,peak,36.7718891,-4.4419527,243
Málaga,Unknown,peak,36.7768981,-4.4388916,246
Málaga,Unknown,peak,36.7798159,-4.4406791,251
Málaga,Unknown,peak,36.7780555,-4.4392441,260
Málaga,Unknown,peak,36.7796808,-4.4377185,226
Málaga,Unknown,peak,36.8039445,-4.4428754,351
Málaga,Unknown,peak,36.8032322,-4.4608233,476
Málaga,Unknown,peak,36.8054951,-4.4574931,545
Málaga,Unknown,peak,36.8036278,-4.4530858,567
Málaga,Unknown,peak,36.8027614,-4.4551857,567
Málaga,Unknown,peak,36.8031214,-4.4545038,569
Málaga,Unknown,peak,36.7974718,-4.4556526,552
Málaga,Unknown,peak,36.7935552,-4.4572912,501
Málaga,Unknown,peak,36.7923281,-4.4592396,521
Málaga,Unknown,peak,36.7906405,-4.4590106,522
Málaga,Unknown,peak,36.7892365,-4.4582152,535
Málaga,Unknown,peak,36.7882926,-4.457528,542
Málaga,Unknown,peak,36.78655,-4.4582464,556
Málaga,Unknown,peak,36.7835002,-4.4560728,571
Málaga,Unknown,peak,36.7801562,-4.4678731,450
Málaga,Unknown,peak,36.7765985,-4.4701036,444
Málaga,Unknown,peak,36.7804097,-4.4618365,519
Málaga,Unknown,peak,36.7780063,-4.4587903,496
Málaga,Unknown,peak,36.7809167,-4.4547051,513
Málaga,Unknown,peak,36.7797078,-4.4543945,514
Málaga,Unknown,peak,36.7784789,-4.455699,540
Málaga,Unknown,peak,36.7510288,-4.4507627,271
Málaga,Unknown,peak,36.7499406,-4.4402952,178
Málaga,Unknown,peak,36.7525599,-4.4436677,252
Málaga,Unknown,peak,36.7513612,-4.4436566,242
Málaga,Unknown,peak,36.7560419,-4.4457917,253
Málaga,Unknown,peak,36.7565124,-4.4456735,251
Málaga,Unknown,peak,36.7574402,-4.4470679,262
Málaga,Unknown,peak,36.7580351,-4.4498587,311
Málaga,Unknown,peak,36.7756299,-4.4549046,544
Málaga,Unknown,peak,36.7755363,-4.4450124,321
Málaga,Unknown,peak,36.7754038,-4.4467897,322
Málaga,Unknown,peak,36.7687933,-4.4458062,351
Málaga,Unknown,peak,36.7647033,-4.441108,258
Málaga,Unknown,peak,36.7638718,-4.4407221,250
Málaga,Unknown,peak,36.7625506,-4.4405807,238
Málaga,Unknown,peak,36.7618439,-4.4376131,202
Málaga,Unknown,peak,36.7606264,-4.4385216,205
Málaga,Unknown,peak,36.7593282,-4.4371098,205
Málaga,Unknown,peak,36.7565129,-4.4339457,152
Málaga,Unknown,peak,36.7558753,-4.4340415,151
Málaga,Unknown,peak,36.7174493,-4.3313044,69
Málaga,Unknown,peak,36.7200334,-4.3355483,91
Málaga,Unknown,peak,36.7198355,-4.3391098,119
Málaga,Unknown,peak,36.7151228,-4.3389002,56
Málaga,Unknown,peak,36.7154888,-4.3377728,52
Málaga,Unknown,peak,36.7686556,-4.427914,189
Málaga,Unknown,peak,36.7728496,-4.4303964,165
Málaga,Unknown,peak,36.7678059,-4.4283512,187
Málaga,Unknown,peak,36.7663598,-4.4280884,176
Málaga,Unknown,peak,36.7645313,-4.4283968,157
Málaga,Unknown,peak,36.7635622,-4.4283056,154
Málaga,Unknown,peak,36.76249,-4.4287965,142
Málaga,Cerro Juan,peak,36.7262095,-4.3232485,240
Málaga,Unknown,peak,36.7241295,-4.3810068,92
Málaga,Unknown,peak,36.7262049,-4.3780995,116
Málaga,Unknown,peak,36.7307847,-4.3591783,100
Málaga,Unknown,peak,36.7310226,-4.3569952,116
Málaga,Unknown,peak,36.7300337,-4.3528177,143
Málaga,Unknown,peak,36.7299767,-4.3485446,113
Málaga,Unknown,peak,36.7272825,-4.3497165,82
Málaga,Unknown,peak,36.7278743,-4.3490361,84
Málaga,Unknown,peak,36.7334755,-4.3516382,134
Málaga,Unknown,peak,36.7365992,-4.3552116,203
Málaga,Unknown,peak,36.7392973,-4.3509754,247
Málaga,Unknown,peak,36.7444453,-4.3633345,492
Málaga,Unknown,peak,36.7389717,-4.3862502,241
Málaga,Unknown,peak,36.7376329,-4.3829532,214
Málaga,Unknown,peak,36.7385707,-4.3800042,186
Málaga,Unknown,peak,36.737908,-4.3772703,190
Málaga,Unknown,peak,36.7365469,-4.3797036,213
Málaga,Unknown,peak,36.7349319,-4.3787823,195
Málaga,Unknown,peak,36.7329886,-4.374615,142
Málaga,Unknown,peak,36.7255322,-4.3831902,91
Málaga,Unknown,peak,36.7263826,-4.3865511,106
Málaga,Unknown,peak,36.7284958,-4.3815689,94
Málaga,Unknown,peak,36.7296445,-4.387165,121
Málaga,Unknown,peak,36.7349802,-4.3872716,191
Málaga,Unknown,peak,36.7370656,-4.3869474,202
Málaga,Unknown,peak,36.7378187,-4.3949201,128
Málaga,Unknown,peak,36.7362246,-4.3985398,126
Málaga,Unknown,peak,36.7419021,-4.3936529,172
Málaga,Unknown,peak,36.7446646,-4.3940906,188
Málaga,Unknown,peak,36.746092,-4.3837979,167
Málaga,Unknown,peak,36.7459515,-4.3798409,232
Málaga,Unknown,peak,36.7355311,-4.3646005,191
Málaga,Unknown,peak,36.7580341,-4.3724888,328
Málaga,Unknown,peak,36.7652885,-4.3727579,513
Málaga,Unknown,peak,36.7700528,-4.3746918,588
Málaga,Unknown,peak,36.7658534,-4.3822134,432
Málaga,Unknown,peak,36.7634675,-4.3883068,376
Málaga,Unknown,peak,36.7672464,-4.3852877,382
Málaga,Unknown,peak,36.7673508,-4.3934742,495
Málaga,Unknown,peak,36.7646441,-4.3946426,471
Málaga,Unknown,peak,36.7640881,-4.4004722,381
Málaga,Unknown,peak,36.7626732,-4.395207,458
Málaga,Unknown,peak,36.7657597,-4.394527,486
Málaga,Unknown,peak,36.7673025,-4.4033571,362
Málaga,Unknown,peak,36.7643082,-4.4063914,328
Málaga,Unknown,peak,36.7607441,-4.4108103,262
Málaga,Unknown,peak,36.7567883,-4.4041768,286
Málaga,Unknown,peak,36.7570076,-4.4002581,322
Málaga,Unknown,peak,36.7582663,-4.3955103,430
Málaga,Unknown,peak,36.7590882,-4.3953212,433
Málaga,Unknown,peak,36.7538755,-4.3971305,303
Málaga,Unknown,peak,36.7486302,-4.3948704,201
Málaga,Unknown,peak,36.746128,-4.3999744,203
Málaga,Unknown,peak,36.7471771,-4.4005422,205
Málaga,Unknown,peak,36.7446116,-4.4045049,173
Málaga,Unknown,peak,36.7478438,-4.4038567,179
Málaga,Unknown,peak,36.7492693,-4.4055821,185
Málaga,Unknown,peak,36.7484255,-4.4070354,204
Málaga,Unknown,peak,36.7476478,-4.4073018,204
Málaga,Unknown,peak,36.7451938,-4.4097287,169
Málaga,Unknown,peak,36.742484,-4.407539,175
Málaga,Unknown,peak,36.7413021,-4.4047127,142
Málaga,Unknown,peak,36.741563,-4.4064568,142
Málaga,Unknown,peak,36.7401008,-4.4075942,162
Málaga,Unknown,peak,36.738482,-4.4069833,133
Málaga,Unknown,peak,36.739191,-4.4118333,138
Málaga,Unknown,peak,36.7378247,-4.4097937,142
Málaga,Unknown,peak,36.7348909,-4.4046618,114
Málaga,Unknown,peak,36.7340517,-4.4076087,132
Málaga,Unknown,peak,36.7306589,-4.3927379,113
Málaga,Unknown,peak,36.7253915,-4.4105766,93
Málaga,Unknown,peak,36.7236553,-4.4056245,91
Santiago de Compostela,O Monte do Pedroso,peak,42.8983788,-8.5652118,461
Santiago de Compostela,O Monte Gaiás,peak,42.8717188,-8.528065,305
Santiago de Compostela,O Monte do Viso,peak,42.8746453,-8.5156752,398
Santiago de Compostela,O Monte Algoso,peak,42.917632,-8.5417533,351
Santiago de Compostela,A Zanca Nova,peak,42.8740095,-8.5181741,Unknown
Santiago de Compostela,Monte da Carballeira,peak,42.9098834,-8.454451,338
Santiago de Compostela,O Coto de Son,peak,42.9359121,-8.5285237,421
Santiago de Compostela,Monte Medorra,peak,42.9042565,-8.4694729,352
Santiago de Compostela,Sobre Costa de Abaixo,peak,42.8505313,-8.5581216,Unknown
Santiago de Compostela,Monte da Sionlla,peak,42.9152172,-8.4592003,319
Santiago de Compostela,O Monte de Deus,peak,42.8974945,-8.5418587,337
Santiago de Compostela,Monte de San Marcos,peak,42.9083925,-8.636039,320
Santiago de Compostela,A Fontecova,peak,42.9042329,-8.5674858,487
Santiago de Compostela,Monte de San Marcos,peak,42.9209913,-8.6390961,384
Santiago de Compostela,Chan do Monte,peak,42.9299671,-8.6268033,426
Santiago de Compostela,Coto Farrapos,peak,42.9328708,-8.6221817,417
Santiago de Compostela,Pedra do Meigo,peak,42.9356396,-8.6165666,419
Santiago de Compostela,Cotón de Ladeíñas,peak,42.9379028,-8.6139507,423
Santiago de Compostela,A Pedra de Mirallos,peak,42.9632587,-8.5804748,449
Santiago de Compostela,Unknown,peak,42.9632138,-8.5846171,437
Santiago de Compostela,O Castro Maior,peak,42.9580267,-8.5907692,521
Santiago de Compostela,As Seixas,peak,42.9558709,-8.5977651,519
Santiago de Compostela,A Pedra do Berce,peak,42.9517499,-8.5977037,526
Santiago de Compostela,A Espiñeira,peak,42.9462474,-8.6057121,530
Santiago de Compostela,O Cotón do Cravo,peak,42.9433499,-8.6059269,514
Santiago de Compostela,O Mercuto,peak,42.9384925,-8.5985552,408
Santiago de Compostela,Outeiro do Lobo,peak,42.931141,-8.6006033,Unknown
Santiago de Compostela,Unknown,peak,42.9317026,-8.5963536,392
Santiago de Compostela,Unknown,peak,42.9302985,-8.5970747,396
Santiago de Compostela,A Cruz,peak,42.9244009,-8.5945279,419
Santiago de Compostela,O Campo do Sisto,peak,42.9171657,-8.5900481,404
Santiago de Compostela,Portodoxo,peak,42.9114466,-8.588606,412
Santiago de Compostela,O Cotón de Matamulleres,peak,42.9070979,-8.5893424,422
Santiago de Compostela,O Monte de Toubes,peak,42.9062776,-8.5785877,433
Santiago de Compostela,O Quenllo,peak,42.9129185,-8.5657619,414
Santiago de Compostela,A Coroa,peak,42.9316577,-8.5512025,348
Santiago de Compostela,Unknown,peak,42.9281923,-8.5484717,334
Santiago de Compostela,O Cerquido,peak,42.9312308,-8.5408928,355
Santiago de Compostela,A Pena Moura,peak,42.9290741,-8.5404632,357
Santiago de Compostela,As Peniñas,peak,42.9300514,-8.5347253,364
Santiago de Compostela,Os Pardiñeiros,peak,42.9261983,-8.5323167,Unknown
Santiago de Compostela,Paradela,peak,42.9194464,-8.5231269,349
Santiago de Compostela,O Monte da Chan do Curro,peak,42.8993774,-8.5410769,382
Santiago de Compostela,A Zanca,peak,42.9028163,-8.5406166,376
Santiago de Compostela,Unknown,peak,42.9042436,-8.5356459,371
Santiago de Compostela,A Pelada,peak,42.9064686,-8.527576,356
Santiago de Compostela,O Alto de Boisaca,peak,42.9084239,-8.5133081,363
Santiago de Compostela,O Monte da Pena Corveira,peak,42.9048729,-8.5095954,358
Santiago de Compostela,A Zanca de Simón,peak,42.9059517,-8.5066958,355
Santiago de Compostela,O Alto da Costa Vella,peak,42.9075361,-8.5010653,343
Santiago de Compostela,A Cateliña,peak,42.9083227,-8.4862604,334
Santiago de Compostela,A Zanca da Forneira,peak,42.9064686,-8.4853399,333
Santiago de Compostela,O Carril,peak,42.8999169,-8.4858615,355
Santiago de Compostela,O Coto do Castro,peak,42.9003889,-8.4778224,407
Santiago de Compostela,A Zanca do Cruceiro,peak,42.8944322,-8.4949285,365
Santiago de Compostela,San Marcos,peak,42.8913862,-8.4913999,371
Santiago de Compostela,O Coto dos Olmos,peak,42.8915716,-8.4816732,391
Santiago de Compostela,O Curro das Aveas,peak,42.8797853,-8.4627873,461
Santiago de Compostela,Tras de Riba do Peteiro,peak,42.8772557,-8.4635697,469
Santiago de Compostela,A Beria do Castelo,peak,42.8733543,-8.4468778,498
Santiago de Compostela,Valiños,peak,42.8818313,-8.434098,425
Santiago de Compostela,O Castelo,peak,42.8761314,-8.4291733,415
Santiago de Compostela,Pena do Gato,peak,42.8811006,-8.4221774,409
Santiago de Compostela,A Torre,peak,42.9338368,-8.4620816,333
Santiago de Compostela,Meixeira,peak,42.9497735,-8.5433321,282
Santiago de Compostela,A Revolta Nova,peak,42.9339379,-8.5415908,362
Santiago de Compostela,Riba da Granxa,peak,42.9323429,-8.5453572,359
Santiago de Compostela,O Campo Branco,peak,42.91175,-8.5284352,356
Santiago de Compostela,Allada do Castelo,peak,42.8708133,-8.4491638,465
Santiago de Compostela,Penedo de Vigo,peak,42.8665573,-8.4566199,451
Santiago de Compostela,Zanca do Cordón,peak,42.8836244,-8.4318735,426
Santiago de Compostela,Os Pedrouzos,peak,42.9183791,-8.6400012,385
Santiago de Compostela,Petón do Moucho,peak,42.9133567,-8.5966604,365
Santiago de Compostela,Cotón da Devesa,peak,42.9132275,-8.6008104,352
Santiago de Compostela,Unknown,peak,42.9039401,-8.5992532,383
Santiago de Compostela,Monte de Figueira,peak,42.9035412,-8.6028662,351
Santiago de Compostela,Unknown,peak,42.8957303,-8.6034492,314
Santiago de Compostela,Cotón do Outeiro,peak,42.8855523,-8.6001277,267
Santiago de Compostela,O Picho,peak,42.9015801,-8.5929094,402
Santiago de Compostela,Unknown,peak,42.9086823,-8.5921883,422
Santiago de Compostela,O Penedo das Brañas,peak,42.9079744,-8.5918124,426
Santiago de Compostela,O Outeiro,peak,42.8434171,-8.4341748,313
Santiago de Compostela,Croa do Castro,peak,42.8547662,-8.4437174,335
Santiago de Compostela,Zanca de Midón,peak,42.8653935,-8.444822,404
Santiago de Compostela,O Alto das Penedas,peak,42.9041781,-8.5671427,486
Santiago de Compostela,O Cotón de Matamulleres,peak,42.9062594,-8.5788454,433
Santiago de Compostela,O Monte da Pena Corveira,peak,42.8960826,-8.5139757,329
Santiago de Compostela,O Monte do Encostado,peak,42.8983651,-8.5652316,460
Santiago de Compostela,Castro de Vrins,peak,42.9130911,-8.5736763,Unknown
Santiago de Compostela,Castro de Miramontes,peak,42.9302498,-8.5649516,Unknown
Santiago de Compostela,Monte Pedroso,peak,42.8982184,-8.5648836,457
Santiago de Compostela,Carballeira de Cornide,park,42.8043198,-8.6022529,Unknown
Santiago de Compostela,Monte Novo,peak,42.8560478,-8.5797837,Unknown
Santiago de Compostela,Unknown,peak,42.9507098,-8.4816806,326
Santiago de Compostela,Unknown,peak,42.9434435,-8.463695,334
Santiago de Compostela,Unknown,peak,42.933882,-8.4620347,332
Santiago de Compostela,Unknown,peak,42.9370853,-8.474496,287
Santiago de Compostela,Unknown,peak,42.933686,-8.4803477,281
Santiago de Compostela,Unknown,peak,42.9376746,-8.4887506,318
Santiago de Compostela,Unknown,peak,42.9435011,-8.4928374,331
Santiago de Compostela,Unknown,peak,42.9452331,-8.501908,304
Santiago de Compostela,Unknown,peak,42.9467985,-8.5054014,306
Santiago de Compostela,Unknown,peak,42.9346594,-8.5067325,297
Santiago de Compostela,Unknown,peak,42.9318276,-8.5202022,343
Santiago de Compostela,Unknown,peak,42.9246449,-8.5230655,332
Santiago de Compostela,Unknown,peak,42.9259955,-8.5098129,347
Santiago de Compostela,Unknown,peak,42.9282283,-8.5074478,333
Santiago de Compostela,Unknown,peak,42.9221339,-8.5012444,314
Santiago de Compostela,Unknown,peak,42.9182189,-8.5144408,355
Santiago de Compostela,Unknown,peak,42.9194495,-8.5231037,349
Santiago de Compostela,Unknown,peak,42.9117651,-8.528336,356
Santiago de Compostela,Unknown,peak,42.9064688,-8.5275936,356
Santiago de Compostela,Unknown,peak,42.9027946,-8.5405941,376
Santiago de Compostela,Unknown,peak,42.8993691,-8.5411088,382
Santiago de Compostela,Unknown,peak,42.8996539,-8.5352649,369
Santiago de Compostela,Unknown,peak,42.8904594,-8.5223667,347
Santiago de Compostela,Unknown,peak,42.8952826,-8.5288631,359
Santiago de Compostela,Unknown,peak,42.884532,-8.5195305,317
Santiago de Compostela,Unknown,peak,42.8858804,-8.5017036,337
Santiago de Compostela,Monte do Viso,peak,42.874654,-8.5157087,401
Santiago de Compostela,Unknown,peak,42.8726799,-8.5145814,382
Santiago de Compostela,Unknown,peak,42.8746127,-8.5269202,294
Santiago de Compostela,Monte Gaiás,peak,42.8721895,-8.5280704,307
Santiago de Compostela,Unknown,peak,42.8683249,-8.5234876,304
Santiago de Compostela,Unknown,peak,42.865268,-8.536817,301
Santiago de Compostela,Unknown,peak,42.8616662,-8.516084,306
Santiago de Compostela,Monte do Seixo,peak,42.8617558,-8.5453302,252
Santiago de Compostela,Unknown,peak,42.8687541,-8.5561318,253
Santiago de Compostela,Unknown,peak,42.866417,-8.5670007,224
Santiago de Compostela,Unknown,peak,42.866506,-8.5723374,182
Santiago de Compostela,Unknown,peak,42.8641424,-8.5735069,201
Santiago de Compostela,Unknown,peak,42.8587612,-8.5804137,254
Santiago de Compostela,Unknown,peak,42.8573958,-8.577567,238
Santiago de Compostela,Unknown,peak,42.8560122,-8.5797753,266
Santiago de Compostela,Unknown,peak,42.8554238,-8.5657849,232
Santiago de Compostela,Unknown,peak,42.8683183,-8.5275604,296
Santiago de Compostela,Unknown,peak,42.8548699,-8.5192491,272
Santiago de Compostela,Unknown,peak,42.8552779,-8.5280759,261
Santiago de Compostela,Unknown,peak,42.8494541,-8.5339456,216
Santiago de Compostela,Unknown,peak,42.9103889,-8.468065,282
Santiago de Compostela,Unknown,peak,42.9078691,-8.4611367,296
Santiago de Compostela,Coto do Castro,peak,42.9003153,-8.4778407,407
Santiago de Compostela,Unknown,peak,42.8966862,-8.457794,394
Santiago de Compostela,Unknown,peak,42.892546,-8.4576702,394
Santiago de Compostela,Monte do Gozo,peak,42.8892875,-8.4938212,377
Santiago de Compostela,Unknown,peak,42.884552,-8.4945921,361
Santiago de Compostela,Unknown,peak,42.8862987,-8.5364878,329
Santiago de Compostela,Unknown,peak,42.8811182,-8.5424597,273
Santiago de Compostela,Unknown,peak,42.8777066,-8.5493647,272
Santiago de Compostela,Unknown,peak,42.8846243,-8.5523436,266
Santiago de Compostela,Unknown,peak,42.8759758,-8.5593328,255
San Sebastián,Barandiaran parkea,park,43.3097134,-1.9029349,Unknown
San Sebastián,Buruntza,peak,43.2389626,-2.0143768,441.30
San Sebastián,Utzabaleta,peak,43.2787049,-1.9107646,154
San Sebastián,Aldura Txiki,peak,43.2644976,-1.8839286,428
San Sebastián,Atxurro Mendi,peak,43.2631933,-1.9323813,284
San Sebastián,Amaotz,peak,43.3424221,-1.8812207,259
San Sebastián,Aritzmendi,peak,43.2759062,-1.9711497,127
San Sebastián,Igorin,peak,43.2565232,-1.905666,459
San Sebastián,Olloko Mendia,peak,43.2825611,-1.9974642,106
San Sebastián,Olaiko gaina,peak,43.2496376,-2.0502646,323
San Sebastián,Mendizorrotz,peak,43.2978483,-2.0669361,416
San Sebastián,Mitxintxola,peak,43.3347186,-1.9029201,332
San Sebastián,Elutzetako harkaitza,peak,43.2599112,-1.9971738,235
San Sebastián,Leteun,peak,43.2463542,-2.0333286,228
San Sebastián,Urgull,peak,43.3249417,-1.9897365,125
San Sebastián,Biribillondo,peak,43.2470862,-2.054014,346
San Sebastián,Imiaga,peak,43.273425,-1.9230883,263
San Sebastián,Ametzagaña,peak,43.3090976,-1.9555452,122
San Sebastián,Arritxueta,peak,43.2525246,-1.9164121,373
San Sebastián,Benedika,peak,43.2490504,-2.011865,223
San Sebastián,Santiagomendi,peak,43.2744369,-1.9325316,298
San Sebastián,Oriamendi,peak,43.2833505,-1.9878099,188
San Sebastián,Arratzain,peak,43.2921174,-2.058064,341
San Sebastián,Munoaundi,peak,43.2872167,-1.8795823,154.8
San Sebastián,Atxumaitz,peak,43.3286412,-1.9501732,198
San Sebastián,Menditxiki Mendia,peak,43.3343251,-1.8865379,336
San Sebastián,San Marko / Bizarain,peak,43.2974507,-1.9136193,260
San Sebastián,Txubillo,peak,43.3208447,-2.0100229,181
San Sebastián,Trapada,peak,43.3117088,-1.8638866,186
San Sebastián,Agineta,peak,43.272463,-1.9358215,301
San Sebastián,Aginagamendi,peak,43.2868316,-2.0810001,220
San Sebastián,Tontor Txiki,peak,43.2943988,-2.0854284,Unknown
San Sebastián,Ferminen kaskoa / Sorgiñarri,peak,43.3307048,-1.9304563,191
San Sebastián,Baratze Parkea Ekogunea,park,43.2794991,-1.9935451,Unknown
San Sebastián,Agerreburu,peak,43.2652795,-1.9879306,245
San Sebastián,Kutarro,peak,43.300303,-1.9190825,215
San Sebastián,Mendiola,peak,43.3302065,-1.9338718,209
San Sebastián,Tximistarri,peak,43.3457977,-1.8658561,425
San Sebastián,Ulia,peak,43.3303552,-1.9584525,222
San Sebastián,Oindi,peak,43.2321775,-1.9518434,548
San Sebastián,Galbailurra,peak,43.3070336,-1.8612579,189.75
San Sebastián,Fronton,park,43.3253255,-1.9265496,Unknown
San Sebastián,Antoña,peak,43.2957458,-1.9378879,120
San Sebastián,Ostaberdeburu,peak,43.3279847,-1.9304527,152
San Sebastián,Aramontzategiko Arkaitzak,peak,43.2457569,-2.0031054,246
San Sebastián,Txaldatxur,peak,43.2491756,-2.0379236,303
San Sebastián,Menditxogaña,peak,43.286447,-1.9767821,112
San Sebastián,Oiaola,peak,43.2824601,-1.9778818,163
San Sebastián,Akola,peak,43.2493442,-1.926765,359
San Sebastián,"""Froilan Elespe"" Parke Botanikoa",park,43.2756014,-2.0181419,Unknown
San Sebastián,Atsobakar Parkea,park,43.2743984,-2.0200731,Unknown
San Sebastián,Kaxargain,peak,43.2427577,-1.9534131,211
San Sebastián,Plata,peak,43.3346925,-1.9336436,139
San Sebastián,Mendiaundi,peak,43.2870897,-1.9424389,116
San Sebastián,Txoritokieta,peak,43.2907174,-1.9217021,318
San Sebastián,Crater de Ametzagaña,peak,43.3081765,-1.9508603,114
San Sebastián,PARQUE SORGINTZULO,park,43.3173281,-1.9087739,Unknown
San Sebastián,Altamiragain,peak,43.3172122,-1.8949164,73
San Sebastián,Unknown,park,43.272945,-2.0498882,Unknown
San Sebastián,Unknown,park,43.2714081,-2.051724,Unknown
San Sebastián,Aizibitarte,peak,43.2634599,-1.8938917,326
San Sebastián,Susperregi,peak,43.2601222,-1.8903898,356
San Sebastián,Juantonenea,peak,43.2626019,-1.9526618,123
San Sebastián,Martindegi,peak,43.2618417,-1.9568865,113
San Sebastián,Unknown,peak,43.2605126,-1.960965,108
San Sebastián,Ereñotzu,peak,43.2463835,-1.9554221,172
San Sebastián,Ganzaba,peak,43.3440074,-1.8765803,254
San Sebastián,Sagatxaga,peak,43.3400922,-1.8855599,252
San Sebastián,Iñalurreta,peak,43.3380321,-1.8923577,251
Toledo,Peña del Rey Moro,peak,39.8502854,-4.0201644,Unknown
Toledo,Cerro Pelado,peak,39.8565286,-4.0840417,543
Toledo,Unknown,peak,39.8547314,-4.0903964,591
Toledo,Unknown,peak,39.8576028,-4.0890932,557
Toledo,Parque La Bastida,park,39.8561274,-4.0519577,Unknown
