city,latitude,longitude,temperature,weather,humidity,wind_speed
Zurich,47.3769,8.5417,0.89,overcast clouds,81,3.09
Geneva,46.2044,6.1432,2.22,overcast clouds,80,2.57
Lucerne,47.0505,8.3059,1.14,overcast clouds,81,1.54
Zermatt,46.0207,7.7491,5.35,scattered clouds,51,3.39
Interlaken,46.6863,7.8632,1.06,few clouds,80,1.03
Bern,46.9481,7.4474,0.97,overcast clouds,80,0.0
Lausanne,46.5197,6.6323,5.14,overcast clouds,59,2.17
Basel,47.5596,7.5886,2.2,overcast clouds,72,6.17
Lugano,46.005,8.9511,4.59,broken clouds,76,1.54
Grindelwald,46.6242,8.0344,-2.06,few clouds,80,1.03
