city,name,type,latitude,longitude,stars,operator
Zurich,Leonardo Boutique Hotel Rigihof,hotel,47.3841491,8.5479932,4,Unknown
Zurich,Plattenhof,hotel,47.373738,8.5531845,Unknown,Unknown
Zurich,Sorell Hotel Seefeld,hotel,47.3616226,8.5513071,3,ZFV-Unternehmungen
Zurich,Hotel Baur au Lac,hotel,47.3671121,8.5393433,Unknown,Unknown
Zurich,Mandarin Oriental Savoy,hotel,47.3697691,8.5397725,Unknown,Mandarin Oriental (Switzerland)
Zurich,Europe,hotel,47.364231,8.5471877,Unknown,Unknown
Zurich,Ambassador,hotel,47.3643873,8.5470213,4,Unknown
Zurich,Gasthof Hirschen,hotel,47.4300419,8.4654856,Unknown,Unknown
Zurich,Hotel Hottingen,hotel,47.3696848,8.5535638,Unknown,Unknown
Zurich,Hotel Hechtplatz Bar,hotel,47.3682148,8.5452505,Unknown,Unknown
Zurich,Oldtown Hostel Otter,hostel,47.3685524,8.5455884,Unknown,Unknown
Zurich,California,hotel,47.3687308,8.5445975,Unknown,Unknown
Zurich,Helmhaus,hotel,47.3691599,8.544095,Unknown,Unknown
Zurich,Storchen,hotel,47.3712661,8.5417938,Unknown,Unknown
Zurich,Sheraton Zürich Neues Schloss,hotel,47.365498,8.5360074,Unknown,ABC Betriebs AG;Marriott
Zurich,Glärnischhof by Trinity,hotel,47.3675057,8.5374869,Unknown,Unknown
Zurich,Kronenhof,hotel,47.4192212,8.5054537,Unknown,Unknown
Zurich,Ibis Zürich City West,hotel,47.3890206,8.5170578,2,Accor Hotels
Zurich,Novotel Zürich City West,hotel,47.3891361,8.5167438,4,Accor Hotels
Zurich,Ibis Budget Zürich City West,hotel,47.3889729,8.516186,1,Accor Hotels
Zurich,Schweizerhof,hotel,47.3769479,8.5394468,Unknown,Unknown
Zurich,St. Gotthard,hotel,47.3764123,8.5392291,4,Manz Privacy Hotels
Zurich,City Hotel,hotel,47.374918,8.536476,Unknown,Unknown
Zurich,Radisson Hotel Zurich Airport,hotel,47.450988,8.540142,Unknown,Unknown
Zurich,Locke am Platz,hotel,47.363934,8.5320471,Unknown,Unknown
Zurich,Alden Suite Hotel Splügenschloss,hotel,47.3645731,8.5342368,Unknown,Leonardo Hotels
Zurich,Trip Inn,hotel,47.3770674,8.5277016,Unknown,Unknown
Zurich,Breitinger,hotel,47.362503,8.5330275,Unknown,Unknown
Zurich,Greulich,hotel,47.3783616,8.5206048,Unknown,Unknown
Zurich,Helvetia,hotel,47.3731773,8.5316759,Unknown,Unknown
Zurich,PLATZHIRSCH Hotel & Bar,hotel,47.3735166,8.5439446,Unknown,Unknown
Zurich,Sorell Hotel Rex,hotel,47.3847497,8.5430595,3,ZFV-Unternehmungen
Zurich,Krone Unterstrass,hotel,47.3880223,8.5391198,Unknown,Unknown
Zurich,Widder,hotel,47.3724404,8.5398562,Unknown,Unknown
Zurich,Hotel Alexander,hotel,47.3745945,8.543919,3,Unknown
Zurich,Hotel Hirschen,hotel,47.3733773,8.5432575,Unknown,Unknown
Zurich,Wellenberg,hotel,47.373072,8.5439228,Unknown,Unknown
Zurich,bedsitting-rooms.ch,hotel,47.3726619,8.5436085,Unknown,Unknown
Zurich,Sedartis,hotel,47.2954894,8.5659232,Unknown,Unknown
Zurich,ibis Styles,hotel,47.3812767,8.5424243,Unknown,Accor Hotels
Zurich,Hotel Sihlcity,hotel,47.3591861,8.5231586,Unknown,Unknown
Zurich,Swiss Chocolate by Fassbind,hotel,47.3762729,8.5446666,Unknown,Unknown
Zurich,Erlibacherhof,hotel,47.3020648,8.5925402,Unknown,Unknown
Zurich,Fred Hotel,hotel,47.3802393,8.5372867,Unknown,Fred Tschanz AG
Zurich,Alex Lake Zürich,hotel,47.3012098,8.5625749,Unknown,Unknown
Zurich,Hotel Royal,hotel,47.3789806,8.5449371,Unknown,Unknown
Zurich,Hotel Adler,hotel,47.3731339,8.543482,Unknown,Unknown
Zurich,SPLENDID,hotel,47.3732271,8.5433304,Unknown,Unknown
Zurich,stattHotel,hotel,47.3723574,8.5431576,Unknown,Unknown
Zurich,Pop Up Hotel Krone Zurich,hotel,47.3737914,8.5430563,Unknown,Unknown
Zurich,Felix,hotel,47.3752188,8.5444857,Unknown,Unknown
Zurich,Best Western Plus Hotel Zürcherhof,hotel,47.3750719,8.5444095,Unknown,Best Western
Zurich,Citystudios,hotel,47.3757274,8.5444631,Unknown,Unknown
Zurich,Scheuble,hotel,47.3744622,8.5448208,Unknown,Unknown
Zurich,Limmatblick,hotel,47.375978,8.5438053,Unknown,Unknown
Zurich,Sorell Hotel Rütli,hotel,47.3761683,8.5443812,3,ZFV-Unternehmungen
Zurich,Limmathof,hotel,47.3764444,8.544161,Unknown,Unknown
Zurich,Central Plaza,hotel,47.3770836,8.543634,Unknown,Unknown
Zurich,Holiday Inn Zürich Messe,hotel,47.4105397,8.5530471,Unknown,Turicum Hotel Management;Intercontinental Hotels Group
Zurich,Altstadt Hotel,hotel,47.3693222,8.5440348,3,Unknown
Zurich,Schwanen,hotel,47.3900823,8.4188804,Unknown,Unknown
Zurich,EasyHotel Zürich,hotel,47.3782999,8.5291133,Unknown,EasyHotel
Zurich,The Yard,hotel,47.3758989,8.5276621,Unknown,Unknown
Zurich,Swiss Star Guesthouse District 4,guest_house,47.3775633,8.5280646,Unknown,Unknown
Zurich,Montana,hotel,47.3808121,8.5352681,3,Candrian Catering
Zurich,Holiday Inn Express Zürich Airport,hotel,47.4518561,8.537155,Unknown,Unknown
Zurich,Gästehaus Nidelbad,hotel,47.3057838,8.5488582,Unknown,Unknown
Zurich,Mercure Stoller Zürich,hotel,47.3785429,8.5091646,4,Accor Hotels
Zurich,AMERON Zürich Bellerive au Lac,hotel,47.3622444,8.5475908,Unknown,Unknown
Zurich,EMA House Hotel Suites,hotel,47.3836354,8.5403011,Unknown,EMA House
Zurich,Olympia,hotel,47.3777704,8.5119228,Unknown,Stoller Zürich
Zurich,Courtyard Zürich Nord,hotel,47.4143009,8.5412445,Unknown,SV Hotel;Marriott
Zurich,Guesthouse Oerlikon,guest_house,47.4094443,8.5422736,Unknown,Apartments Swiss Star
Zurich,Fred Hotel,hotel,47.3791281,8.5453516,Unknown,Fred Tschanz AG
Zurich,Pöstli,hotel,47.4289726,8.6422452,Unknown,Unknown
Zurich,Mövenpick Regensdorf,hotel,47.4312366,8.4675985,4,Unknown
Zurich,Dihei,hotel,47.3969702,8.6204331,Unknown,Unknown
Zurich,Renaissance Tower Hotel,hotel,47.3881885,8.5142697,Unknown,SV Hotel;Marriott
Zurich,Welcome Homes,hotel,47.431455,8.5668924,Unknown,Unknown
Zurich,Sorell Hotel Seidenhof,hotel,47.3737041,8.5372276,4,ZFV-Unternehmungen
Zurich,Hotel Gertrud Zürich,guest_house,47.3741483,8.5161801,Unknown,Unknown
Zurich,25hours Hotel Zürich West,hotel,47.3910534,8.5099046,4,Accor Hotels
Zurich,Dorint Airport-Hotel Zürich,hotel,47.4387179,8.565588,Unknown,Unknown
Zurich,St-Georges,hotel,47.3707325,8.5281315,2,Unknown
Zurich,Best Western Hotel Spirgarten,hotel,47.3874412,8.4853017,Unknown,Best Western
Zurich,Swiss Star Longstreet,guest_house,47.3831402,8.530101,Unknown,Apartments Swiss Star
Zurich,Inside Five City Apartments,hotel,47.384979,8.5290417,Unknown,Unknown
Zurich,Kindli,hotel,47.3724267,8.5406434,Unknown,Unknown
Zurich,Kameha Grand Zürich,hotel,47.4225173,8.5591311,Unknown,LH&E Group;Marriott
Zurich,Guggach Apartotel,hotel,47.3989078,8.5326965,Unknown,Unknown
Zurich,STAY@Zurich Airport,hotel,47.4390101,8.5674657,Unknown,Unknown
Zurich,Hotel Neufeld,hotel,47.3695783,8.5137027,3,Unknown
Zurich,Hotel ZwiBack,hotel,47.4038555,8.6052083,Unknown,Unknown
Zurich,Gästehaus Hunziker,guest_house,47.4142818,8.5600395,1,Baugenossenschaft mehr als wohnen (MAW)
Zurich,Hotel Sternen Oerlikon,hotel,47.4084381,8.5464569,Unknown,Unknown
Zurich,Swiss Night by Fassbind / Claridge,hotel,47.3691991,8.5511703,Unknown,Unknown
Zurich,Apart-Hotel Zürich by Hilton,hotel,47.4383058,8.5737323,Unknown,Unknown
Zurich,Sorell Hotel St. Peter,hotel,47.3707999,8.5405057,4,ZFV-Unternehmungen
Zurich,Jugendherberge Zürich,hostel,47.3476917,8.5278084,Unknown,Unknown
Zurich,citizenM Hotel,hotel,47.3720094,8.5353963,Unknown,Unknown
Zurich,Ruby,hotel,47.3761644,8.5410852,Unknown,Unknown
Zurich,Marktgasse Hotel,hotel,47.3720083,8.5434795,Unknown,Ospena Group
Zurich,Gasthaus 210,hotel,47.3828583,8.5302229,Unknown,Unknown
Zurich,Sorell Hotel Zürichberg,hotel,47.3824551,8.5669111,4,ZFV-Unternehmungen
Zurich,Sorell Hotel Rigiblick,hotel,47.3883804,8.5533903,Unknown,ZFV-Unternehmungen
Zurich,Hotel Gregory,hotel,47.3799745,8.5274439,Unknown,Holenstein Gastro
Zurich,Swiss Star Apartments,guest_house,47.3764203,8.5101778,Unknown,Apartments Swiss Star
Zurich,Swiss Star University,guest_house,47.3826103,8.5483744,Unknown,Apartments Swiss Star
Zurich,Seehof,hotel,47.364315,8.5477947,Unknown,Unknown
Zurich,H+ Hotel Zürich,hotel,47.3824496,8.5006026,Unknown,Unknown
Zurich,Löwen,hotel,47.4436997,8.6287856,3,Unknown
Zurich,Vision Apartments,guest_house,47.362434,8.5220983,Unknown,Vision Management Services
Zurich,Placid Hotel,hotel,47.383414,8.4922958,4,Unknown
Zurich,Hotel Townhouse,hotel,47.3761679,8.5400087,Unknown,Unknown
Zurich,Motel One,hotel,47.3694022,8.5335731,Unknown,Unknown
Zurich,Sheraton Zürich,hotel,47.3907286,8.5101238,Unknown,ABC Betriebs AG;Marriott
Zurich,Opera,hotel,47.3642706,8.5476221,Unknown,Unknown
Zurich,Fleming's,hotel,47.3696334,8.5334346,4,Unknown
Zurich,Bristol,hotel,47.3796483,8.543557,3,Unknown
Zurich,B2 Boutique Hotel + Spa Zürich,hotel,47.3644259,8.5244677,Unknown,Turicum Hotel Management
Zurich,Depandance Hotel Alexander,guest_house,47.3746422,8.5447779,Unknown,Unknown
Zurich,NiMo,guest_house,47.3639751,8.548798,Unknown,Unknown
Zurich,Mercure Hotel Zürich City,hotel,47.3934723,8.4844851,Unknown,Unknown
Zurich,25hours Hotel Zürich Langstrasse,hotel,47.3804427,8.5287088,4,Accor Hotels
Zurich,Welcome Inn,hotel,47.4491429,8.5815998,3,Unknown
Zurich,Fly away,hotel,47.4500701,8.5842567,Unknown,Unknown
Zurich,B&B Hotel Zürich East Wallisellen,hotel,47.408567,8.5919845,Unknown,Unknown
Zurich,Harry's Home Zürich Wallisellen,hotel,47.4050678,8.6045602,Unknown,Unknown
Zurich,Garni-Geissberg,guest_house,47.4229167,8.4790454,Unknown,Unknown
Zurich,Rothaus,hotel,47.3793871,8.5273971,Unknown,Unknown
Zurich,Green Marmot,hotel,47.3691333,8.5443686,Unknown,Unknown
Zurich,Pension & Guesthouse Kalkbreite,guest_house,47.3743305,8.5207459,Unknown,Genossenschaft Kalkbreite
Zurich,Hyatt Place Zurich Airport The Circle,hotel,47.4514661,8.5658176,Unknown,Unknown
Zurich,Hyatt Regency Zürich Airport,guest_house,47.4496932,8.5654671,Unknown,Unknown
Zurich,APARTHOTEL Familie Hugenschmidt,hotel,47.3554368,8.5572778,Unknown,Unknown
Zurich,Transit Hotel & Dayrooms,hotel,47.4505622,8.5601844,Unknown,Flughafen Zürich AG
Zurich,Boutique Hotel Josef,hotel,47.3806452,8.5341423,Unknown,Unknown
Zurich,Studentenhaus Justinus,hotel,47.3871818,8.5539875,Unknown,Unknown
Zurich,Hotel Bahnhof,hotel,47.3999202,8.6229489,Unknown,Unknown
Zurich,Capsule Hotel Alpine Garden,hotel,47.452039,8.5626989,Unknown,Unknown
Zurich,easyHotel Limmatplatz,hotel,47.3862745,8.5280819,Unknown,Unknown
Zurich,Ibis Zürich Messe Airport,hotel,47.4158194,8.5588139,Unknown,Unknown
Zurich,Nani City Hotel,hotel,47.379243,8.5276061,Unknown,Unknown
Zurich,Holzlager,guest_house,47.3764583,8.5205059,Unknown,Unknown
Zurich,B&B Langenberg,hotel,47.2925952,8.5289714,Unknown,ab 1.2.2024 Zoo Restaurants GmbH
Zurich,Josephine's,guest_house,47.374302,8.5291683,Unknown,Sinn & Gewinn Hotels
Zurich,Hotel Rössli,hotel,47.3692673,8.5444475,3,Unknown
Zurich,Aparthotel Adagio,hotel,47.3812254,8.5424567,Unknown,Accor Hotels
Zurich,Fred Guest House,guest_house,47.3800825,8.5365963,Unknown,Fred Tschanz AG
Zurich,Sleepz,hotel,47.4494664,8.582782,Unknown,Unknown
Geneva,Hôtel d'Ornex,hotel,46.2784622,6.0924637,Unknown,Unknown
Geneva,Greet Hôtel Prévessin Genève Aéroport,hotel,46.2485416,6.088058,Unknown,Unknown
Geneva,Hôtel de L'Aviation,hotel,46.2225819,6.094351,Unknown,Unknown
Geneva,Hôtel Suisse,hotel,46.2091222,6.1429992,3,Unknown
Geneva,Best Western,hotel,46.1366541,6.1241427,3,Unknown
Geneva,Hôtel Ibis Archamps Porte de Genève,hotel,46.1366942,6.1219047,2,Unknown
Geneva,Hôtel Les Nations,hotel,46.215478,6.1327223,Unknown,Unknown
Geneva,Centre International Réformé John Knox,hostel,46.2362325,6.1333956,Unknown,Unknown
Geneva,Capucine Genève,hotel,46.1396028,6.1215694,Unknown,Unknown
Geneva,Logitop,hotel,46.1397812,6.1211295,Unknown,Unknown
Geneva,Hostellerie de la Vendée,hotel,46.1896078,6.1207293,Unknown,Unknown
Geneva,ibis,hotel,46.1883541,6.1149358,Unknown,accor
Geneva,Hôtel Appart'City Genève aéroport Ferney Voltaire,hotel,46.2611012,6.1124385,Unknown,Unknown
Geneva,City Hostel Geneva,hostel,46.2148252,6.1459635,Unknown,Unknown
Geneva,Quality Hotel,hotel,46.2151041,6.1464867,Unknown,Unknown
Geneva,Novotel Suites Geneve Aeroport,hotel,46.2207537,6.1137257,Unknown,Unknown
Geneva,Domaine de Chateauvieux,hotel,46.20152,6.0386806,4,Unknown
Geneva,NH Geneva Airport,hotel,46.2277708,6.0856699,Unknown,Unknown
Geneva,Le Montbrillant Hôtel,hotel,46.2110272,6.1418721,4,Unknown
Geneva,Auberge Communale de Meyrin,hotel,46.2310085,6.0732304,Unknown,Unknown
Geneva,Hôtel Astoria,hotel,46.2088868,6.1429333,Unknown,Unknown
Geneva,Ibis Style,hotel,46.209005,6.1429923,Unknown,Unknown
Geneva,Hôtel Bel'Espérance,hotel,46.2013889,6.1507766,2,Unknown
Geneva,Hôtel Bernina,hotel,46.2102533,6.1442685,Unknown,Unknown
Geneva,Hôtel Les Arcades,hotel,46.2098153,6.1437875,Unknown,Unknown
Geneva,Vision apartments living hotel,hotel,46.2093319,6.1449753,Unknown,Unknown
Geneva,Hôtel Montana,hotel,46.2099219,6.1448821,Unknown,Unknown
Geneva,Hôtel des Alpes,hotel,46.2099824,6.1454067,Unknown,Unknown
Geneva,Hôtel Strasbourg Univers,hotel,46.2098904,6.14441,Unknown,Unknown
Geneva,Aïda,hotel,46.197101,6.1421761,Unknown,Unknown
Geneva,Ibis,hotel,46.2078053,6.138364,Unknown,Unknown
Geneva,Unknown,hotel,46.1887847,6.1161344,Unknown,Unknown
Geneva,Le Cenacle,hotel,46.197139,6.1690614,Unknown,Unknown
Geneva,Ibis Budget Geneve Aeroport,hotel,46.2204883,6.1139551,Unknown,Ibis Budget
Geneva,Hôtel 33,hotel,46.2260695,6.1063881,Unknown,Unknown
Geneva,Hôtel Phoenix,hotel,46.225507,6.1057877,Unknown,Unknown
Geneva,Hôtel Cristal,hotel,46.2094756,6.1439365,Unknown,Unknown
Geneva,Home Swiss Hotel,hotel,46.2006491,6.1347394,Unknown,Unknown
Geneva,VisionApartments Mont-Blanc,hotel,46.2093953,6.1451236,Unknown,Unknown
Geneva,Edelweiss,hotel,46.2113983,6.14992,Unknown,Unknown
Geneva,FANNY,guest_house,46.1915266,6.1410972,Unknown,Unknown
Geneva,Trip Trap Hotel,hotel,46.1861748,6.1438736,Unknown,Unknown
Geneva,Les Armures,hotel,46.2013046,6.1472756,5,Unknown
Geneva,Pax,hotel,46.2003728,6.1615946,Unknown,Unknown
Geneva,Le Prince,hotel,46.1957099,6.1442169,Unknown,Unknown
Geneva,f6,hotel,46.2149773,6.146066,Unknown,Unknown
Geneva,Eden,hotel,46.2219208,6.148994,Unknown,Unknown
Geneva,Hôtel Saint Gervais,hotel,46.2069018,6.1418934,Unknown,Unknown
Geneva,Le Carré d'Or,hotel,46.2530946,6.0669032,Unknown,Residhome
Geneva,Ramada Encore Geneva,hotel,46.1792027,6.1270456,Unknown,Unknown
Geneva,Hôtel la Place,hotel,46.1950305,6.2361606,2,Unknown
Geneva,Hôtel des tourelles,hotel,46.2058132,6.1398854,Unknown,Unknown
Geneva,Odalys Hôtel Résidence,hotel,46.2613116,6.1133689,Unknown,Odalys Vacances
Geneva,Lake Geneva Hotel,hotel,46.2808999,6.1663891,Unknown,Unknown
Geneva,Tiffany Hotel,hotel,46.2019771,6.1392828,Unknown,Unknown
Geneva,Hôtel Oskar,hotel,46.1953688,6.234414,Unknown,Unknown
Geneva,Starling Résidence Genève,hotel,46.196444,6.1422808,Unknown,Unknown
Geneva,Geneva Hostel,hostel,46.2150339,6.1493377,Unknown,Moudi KAVEH
Geneva,Hôtel de France,hotel,46.2556804,6.1109595,Unknown,Unknown
Geneva,Sagitta,hotel,46.2013094,6.1579859,Unknown,Unknown
Geneva,Art Hôtel Windsor,hotel,46.2105346,6.1460511,Unknown,Unknown
Geneva,Unknown,hotel,46.2032972,6.2190517,Unknown,Unknown
Geneva,La Réserve,hotel,46.2505816,6.1492988,5,Michel Reybier Hospitality
Geneva,Edelweiss Manotel Geneva,hotel,46.2113797,6.1499419,Unknown,Unknown
Geneva,Hôtel Central,hotel,46.2029914,6.1456479,Unknown,Unknown
Geneva,Manotel,hotel,46.2133472,6.1453428,Unknown,Unknown
Geneva,The Circus,hotel,46.2073076,6.145149,Unknown,Unknown
Geneva,Campanile,hotel,46.1969598,6.2356078,3,Campanile
Geneva,Savoie Hôtel,hotel,46.1417925,6.0838421,3,Unknown
Geneva,Lievin,guest_house,46.2134479,6.1268734,Unknown,Unknown
Geneva,Carouge,guest_house,46.1846369,6.1440809,Unknown,Unknown
Geneva,Fraser Suites,hotel,46.2031702,6.1457564,Unknown,Unknown
Geneva,Foyer Hostel Schuman,hotel,46.2419542,6.0349421,Unknown,Alfa3a
Geneva,Ibis Styles Geneve PalExpo Aeroport,hotel,46.2346245,6.11679,Unknown,Unknown
Geneva,Ibis Budget,hotel,46.2342553,6.1173479,Unknown,Unknown
Geneva,Hôtel Rhodania,hotel,46.2080607,6.1436722,Unknown,Unknown
Geneva,EastWest,hotel,46.2097968,6.1482154,Unknown,Unknown
Geneva,Auberge des Vergers,hotel,46.2322165,6.0719561,Unknown,Unknown
Geneva,Unknown,hotel,46.2770509,6.1688938,Unknown,Unknown
Geneva,Atalante,hotel,46.1932486,6.2277634,2,Unknown
Geneva,Hôtel N’vY,hotel,46.2154216,6.1486633,Unknown,Unknown
Geneva,The Ritz-Carlton Hotel de la Paix,hotel,46.2079205,6.1485323,Unknown,Unknown
Geneva,Hôtel Jade,hotel,46.2153602,6.1477028,Unknown,Unknown
Geneva,Hôtel-Pension Silva,hotel,46.2118594,6.1350285,Unknown,Unknown
Geneva,m3 Hotel & Residence,hotel,46.1676982,6.1030257,Unknown,Unknown
Geneva,Meininger Hotel Geneve Charmiles,hotel,46.2095924,6.1216706,Unknown,Unknown
Geneva,B&B Hotels,hotel,46.2196653,6.1029583,Unknown,Unknown
Geneva,Mercure,hotel,46.2216244,6.0663924,4,Unknown
Geneva,Unknown,hotel,46.2201025,6.1032258,Unknown,Unknown
Geneva,citizenM,hotel,46.2026399,6.1474753,Unknown,Unknown
Geneva,Marriot,hotel,46.2210187,6.1028023,Unknown,Unknown
Geneva,Ibis Genève Centre Lac,hotel,46.2105338,6.1463758,Unknown,Unknown
Geneva,Residence Studio Genève centre,hotel,46.2112234,6.1468107,Unknown,Unknown
Geneva,Ruby Claire,hotel,46.2038283,6.1468002,Unknown,Unknown
Geneva,Torhôtel,hotel,46.2082218,6.1460955,Unknown,Unknown
Geneva,Aparthotel Adagio,hotel,46.2095461,6.1471701,Unknown,Unknown
Geneva,Stay Kooook,hotel,46.2132194,6.1301604,Unknown,Unknown
Geneva,Ibis Styles Prévessin Genève Aéroport,hotel,46.2487447,6.0887402,Unknown,Unknown
Geneva,Residence Inn,hotel,46.2210795,6.121218,Unknown,Unknown
Lucerne,Flora,hotel,47.0500868,8.3077493,Unknown,Unknown
Lucerne,Felmis,hotel,47.0212876,8.3256501,3,Patrick & Ivo Schmidiger
Lucerne,Eintracht,hotel,47.1123956,8.3876738,Unknown,Unknown
Lucerne,Die Perle,hotel,47.1120925,8.364716,Unknown,Unknown
Lucerne,Kreuz,hotel,47.1224529,8.3545555,Unknown,Unknown
Lucerne,Löwen,hotel,47.0804459,8.3378667,Unknown,Unknown
Lucerne,Kurhaus Seeblick,hotel,47.0299234,8.419469,Unknown,Unknown
Lucerne,Holiday Inn Express : Luzern - Neuenkirch,hotel,47.1137175,8.2335435,Unknown,Unknown
Lucerne,Radisson Blu Hotel,hotel,47.0480616,8.313877,Unknown,Unknown
Lucerne,Backpackers,hostel,47.0441013,8.3210943,Unknown,Unknown
Lucerne,Cascada,hotel,47.0461846,8.3093227,4,Unknown
Lucerne,Seehotel Kastanienbaum,hotel,47.0078197,8.3403494,4,Unknown
Lucerne,Hotel Restaurant Hammer,hotel,47.0082263,8.2179024,Unknown,Unknown
Lucerne,Ibis,hotel,47.0236726,8.2992435,2,Unknown
Lucerne,Bellevue,hotel,47.0435539,8.3499717,Unknown,Unknown
Lucerne,Hotel Seeburg,hotel,47.0470557,8.3440603,Unknown,Unknown
Lucerne,Richemont Gastronomie & Hotel,hotel,47.0478181,8.3434633,Unknown,Richemont Fachschule SBC Stiftung
Lucerne,Seehotel Sternen,hotel,47.0118736,8.3164372,4,Unknown
Lucerne,Anker,hotel,47.0480566,8.3040602,Unknown,Unknown
Lucerne,Jugendherberge Luzern,hostel,47.0617436,8.301538,1,Swiss Youth Hostels
Lucerne,Schloss-Hotel Swiss-Chalet,hotel,47.0649041,8.4084678,4,Unknown
Lucerne,Hotel Central,hotel,47.0492502,8.3077724,Unknown,Unknown
Lucerne,Hofgarten,hotel,47.055824,8.3125043,Unknown,Unknown
Lucerne,Rebstock,hotel,47.0551687,8.3126346,Unknown,Unknown
Lucerne,Hotel Drei Könige,hotel,47.049604,8.3006894,Unknown,Unknown
Lucerne,The Hotel,hotel,47.0479754,8.3078026,Unknown,Unknown
Lucerne,Hotel Astoria,hotel,47.0480783,8.3056813,Unknown,Unknown
Lucerne,Unknown,hotel,47.0344017,8.277702,Unknown,Unknown
Lucerne,Hotel Alpha,hotel,47.04698,8.3013983,Unknown,Unknown
Lucerne,Monopol,hotel,47.0497909,8.3089896,Unknown,Unknown
Lucerne,Lion Lodge Luzern,hostel,47.059114,8.3092644,Unknown,Unknown
Lucerne,Schweizerhof,hotel,47.0543195,8.3102224,Unknown,Unknown
Lucerne,Ambassador,hotel,47.0561008,8.3103043,Unknown,Unknown
Lucerne,Hotel de la Paix,hotel,47.0558753,8.310295,3,Unknown
Lucerne,Luzernerhof,hotel,47.055081,8.3110279,Unknown,Unknown
Lucerne,Hotel zum Weisses Kreuz,hotel,47.0521207,8.3065751,Unknown,Unknown
Lucerne,Balm,hotel,47.0443996,8.3682467,Unknown,Unknown
Lucerne,Pilatus,hotel,46.9861339,8.3122545,Unknown,Unknown
Lucerne,The Tourist Hotel,hotel,47.0529705,8.3004406,Unknown,Unknown
Lucerne,Wilden Mann,hotel,47.0503262,8.3030689,Unknown,Unknown
Lucerne,Renaissance,hotel,47.0489067,8.3070708,Unknown,Unknown
Lucerne,Hotel Continental-Park,hotel,47.048702,8.3090466,4,Unknown
Lucerne,Hotel Des Alpes,hotel,47.0522175,8.3074624,Unknown,Unknown
Lucerne,Ibis Styles Luzern City,hotel,47.056721,8.3118262,Unknown,Ibis
Lucerne,Unknown,guest_house,47.0574989,8.3965699,Unknown,Unknown
Lucerne,Unknown,guest_house,47.0554449,8.3801065,Unknown,Unknown
Lucerne,Gasthof Kreuz,hotel,47.0514942,8.3830003,Unknown,Unknown
Lucerne,Hotel Europe,hotel,47.0557831,8.3248886,Unknown,Unknown
Lucerne,The Lubo,hotel,47.0523435,8.3047521,Unknown,Unknown
Lucerne,Zur Linde,hotel,47.051726,8.3046614,Unknown,Unknown
Lucerne,Barabas Hotel Luzern,hostel,47.052805,8.3041815,Unknown,Unknown
Lucerne,Waldstätterhof,hotel,47.0492499,8.3093045,Unknown,Unknown
Lucerne,Hotel Falken,hotel,47.0536574,8.3076145,Unknown,Unknown
Lucerne,Hotel des Balances,hotel,47.0515076,8.3044753,4,Unknown
Lucerne,Alexander,hotel,47.0295367,8.4198653,4,Unknown
Lucerne,Magic Hotel,hotel,47.0519738,8.3057335,Unknown,Unknown
Lucerne,B&B Bettstadt,hotel,47.044184,8.3084851,Unknown,Unknown
Lucerne,Gerbi,hotel,47.0292158,8.4191843,Unknown,Unknown
Lucerne,Hotel Alpina,hotel,47.0492824,8.3084368,Unknown,Unknown
Lucerne,Chärnsmatt,hotel,47.1000593,8.2687408,Unknown,Unknown
Lucerne,Vison Apartments,hotel,47.043787,8.3085162,Unknown,Unknown
Lucerne,Graziella,hotel,47.0284284,8.4064112,Unknown,Unknown
Lucerne,Emmenbrücke Camp Stuwo,hostel,47.0868726,8.2726732,Unknown,Stuwo.ch
Lucerne,Schappen Camp Stuwo,hostel,47.0337434,8.2754925,Unknown,Stuwo.ch
Lucerne,B.H.M.S Campus,hotel,47.0521262,8.2983649,Unknown,Unknown
Lucerne,anstatthotel.ch,guest_house,47.0682721,8.2789338,Unknown,Unknown
Lucerne,Holiday Inn Express Luzern - Kriens,hotel,47.0268334,8.2999016,Unknown,Unknown
Lucerne,Capsule Hotel Lucerne,hostel,47.0504406,8.3016988,Unknown,Fabian Hux
Lucerne,Gasthaus Badhof,hotel,47.0489567,8.3564427,Unknown,Unknown
Lucerne,Bürgenstock Palace,hotel,46.9969284,8.3806273,Unknown,Unknown
Lucerne,Thorenberg,hotel,47.0527614,8.2505251,Unknown,Unknown
Lucerne,Seehotel Baumgarten,hotel,46.9979474,8.3647344,Unknown,Unknown
Lucerne,Unknown,hotel,47.0604575,8.3088929,Unknown,Unknown
Lucerne,zum Beck,hotel,46.9791502,8.3379245,Unknown,Unknown
Lucerne,The Bed + Breakfast,hotel,47.0413824,8.3013483,Unknown,Unknown
Lucerne,Anstatt,hotel,47.0125332,8.3087288,Unknown,Unknown
Lucerne,Young Backpackers Homestay,hostel,47.0404712,8.2912951,Unknown,Unknown
Lucerne,Baslertor,hotel,47.0509107,8.3022003,Unknown,Unknown
Lucerne,Unknown,hotel,46.9948133,8.4029716,5,Unknown
Lucerne,Pilatus Kulm,hotel,46.9795096,8.2536045,4,Unknown
Lucerne,Pilatus Bellevue,hotel,46.9794553,8.2556112,3,Unknown
Lucerne,Hotel Beau Séjour Lucerne,hotel,47.0556698,8.3228565,Unknown,Unknown
Lucerne,Capsule Hostel - Old town lucerne,hostel,47.0575091,8.309773,Unknown,Unknown
Zermatt,Igludorf,hotel,45.9886765,7.7635871,Unknown,Unknown
Zermatt,Täscher Hof,hotel,46.0668064,7.7753631,Unknown,Unknown
Zermatt,Hotel National,hotel,46.0228955,7.7513185,Unknown,Unknown
Zermatt,Hotel Sonne,hotel,46.0189504,7.7439132,4,Unknown
Zermatt,Edelweiss,hotel,46.0222665,7.7380779,Unknown,Unknown
Zermatt,Astoria,hotel,46.0188368,7.7488454,3,Unknown
Zermatt,Holiday,hotel,46.0235497,7.7540704,3,Unknown
Zermatt,Alpenblick,hotel,46.0173175,7.7440883,3,Unknown
Zermatt,Alpenrose,hotel,46.0165037,7.7434187,3,Unknown
Zermatt,Hotel Bahnhof,hotel,46.0243709,7.7487609,Unknown,Unknown
Zermatt,Hotel de la Couronne,hotel,46.0189522,7.7484618,Unknown,Unknown
Zermatt,Bellerive Zermatt,hotel,46.018553,7.7489835,3,Katja & Mario Noti
Zermatt,Best Western Butterfly,hotel,46.0232414,7.7466078,Unknown,Unknown
Zermatt,La Vue,hotel,46.0193658,7.7437566,Unknown,Unknown
Zermatt,Täschalp Restaurant & Lodge,hostel,46.0591361,7.8101753,Unknown,Unknown
Zermatt,Chesa Valese,hotel,46.0191275,7.7490248,Unknown,Unknown
Zermatt,Matterhorn FOCUS,hotel,46.0140009,7.7425865,4,Unknown
Zermatt,Monte Rosa,hotel,46.0201555,7.7462059,4,Unknown
Zermatt,Haus Theodul,hostel,46.0228176,7.7467225,Unknown,Unknown
Zermatt,Le Petit Cervin,hotel,46.0218068,7.7481098,Unknown,Unknown
Zermatt,Walliserhof,hotel,46.0648014,7.7759963,Unknown,Unknown
Zermatt,Matterhorn Golf Hotel,hotel,46.0930859,7.7803856,Unknown,Unknown
Zermatt,Hotel Testa Grigia,hotel,46.0219587,7.7472166,Unknown,Unknown
Zermatt,Chalet Conthey,guest_house,46.0280462,7.7558219,Unknown,Unknown
Zermatt,Elysian Collection,guest_house,46.0279878,7.7553829,Unknown,Unknown
Zermatt,A La Casa,guest_house,46.0282232,7.7552724,Unknown,Unknown
Zermatt,Top View,guest_house,46.0273815,7.7556491,Unknown,Unknown
Zermatt,Viscaria,guest_house,46.0274068,7.7546954,Unknown,Unknown
Zermatt,Huas Salix,guest_house,46.0273454,7.7544194,Unknown,Unknown
Zermatt,Patricia,guest_house,46.0272151,7.7541575,Unknown,Unknown
Zermatt,Viscaria Studio,guest_house,46.0272299,7.7536337,Unknown,Unknown
Zermatt,Collinetta,guest_house,46.0267015,7.7546494,Unknown,Unknown
Zermatt,Susanna,guest_house,46.0264387,7.7549278,Unknown,Unknown
Zermatt,Gadi,guest_house,46.0260774,7.7554052,Unknown,Unknown
Zermatt,Millennium,guest_house,46.0261663,7.7546621,Unknown,Unknown
Zermatt,Power Snow,guest_house,46.0259442,7.7542278,Unknown,Unknown
Zermatt,Primavista,guest_house,46.0256767,7.7538846,Unknown,Unknown
Zermatt,Belmont,guest_house,46.0246531,7.7550707,Unknown,Unknown
Zermatt,Hotel Carina,hotel,46.0244099,7.7541276,Unknown,Unknown
Zermatt,Primavera,hotel,46.0239622,7.7542003,Unknown,Unknown
Zermatt,House Aster,guest_house,46.0231789,7.7544607,Unknown,Unknown
Zermatt,Haus Domino,guest_house,46.023656,7.7532235,Unknown,Unknown
Zermatt,Colosseo,guest_house,46.0233087,7.7535829,Unknown,Unknown
Zermatt,Haus St Bernhard,guest_house,46.0231707,7.753026,Unknown,Unknown
Zermatt,Matthiol,guest_house,46.0224441,7.7530156,Unknown,Unknown
Zermatt,Schönegg,hotel,46.021789,7.7525599,Unknown,Unknown
Zermatt,Alpenroyal,hotel,46.0215512,7.7527981,Unknown,Unknown
Zermatt,Chalet Waidmannsheil,hotel,46.021191,7.7523922,Unknown,Unknown
Zermatt,Parkhotel Beau Site,hotel,46.0205164,7.7507251,4,Franz Schwegler-Dossetto
Zermatt,Ambiance,hotel,46.0189872,7.7507207,Unknown,Unknown
Zermatt,Capricorn,hotel,46.019132,7.7505089,Unknown,Unknown
Zermatt,the rex,hotel,46.0184745,7.7495514,Unknown,Unknown
Zermatt,Welcome,guest_house,46.0182705,7.7489996,Unknown,Unknown
Zermatt,Hotel Antika,hotel,46.0190678,7.747638,3,Unknown
Zermatt,Hotel Allalin,hotel,46.0191432,7.7475025,Unknown,Unknown
Zermatt,Annex Antika,hotel,46.0186946,7.7472763,2,Unknown
Zermatt,Chalet Bergheim,guest_house,46.0278591,7.7573955,Unknown,Unknown
Zermatt,Sonnhalde B,guest_house,46.0279101,7.7547465,Unknown,Unknown
Zermatt,Alpenlodge,hotel,46.0268598,7.7556531,Unknown,Unknown
Zermatt,Belle Epoque Chalet,guest_house,46.0265301,7.7556557,Unknown,Unknown
Zermatt,Phoenix,hotel,46.0245076,7.7535373,Unknown,Unknown
Zermatt,Casa Della Luce Appartments,guest_house,46.0243364,7.7537664,Unknown,Unknown
Zermatt,Haus Zenith,guest_house,46.0247385,7.7557516,Unknown,Unknown
Zermatt,Haus Verona,guest_house,46.0245255,7.755484,Unknown,Unknown
Zermatt,Haus St. Martin,guest_house,46.0241558,7.7555756,Unknown,Unknown
Zermatt,Haus Kondor,guest_house,46.0238252,7.755496,Unknown,Unknown
Zermatt,Weras,guest_house,46.0240225,7.7551323,Unknown,Unknown
Zermatt,Haus Monal,guest_house,46.0233045,7.7554158,Unknown,Unknown
Zermatt,Pauschalen,hotel,46.0237237,7.7544451,Unknown,Unknown
Zermatt,Haus Casa Blanca,guest_house,46.0241436,7.7552925,Unknown,Unknown
Zermatt,Haus Roc,guest_house,46.0239589,7.7546088,Unknown,Unknown
Zermatt,Haus Alouette,guest_house,46.0247501,7.7539418,Unknown,Unknown
Zermatt,Zermatt Cervino Paradise,guest_house,46.0230178,7.754286,Unknown,Unknown
Zermatt,La Ginabelle,hotel,46.0241606,7.7522515,Unknown,Unknown
Zermatt,Cervo,hotel,46.021937,7.7543013,4S,Unknown
Zermatt,Arnold,guest_house,46.0204566,7.7547159,Unknown,Unknown
Zermatt,Chalet Le Gros Caillou,guest_house,46.0198853,7.7537284,Unknown,Unknown
Zermatt,Shangri La,guest_house,46.0198226,7.7522265,Unknown,Unknown
Zermatt,Les Mélèzes C,guest_house,46.0230851,7.7539205,Unknown,Unknown
Zermatt,Cresta,guest_house,46.0228606,7.7536516,Unknown,Unknown
Zermatt,Apartment Oberhäusern,guest_house,46.0209649,7.7525366,Unknown,Unknown
Zermatt,Chalet Aendry,guest_house,46.020413,7.7521843,Unknown,Unknown
Zermatt,La Bohème,guest_house,46.0197118,7.7514217,Unknown,Unknown
Zermatt,Alpine,guest_house,46.0203395,7.7513738,Unknown,Unknown
Zermatt,Apartments Julen Zermatt,guest_house,46.0204349,7.7512346,Unknown,Unknown
Zermatt,Hotel Bella Vista,hotel,46.020812,7.7514353,Unknown,Unknown
Zermatt,Adona Apartments,guest_house,46.0188223,7.7510503,Unknown,Unknown
Zermatt,Haus Bergfried,guest_house,46.0185842,7.7509672,Unknown,Unknown
Zermatt,Basecamp,hotel,46.0186081,7.7505137,Unknown,Unknown
Zermatt,Chalet Agade,guest_house,46.018489,7.7504173,Unknown,Unknown
Zermatt,Jolimont,guest_house,46.0179784,7.7501722,Unknown,Unknown
Zermatt,Malteserhaus,guest_house,46.0175896,7.750215,Unknown,Unknown
Zermatt,Diamant,guest_house,46.0174544,7.7506269,Unknown,Unknown
Zermatt,Amaryllis,guest_house,46.0173833,7.75028,Unknown,Unknown
Zermatt,Belaie Haus,guest_house,46.0172646,7.7498046,Unknown,Unknown
Zermatt,Apartment Lani,guest_house,46.0170158,7.7495048,Unknown,Unknown
Zermatt,Jägerhof Hotel,hotel,46.0169474,7.7487278,Unknown,Unknown
Zermatt,Albatros,hotel,46.0166161,7.7483669,Unknown,Unknown
Zermatt,Chalet Aria,guest_house,46.0161902,7.7483865,Unknown,Unknown
Zermatt,Chalet Larchenheim,guest_house,46.0163533,7.7488473,Unknown,Unknown
Zermatt,Legendär,hotel,46.0163678,7.7497329,Unknown,Unknown
Zermatt,Kisseye,guest_house,46.015696,7.7492469,Unknown,Unknown
Zermatt,Chalet Nepomuk,guest_house,46.0148155,7.7494898,Unknown,Unknown
Zermatt,Parrot,guest_house,46.0159769,7.7476645,Unknown,Unknown
Zermatt,Solewerk Apartments,guest_house,46.0158422,7.7478653,Unknown,Unknown
Zermatt,Angelina Apartment,guest_house,46.015398,7.7485187,Unknown,Unknown
Zermatt,Haus Fleckstein,guest_house,46.0147032,7.7482282,Unknown,Unknown
Zermatt,Mia,guest_house,46.0144938,7.748604,Unknown,Unknown
Zermatt,Lizi,guest_house,46.0140781,7.7484915,Unknown,Unknown
Zermatt,Bielti,guest_house,46.0135166,7.7481197,Unknown,Unknown
Zermatt,Pablo,guest_house,46.013406,7.7474071,Unknown,Unknown
Zermatt,Matterland,guest_house,46.0135415,7.7472309,Unknown,Unknown
Zermatt,Europe,hotel,46.0179142,7.7497018,Unknown,Unknown
Zermatt,Caprea,guest_house,46.0172079,7.749142,Unknown,Unknown
Zermatt,Narnia,hotel,46.0176081,7.7492162,Unknown,Unknown
Zermatt,Chalet Abacus,guest_house,46.01673,7.74811,Unknown,Unknown
Zermatt,Chalet Valaisien,guest_house,46.017116,7.7480539,Unknown,Unknown
Zermatt,Esplanade,guest_house,46.0164479,7.7475216,Unknown,Unknown
Zermatt,Little Dream House,guest_house,46.0168549,7.7473154,Unknown,Unknown
Zermatt,Adonis,hotel,46.0168148,7.7470699,Unknown,Unknown
Zermatt,Haus Bellide,guest_house,46.0178214,7.7486147,Unknown,Unknown
Zermatt,Bristol,hotel,46.0186913,7.7482147,Unknown,Unknown
Zermatt,Myzermatt,guest_house,46.0182393,7.7478459,Unknown,Unknown
Zermatt,Albana Real,hotel,46.0180634,7.7475415,4,Unknown
Zermatt,Chalet Lydia,guest_house,46.0173886,7.7474496,Unknown,Unknown
Zermatt,Olympia,guest_house,46.0172797,7.7478237,Unknown,Unknown
Zermatt,Marimba,guest_house,46.0173106,7.7460606,Unknown,Unknown
Zermatt,Firefly,hotel,46.0169918,7.7455618,Unknown,Unknown
Zermatt,Haus Balma,guest_house,46.0168571,7.7460348,Unknown,Unknown
Zermatt,Casa Delle Stelle,guest_house,46.01618,7.7469207,Unknown,Unknown
Zermatt,Haus Bergere,guest_house,46.0140647,7.7477504,Unknown,Unknown
Zermatt,Apartment Richemont,guest_house,46.0142451,7.7475727,Unknown,Unknown
Zermatt,Alex Lodge,guest_house,46.0144904,7.7467477,Unknown,Unknown
Zermatt,Strahlhorn,guest_house,46.014648,7.7465265,Unknown,Unknown
Zermatt,Zermatt Paradies,guest_house,46.0158386,7.7456183,Unknown,Unknown
Zermatt,Bolero,guest_house,46.0168794,7.7452203,Unknown,Unknown
Zermatt,Chalet Les Ecureuils,guest_house,46.015903,7.7443891,Unknown,Unknown
Zermatt,Sun Valley Lodge,guest_house,46.0159656,7.7435248,Unknown,Unknown
Zermatt,Hotel Antares,hotel,46.0156695,7.7431803,Unknown,Unknown
Zermatt,Berghaus,guest_house,46.0149888,7.744563,Unknown,Unknown
Zermatt,Juliana,hotel,46.0152214,7.7429588,Unknown,Unknown
Zermatt,Cortina,guest_house,46.0142905,7.7438175,Unknown,Unknown
Zermatt,Berghof Hotel,hotel,46.0147168,7.7433533,Unknown,Unknown
Zermatt,Alpoase,guest_house,46.0142107,7.7451328,Unknown,Unknown
Zermatt,Leopold,guest_house,46.0139936,7.7449483,Unknown,Unknown
Zermatt,Weidersehn,guest_house,46.0138231,7.7448246,Unknown,Unknown
Zermatt,Perren Apaerments,guest_house,46.0136801,7.7444541,Unknown,Unknown
Zermatt,Chalet Bergidyll,guest_house,46.0136156,7.7442569,Unknown,Unknown
Zermatt,Casa Pia,guest_house,46.0130528,7.7442821,Unknown,Unknown
Zermatt,Ulysse,guest_house,46.0131865,7.7449739,Unknown,Unknown
Zermatt,Sonnmatten,guest_house,46.0130065,7.7448809,Unknown,Unknown
Zermatt,Huwi,guest_house,46.013192,7.7460401,Unknown,Unknown
Zermatt,La Vallee,guest_house,46.0130562,7.7464208,Unknown,Unknown
Zermatt,Gamma,guest_house,46.012531,7.7473097,Unknown,Unknown
Zermatt,Biner Apartments,guest_house,46.0127836,7.7483599,Unknown,Unknown
Zermatt,Alpharmonie,guest_house,46.012966,7.7489771,Unknown,Unknown
Zermatt,Casa Dela Vita,guest_house,46.0122685,7.7482997,Unknown,Unknown
Zermatt,Marico,guest_house,46.01211,7.7484256,Unknown,Unknown
Zermatt,Windward,guest_house,46.0122702,7.7478856,Unknown,Unknown
Zermatt,Chalet d'Amore,guest_house,46.0121564,7.7476716,Unknown,Unknown
Zermatt,Ferienwohnung Lauber,guest_house,46.011908,7.746709,Unknown,Unknown
Zermatt,Sunrise,guest_house,46.0121706,7.7465904,Unknown,Unknown
Zermatt,Schwalbennest,guest_house,46.0123238,7.7468926,Unknown,Unknown
Zermatt,Z`Wichjehues,guest_house,46.0123836,7.7461312,Unknown,Unknown
Zermatt,Abusitz River Haus,guest_house,46.0118681,7.7455836,Unknown,Unknown
Zermatt,Cinderella,guest_house,46.0120966,7.7454679,Unknown,Unknown
Zermatt,Anita,guest_house,46.0135017,7.7432205,Unknown,Unknown
Zermatt,Hotel Bijou,hotel,46.0135585,7.7431568,Unknown,Unknown
Zermatt,Mountain Paradise,hotel,46.0125169,7.7426362,Unknown,Unknown
Zermatt,Kronig,hotel,46.0133536,7.7420082,Unknown,Unknown
Zermatt,Liliane,guest_house,46.0135532,7.7420531,Unknown,Unknown
Zermatt,Plateau Rosa,hotel,46.0138836,7.741918,Unknown,Unknown
Zermatt,Zubriggen,hotel,46.0144604,7.7418866,Unknown,Unknown
Zermatt,Telemark,guest_house,46.0146844,7.7420943,Unknown,Unknown
Zermatt,Allegra,guest_house,46.0148732,7.7423645,Unknown,Unknown
Zermatt,Altesse,guest_house,46.0108783,7.7468609,Unknown,Unknown
Zermatt,Talisman,guest_house,46.0109694,7.7456322,Unknown,Unknown
Zermatt,Chalet Style,guest_house,46.0110703,7.7452866,Unknown,Unknown
Zermatt,Shalimar,guest_house,46.0112821,7.7449898,Unknown,Unknown
Zermatt,Monte Cristo,guest_house,46.0107878,7.7442986,Unknown,Unknown
Zermatt,Tuftra,guest_house,46.0111512,7.7431994,Unknown,Unknown
Zermatt,Felice,guest_house,46.0114981,7.7447003,Unknown,Unknown
Zermatt,Amber,guest_house,46.0116512,7.7444893,Unknown,Unknown
Zermatt,Hemizeus,hotel,46.0114845,7.7430648,Unknown,Unknown
Zermatt,Galileo,guest_house,46.0113869,7.7425552,Unknown,Unknown
Zermatt,Aroleid Chalet,guest_house,46.0105709,7.7385074,Unknown,Unknown
Zermatt,Gornergorge,guest_house,46.0095611,7.7395928,Unknown,Unknown
Zermatt,Sunstar Hotel Zermatt,hotel,46.0245666,7.7516697,4,Sunstar Hotels
Zermatt,Haus La Perle,guest_house,46.0247328,7.7516602,Unknown,Unknown
Zermatt,Chalet Dossen,guest_house,46.024563,7.7513699,Unknown,Unknown
Zermatt,Imperial,guest_house,46.0244879,7.7510273,Unknown,Unknown
Zermatt,Haus Fis,guest_house,46.0242541,7.7511054,Unknown,Unknown
Zermatt,Chalet Medi,guest_house,46.0248203,7.750771,Unknown,Unknown
Zermatt,Mirabeau,hotel,46.0250985,7.7501368,Unknown,Unknown
Zermatt,Solebad Arca,hotel,46.0259644,7.7506622,Unknown,Unknown
Zermatt,Ambassador,hotel,46.0250855,7.7496767,Unknown,Unknown
Zermatt,Breithorn,guest_house,46.0244312,7.7502199,Unknown,Unknown
Zermatt,Julez,guest_house,46.024265,7.7505076,Unknown,Unknown
Zermatt,Hotel Sarazena,hotel,46.0240251,7.7492519,Unknown,Unknown
Zermatt,Schloss Hotel,hotel,46.0240778,7.7496979,Unknown,Unknown
Zermatt,Hotel Gornergrat Dorf,hotel,46.0233703,7.7479699,Unknown,Unknown
Zermatt,Chalet Felderhof,guest_house,46.023348,7.7500036,Unknown,Unknown
Zermatt,Hotel Garni CIMA,hotel,46.023086,7.7501677,Unknown,Unknown
Zermatt,Unknown,guest_house,46.0232584,7.7495554,Unknown,Unknown
Zermatt,Mont Cervin Palace,hotel,46.0210313,7.7470589,Unknown,Unknown
Zermatt,Backstage Boutique Hotel,hotel,46.0219788,7.7478391,Unknown,Unknown
Zermatt,Hotel Elite,hotel,46.021402,7.7485392,Unknown,Unknown
Zermatt,Atlanta,hotel,46.0211569,7.7481885,Unknown,Unknown
Zermatt,Excelsior,hotel,46.0209423,7.7488573,Unknown,Unknown
Zermatt,Haus Mischabel,guest_house,46.0210441,7.7484124,Unknown,Unknown
Zermatt,Matterhorn Lodge,hotel,46.0203601,7.7480432,Unknown,Unknown
Zermatt,Alpina,hotel,46.0203825,7.747607,Unknown,Unknown
Zermatt,Tannenhof,hotel,46.0203986,7.747118,Unknown,Unknown
Zermatt,Chalet Z'Gogwargji,guest_house,46.0205752,7.7483775,Unknown,Unknown
Zermatt,Unknown,guest_house,46.0207939,7.7473686,Unknown,Unknown
Zermatt,Unique Hotel Post,hotel,46.0207236,7.7466295,Unknown,Unknown
Zermatt,Hotel Beau Rivage,hotel,46.018969,7.7478436,Unknown,Unknown
Zermatt,Weisshorn,hotel,46.0190526,7.7458311,Unknown,Unknown
Zermatt,Haus Bonatti,guest_house,46.017139,7.7442668,Unknown,Unknown
Zermatt,Backstage - Luxury Loft,guest_house,46.017496,7.7449631,Unknown,Unknown
Zermatt,Maryland,guest_house,46.0177416,7.745633,Unknown,Unknown
Zermatt,Astral,guest_house,46.0178871,7.7458773,Unknown,Unknown
Zermatt,Haus Gornera,guest_house,46.0180133,7.7456823,Unknown,Unknown
Zermatt,Alex,hotel,46.0236181,7.7471177,Unknown,Unknown
Zermatt,Hilburgs-domizil,guest_house,46.0239791,7.7466517,Unknown,Unknown
Zermatt,Unknown,guest_house,46.0230942,7.7465858,Unknown,Unknown
Zermatt,Simi,hotel,46.0227598,7.7463081,Unknown,Unknown
Zermatt,Continental,hotel,46.0223492,7.7468392,Unknown,Unknown
Zermatt,Alphubel,hotel,46.0225091,7.7465795,Unknown,Unknown
Zermatt,Bergkristall,guest_house,46.0225975,7.7463598,Unknown,Unknown
Zermatt,Meric Superior,guest_house,46.0227926,7.746066,Unknown,Unknown
Zermatt,Zer Schmittu,guest_house,46.0219072,7.7445541,Unknown,Unknown
Zermatt,Bodmen,guest_house,46.0216497,7.7447388,Unknown,Unknown
Zermatt,Pollux,hotel,46.0222106,7.7471468,Unknown,Unknown
Zermatt,Walliserhof,hotel,46.0220078,7.7469784,Unknown,Unknown
Zermatt,Romantica,hotel,46.0211118,7.745697,Unknown,Unknown
Zermatt,Haus Graven,guest_house,46.0213803,7.7454962,Unknown,Unknown
Zermatt,The Omnia,hotel,46.0205215,7.7453631,Unknown,Unknown
Zermatt,Haus Triftbach,guest_house,46.0205943,7.7449507,Unknown,Unknown
Zermatt,Studio Layra,guest_house,46.0205975,7.7448746,Unknown,Unknown
Zermatt,Chalet Zermat Peak,guest_house,46.0202685,7.7441951,Unknown,Unknown
Zermatt,Kolibri,guest_house,46.0202364,7.7444168,Unknown,Unknown
Zermatt,Chalet Schneefink,guest_house,46.0201286,7.7445806,Unknown,Unknown
Zermatt,Helvetia,hotel,46.0205999,7.7463455,Unknown,Unknown
Zermatt,Hotel Sonne Zermatt,hotel,46.0205077,7.7462322,Unknown,Unknown
Zermatt,Apartment Diana 2,guest_house,46.0192461,7.7450553,Unknown,Unknown
Zermatt,Le Petit Hotel,hotel,46.0195538,7.7446796,Unknown,Unknown
Zermatt,Schirle,guest_house,46.018723,7.7453134,Unknown,Unknown
Zermatt,Mayi's Gädi,guest_house,46.0184335,7.7451816,Unknown,Unknown
Zermatt,Ferienwohnung Attila,guest_house,46.0175419,7.7443424,Unknown,Unknown
Zermatt,Haus Loree,guest_house,46.016968,7.74372,Unknown,Unknown
Zermatt,Coeur des Alpes,guest_house,46.0166942,7.7429201,Unknown,Unknown
Zermatt,View Hause,guest_house,46.0168865,7.7428686,Unknown,Unknown
Zermatt,Alpenschloss,guest_house,46.0168307,7.7425122,Unknown,Unknown
Zermatt,Gemini,guest_house,46.0168132,7.741561,Unknown,Unknown
Zermatt,Chalet Alaska,guest_house,46.0159241,7.7423089,Unknown,Unknown
Zermatt,Zen,guest_house,46.0160377,7.7418663,Unknown,Unknown
Zermatt,La Cordée,guest_house,46.0156875,7.7415042,Unknown,Unknown
Zermatt,Christiania Mountain & SPA,hotel,46.0234145,7.7522573,4,Family Franzen-Bieri
Zermatt,Matterhorn-Inn,hotel,46.0671697,7.7759821,Unknown,Unknown
Zermatt,Gloria,guest_house,46.012334,7.7448608,Unknown,Unknown
Zermatt,Casa Obri Tuftra,guest_house,46.0109565,7.7466303,Unknown,Unknown
Zermatt,Le Mazot,hotel,46.0208794,7.7491508,Unknown,Unknown
Zermatt,Eden Wellness,hotel,46.0185213,7.7493976,Unknown,Unknown
Zermatt,Appartements Elan,hotel,46.0183557,7.7499672,Unknown,Unknown
Zermatt,Chalet St. Anton,hotel,46.0185161,7.7499377,Unknown,Unknown
Zermatt,Mountime,hotel,46.0651741,7.7759131,Unknown,Unknown
Zermatt,Welschen,hotel,46.0224943,7.7522389,Unknown,Unknown
Zermatt,Mounting,hotel,46.0651037,7.7760301,Unknown,Unknown
Interlaken,Beausite,hotel,46.6846771,7.8467089,3,Max & Imi Ritter
Interlaken,Chalet Swiss,hotel,46.6842815,7.8458842,3,Familie R. & T. Klopfer
Interlaken,Lindner Grand Hotel Beau Rivage,hotel,46.689701,7.8646528,5,Lindner Gruppe
Interlaken,Sunny Days,guest_house,46.683477,7.8470545,Unknown,Unknown
Interlaken,Schynige Platte,hostel,46.652839,7.9118196,Unknown,Unknown
Interlaken,Interlaken,hotel,46.6885207,7.863376,4,Georges Beutler
Interlaken,Carlton-Europe,hotel,46.6894678,7.8658649,3,Stephan Maeder
Interlaken,Gasthof Schönegg,hotel,46.6951712,7.8741905,Unknown,Unknown
Interlaken,Backpackers Villa Sonnenhof,hostel,46.6844227,7.8616925,Unknown,David Bühler
Interlaken,Royal Saint George,hotel,46.6887017,7.8627308,4,Familie Kurzen
Interlaken,Neuhaus Golf- und Strandhotel,hotel,46.6788311,7.8177764,3,Familie Ritschard und Zenger
Interlaken,Lake View,hotel,46.7176445,7.9297506,Unknown,Unknown
Interlaken,Happy Inn Lodge,hostel,46.683712,7.8556574,Unknown,Piet Swenker + Bart Stapel
Interlaken,Hotel Beausite,hotel,46.7023086,7.8109735,Unknown,Rita und Kaspar Pfeiffer-Schneiter
Interlaken,De la Paix,hotel,46.6803171,7.8539305,3,Familie Georg Etterli
Interlaken,Stella,hotel,46.6832659,7.8568607,4,Bastian Hofmann
Interlaken,Bellevue,hotel,46.6862648,7.8525142,4,Thomas + Regula Dübendorfer
Interlaken,Hotel Goldey,hotel,46.6892261,7.853715,3,Diana Ritschard
Interlaken,Hirschen,hotel,46.6655174,7.8706885,Unknown,Unknown
Interlaken,Bellevue Iseltwald,hotel,46.712457,7.9694488,Unknown,Unknown
Interlaken,Beatus,hotel,46.687438,7.7952382,Unknown,Unknown
Interlaken,Zeit- & Traumhotel Beatus,hotel,46.6895474,7.7718492,Unknown,Unknown
Interlaken,Alpenruhe,hotel,46.6095804,7.9186195,Unknown,Unknown
Interlaken,Beausite Park,hotel,46.6086851,7.9247768,4,Unknown
Interlaken,Belvédère,hotel,46.6088082,7.9192583,3,Unknown
Interlaken,Jungfraublick,hotel,46.6083745,7.9209691,3,Unknown
Interlaken,Wengener Hof,hotel,46.6083453,7.9187149,4,Unknown
Interlaken,Alpina,hotel,46.6785544,7.8646699,2,Dora Geringer
Interlaken,Basicrooms,hotel,46.6784194,7.8646491,2,Dora Geringer
Interlaken,Blume,hotel,46.6846694,7.8562718,2,Polo und Claudia Rosas
Interlaken,Du Nord,hotel,46.6882344,7.8622293,4,SwissDreamsHotels
Interlaken,Harder-Minerva,hotel,46.686583,7.8551457,2,René Bettoli
Interlaken,Salzano Hotel Spa Restaurant,hotel,46.6810397,7.8282892,3,Patrizio und Sonja Salzano
Interlaken,Lötschberg,hotel,46.6816298,7.8537648,3,Susanne Hutmacher
Interlaken,Mattenhof Resort,hotel,46.6793898,7.8644477,Unknown,Familie Bühler
Interlaken,Post Hardermannli,hotel,46.6857538,7.8486843,2,Andreas Grossniklaus
Interlaken,Rössli,hotel,46.6858358,7.8489347,2,Jean-Luis Admirat
Interlaken,Sonne,hotel,46.6801545,7.8640332,3,Hans-Peter Seiler
Interlaken,Swiss Inn,hotel,46.6821225,7.8550052,Unknown,J.P. Müller-Lohner
Interlaken,Toscana,hotel,46.6848577,7.8562177,3,Familie Del Grasso
Interlaken,Waldhotel-Unspunne,hotel,46.6721233,7.8558307,2,Stefan Schneider
Interlaken,Weisses Kreuz,hotel,46.6850852,7.8553651,3,Unknown
Interlaken,Balmer's,hostel,46.6811089,7.8636389,Unknown,Erich Balmer
Interlaken,Funny Farm,hostel,46.679157,7.8630478,Unknown,Unknown
Interlaken,Splendid,hotel,46.68574,7.8559331,Unknown,Unknown
Interlaken,Hua Villa,hotel,46.6817365,7.8571759,Unknown,Unknown
Interlaken,Hotel Artos,hotel,46.6853849,7.8663849,Unknown,Unknown
Interlaken,Du Lac,hotel,46.691285,7.8687156,4,Familie Ernst Hofmann
Interlaken,Metropole,hotel,46.6861084,7.8562655,4,Marco von Euw
Interlaken,Gasthaus Steinbock,hotel,46.6648128,7.8721167,Unknown,Unknown
Interlaken,Finel,guest_house,46.6517469,7.7859092,Unknown,Unknown
Interlaken,Hapimag Belvédère,hotel,46.6878206,7.8601343,4,Hapimag Switzerland
Interlaken,Victoria Jungfrau,hotel,46.686602,7.8574679,5,Grand Hotel Victoria-Jungfrau AG
Interlaken,THE HEY,hotel,46.685428,7.8546085,3,Unknown
Interlaken,Alplodge,hostel,46.686227,7.8524153,Unknown,Unknown
Interlaken,Walida,hotel,46.6877817,7.8968131,Unknown,Unknown
Interlaken,Seehotel,hotel,46.6882804,7.9004558,Unknown,Familien Hohermuth & Budd
Interlaken,Seiler au Lac,hotel,46.6885604,7.8976109,Unknown,Unknown
Interlaken,Oberländerhof,hotel,46.6881113,7.8979609,Unknown,Unknown
Interlaken,Swiss Holidays Apartments,hotel,46.683902,7.8550329,Unknown,Unknown
Interlaken,Ula's Holiday Apartments,hotel,46.7021993,7.8094755,Unknown,Ursula Grossniklaus
Interlaken,Unknown,hostel,46.6844145,7.8454718,Unknown,Unknown
Interlaken,Pasta & More Bed & Breakfast,hotel,46.605762,7.9209706,Unknown,Unknown
Interlaken,Gästehaus sbt,hotel,46.6970363,7.793279,Unknown,Unknown
Interlaken,Hotel Strand,hotel,46.7119622,7.9630656,Unknown,Unknown
Interlaken,Love Room,hotel,46.6780768,7.8511347,Unknown,Unknown
Interlaken,Katy's Lodge,guest_house,46.6817315,7.853025,Unknown,Unknown
Interlaken,Bahnhof platz apartment 2,guest_house,46.6827268,7.8524409,Unknown,Unknown
Interlaken,Merkur,hotel,46.6833383,7.8522365,Unknown,Unknown
Interlaken,Swiss Apartment,guest_house,46.6841012,7.8569746,Unknown,Unknown
Interlaken,Swiss Splendid,hotel,46.6850486,7.8555328,Unknown,Unknown
Interlaken,Bernensis,hotel,46.689655,7.8661686,Unknown,Unknown
Interlaken,Alphorn,hotel,46.6793397,7.8521904,Unknown,Unknown
Interlaken,Crystal,hotel,46.6798855,7.8514863,3,Unknown
Interlaken,Hotel Rugenpark B&B,guest_house,46.678843,7.8514061,Unknown,Unknown
Interlaken,Unknown,hotel,46.6874082,7.8552659,Unknown,Unknown
Interlaken,Lake Lodge,hostel,46.7109056,7.9660761,Unknown,Unknown
Interlaken,Unknown,hotel,46.7013753,7.8917248,Unknown,Unknown
Interlaken,Neuhaus,hostel,46.6788169,7.8166056,Unknown,Unknown
Interlaken,Kreuz,hotel,46.6544983,7.7702254,Unknown,Unknown
Interlaken,Hotel-Landgasthof Bären,hotel,46.7268387,7.8644521,3,Unknown
Interlaken,Unknown,hotel,46.6969484,7.793069,Unknown,Unknown
Interlaken,Residence Jungfrau,guest_house,46.6849916,7.8472713,Unknown,Unknown
Interlaken,Olympiasieger,hotel,46.6077815,7.9176964,Unknown,Unknown
Bern,Hotel Jardin Bern,hotel,46.958952,7.4578076,3,Gebrüder Andreas und Daniel Balz
Bern,ibis budget Bern Expo,hotel,46.9586496,7.4643305,Unknown,Accor
Bern,Arabelle,hotel,46.953739,7.4326538,Unknown,Sorell Hotels Switzerland
Bern,Gurten Hotel,hotel,46.9199397,7.437834,Unknown,Unknown
Bern,Landhaus,hotel,46.9500345,7.4589913,Unknown,Albert & Frida GmbH
Bern,Ambassador & SPA,hotel,46.9343346,7.4399504,4,Unknown
Bern,Ibis Styles,hotel,46.9423827,7.430204,Unknown,Accor
Bern,La Pergola,hotel,46.943034,7.4325447,3,SV (Schweiz) AG
Bern,Stay KooooK Bern City,hotel,46.9492876,7.4446885,Unknown,Unknown
Bern,Hotel Bern,hotel,46.9486987,7.4463572,Unknown,Unknown
Bern,Nydeck,hotel,46.9485384,7.4556746,Unknown,Unknown
Bern,Tiefenau,guest_house,46.9798774,7.4579033,Unknown,Unknown
Bern,Bären,hotel,46.955537,7.336411,Unknown,Unknown
Bern,B&B Kirchenfeld,guest_house,46.9410964,7.4481202,Unknown,Unknown
Bern,ibis Bern Expo,hotel,46.9585241,7.4641555,Unknown,Accor
Bern,Novotel Bern Expo,hotel,46.9587487,7.4639379,4,Accor
Bern,Swissôtel Kursaal Bern,hotel,46.9531293,7.4491287,4S,Accor S.A.
Bern,Waldhorn,hotel,46.9562563,7.4531371,Unknown,Unknown
Bern,Marthahaus,hotel,46.9551329,7.4481076,Unknown,Unknown
Bern,Kreuz,hotel,46.9488838,7.4445342,Unknown,Hotel Kreuz Bern AG
Bern,Amante,hotel,46.9140794,7.4998544,3,Unknown
Bern,National,hotel,46.9460693,7.4371068,Unknown,Unknown
Bern,Löwen Apartments,hotel,47.0195078,7.4522525,Unknown,Unknown
Bern,NH Bern The Bristol,hotel,46.947538,7.4425105,4,NH
Bern,Jugendherberge Bern,hostel,46.9457539,7.4453371,Unknown,Unknown
Bern,Ador,hotel,46.9470831,7.4354038,Unknown,Genossenschaft ZFV-Unternehmungen
Bern,Schweizerhof,hotel,46.9488149,7.4410493,5,Unknown
Bern,Hotel Paradiso,hotel,47.0363238,7.4329122,Unknown,Unknown
Bern,B&B Im Klee,guest_house,46.9498391,7.477648,Unknown,Beherberger Bern GmbH
Bern,Savoy,hotel,46.9491886,7.4420283,4,ZG Hotels - H. Zurbrügg & M. Gauer AG
Bern,City,hotel,46.9472071,7.4398352,3,Unknown
Bern,am Pavillon,guest_house,46.9491536,7.4341111,Unknown,Unknown
Bern,Beauvilla,guest_house,46.9422971,7.4560983,Unknown,Gabriela & Marc Capeder Weber
Bern,B&B Ingrid Matter,guest_house,46.942574,7.454918,Unknown,Unknown
Bern,Glocke - Backpackers Bern,hostel,46.9484751,7.4480374,Unknown,Unknown
Bern,artistshousebern,guest_house,46.9419643,7.4526805,Unknown,Cilgia Rageth
Bern,Villa Maria,guest_house,46.9446573,7.4349687,Unknown,Unknown
Bern,Belle Epoque,hotel,46.9488337,7.4553275,4,BE Hotel Management AG
Bern,Bären,hotel,46.9475154,7.4431462,4,Best Western
Bern,Bahnhof Süd,hotel,46.9379986,7.3956613,Unknown,Unknown
Bern,Georg`s BnB,guest_house,46.948964,7.4312831,3,Georg & Barbara Gisin-Gerber
Bern,Alice Friedli,guest_house,46.9717612,7.4514654,Unknown,Unknown
Bern,B&B GG27,guest_house,46.9481769,7.4546809,Unknown,Unknown
Bern,Verena Steiner,guest_house,46.9794332,7.4768853,Unknown,Unknown
Bern,B&B Fleury's,guest_house,46.9376661,7.4336553,Unknown,Unknown
Bern,Goldener Schlüssel,hotel,46.9486884,7.4487047,Unknown,Marianne & Jost Troxler
Bern,Sternen,hotel,46.9226143,7.4142513,Unknown,Marcel und Monika Fluri-Budinskà
Bern,Marlis & Ueli Salzmann,guest_house,46.932005,7.4517177,Unknown,Unknown
Bern,Bären,hotel,46.9337901,7.3510704,Unknown,Familie Mettler-Schär
Bern,Bellevue Palace,hotel,46.9465303,7.446704,5,Victoria-Jungfrau Collection AG
Bern,Innere Enge,hotel,46.9611167,7.4394202,4,ZG Hotels - H. Zurbrügg & M. Gauer AG
Bern,Linde,hotel,46.9586645,7.5242493,Unknown,Unknown
Bern,Löwen,hotel,46.9306394,7.5635106,Unknown,Gasthof Löwen Worb AG
Bern,Hotel Bären,hotel,46.8853768,7.3893197,Unknown,Unknown
Bern,Hine Adon Bern Airport,hotel,46.8876343,7.4989197,Unknown,Unknown
Bern,Max Aviation Apartments: Villa,guest_house,46.940076,7.4719629,Unknown,Max Aviation AG
Bern,CHALET BOLLIGEN,guest_house,46.9695453,7.4983819,Unknown,Unknown
Bern,Seidenberg Stuwo.ch,hostel,46.933101,7.4966266,Unknown,stuwo.ch
Bern,Hostel 77,hostel,46.9316128,7.4337448,Unknown,Unknown
Bern,Landgasthof zur Linde,hotel,46.8918728,7.5036343,Unknown,Linde Belp GmbH
Bern,Unknown,guest_house,46.9086954,7.4333564,Unknown,Unknown
Bern,B&B Wildrose,guest_house,46.9389327,7.4331167,Unknown,Sonya & Stefan Räber
Bern,B&K am Tavelweg,guest_house,46.9470202,7.4628457,Unknown,Evelyn Hebeisen
Bern,Maison Mosgenstein,guest_house,46.9423415,7.4578706,Unknown,Christof Kunz & Stefan Gelzer
Bern,Glandon Florhaus,guest_house,46.9421657,7.4572341,Unknown,Glandon Apartments AG
Bern,Zollhaus,hotel,46.9483156,7.4593357,Unknown,Altes Tramdepot Brauerei Restaurant AG
Bern,Bahnhof Zollikofen,hotel,47.0021936,7.462451,2,Unknown
Bern,Pippilangstrumpfvilla,guest_house,46.9424515,7.423249,Unknown,Jolanda & Thomas Stankiewitz
Bern,Pension HeDa,guest_house,46.9387516,7.432673,Unknown,Unknown
Bern,bed & kitchen im Stürlerhaus,guest_house,46.9507085,7.4548179,Unknown,Unknown
Bern,prizeotel Bern-City,hotel,46.953323,7.4576207,Unknown,Unknown
Bern,Moxy Bern Expo,hotel,46.968285,7.4646584,Unknown,Unknown
Bern,Lodge24,guest_house,46.9739807,7.3404348,Unknown,Hof Frei
Bern,Los Lorentes,hotel,46.9485985,7.4079301,Unknown,Unknown
Bern,Alpenblick,hotel,46.9569107,7.4570699,3,Unknown
Bern,Anna & Hansruedi Schütz,guest_house,46.9680585,7.3804555,Unknown,Unknown
Bern,Akomo Bern,hotel,46.9496681,7.4415991,Unknown,Unknown
Bern,Evi’s Home,hotel,46.9656997,7.4553234,Unknown,Unknown
Bern,harry’s home,hotel,46.9562417,7.4809322,Unknown,Unknown
Lausanne,Novotel,hotel,46.5562084,6.5612339,Unknown,Unknown
Lausanne,L'Union,hotel,46.5435104,6.6608376,Unknown,Unknown
Lausanne,Hôtel Restaurant le Rivage,hotel,46.5019976,6.6854209,Unknown,Unknown
Lausanne,Le Bourg 7,hotel,46.5026709,6.6859093,Unknown,Unknown
Lausanne,Angleterre,hotel,46.5072784,6.6282362,Unknown,Unknown
Lausanne,ibis Styles Lausanne Center MadHouse,hotel,46.5202984,6.6300921,Unknown,Unknown
Lausanne,Unknown,guest_house,46.533251,6.6045966,Unknown,Unknown
Lausanne,Hôtel de la Paix,hotel,46.519193,6.6366516,Unknown,Unknown
Lausanne,Agora Swiss Night,hotel,46.5152787,6.6278692,Unknown,Unknown
Lausanne,Famille Longet-Voruz,guest_house,46.4898395,6.7369084,Unknown,Unknown
Lausanne,SwissTech Hotel,hotel,46.5223377,6.5661094,Unknown,Unknown
Lausanne,Hôtel AlaGare,hotel,46.5158417,6.6307939,Unknown,Unknown
Lausanne,Hôtel du Port,hotel,46.507152,6.62777,Unknown,Unknown
Lausanne,Swiss Wine Hotel & Bar,hotel,46.5205405,6.6369062,Unknown,Unknown
Lausanne,Hôtel Victoria,hotel,46.517643,6.631552,Unknown,Unknown
Lausanne,Beausite,hotel,46.54144,6.5802549,Unknown,Unknown
Lausanne,Discovery Hotel Crissier,hotel,46.5490794,6.5747505,3,Boas Swiss Hotels
Lausanne,Hôtel Lavaux,hotel,46.4900523,6.7428543,Unknown,Unknown
Lausanne,Carlton,hotel,46.5122586,6.6276874,4,Boutique Hôtel
Lausanne,FMEL Azur,hotel,46.5133501,6.5475288,Unknown,Unknown
Lausanne,Vision Appartments,hotel,46.5215656,6.638669,Unknown,Unknown
Lausanne,Auberge de la Gare,hotel,46.4967732,6.7212777,Unknown,Unknown
Lausanne,46a,hotel,46.5137022,6.6126208,Unknown,Unknown
Lausanne,Hôtel des Voyageurs,hotel,46.5214111,6.6312944,Unknown,Unknown
Lausanne,Regina,hotel,46.5215735,6.631275,Unknown,Unknown
Lausanne,Petit Paradis,guest_house,46.4904564,6.7188485,Unknown,Unknown
Lausanne,Hôtel des Alpes (Les 3 frères),hotel,46.5384279,6.7335141,3,Unknown
Lausanne,Hôtel Lausanne by Fassbind,hotel,46.5209424,6.6388401,Unknown,Unknown
Lausanne,Le Vigny,guest_house,46.4920003,6.7335729,Unknown,Unknown
Lausanne,Le Major Davel,hotel,46.4879076,6.7314354,Unknown,Unknown
Lausanne,Moxy Lausanne City,hotel,46.5220529,6.6250776,Unknown,Unknown
Lausanne,Elite,hotel,46.5182301,6.6313584,3,Unknown
Lausanne,Lausanne Palace,hotel,46.5195586,6.6309165,5,Unknown
Lausanne,Base Hotel,hotel,46.5164557,6.6252078,Unknown,Unknown
Lausanne,Hôtel Crystal,hotel,46.5229291,6.6309043,Unknown,Unknown
Lausanne,Ibis Budget,hotel,46.5482237,6.5618348,Unknown,Unknown
Lausanne,Continental,hotel,46.5174927,6.6300626,Unknown,Unknown
Lausanne,Hôtel Bellerive,hotel,46.5157832,6.6140807,Unknown,Unknown
Lausanne,Le Bélimont,hotel,46.5202002,6.6780987,Unknown,Unknown
Basel,Hotel Krafft,hotel,47.5601897,7.5917375,Unknown,Unknown
Basel,Merian,hotel,47.5606065,7.5913376,Unknown,Unknown
Basel,Les Trois Rois,hotel,47.5603897,7.5876903,5,Unknown
Basel,Gasthaus zur Krone,guest_house,47.6251932,7.5809699,Unknown,Unknown
Basel,Schlafstadt,hotel,47.6249326,7.6018283,Unknown,Unknown
Basel,Das Gästehaus Eimeldingen,guest_house,47.6294009,7.5968286,Unknown,Unknown
Basel,Gasthof Neubad,hotel,47.5451433,7.5636794,Unknown,Unknown
Basel,Hotel Eckert,hotel,47.5533201,7.6582489,Unknown,Unknown
Basel,Schweizerhof,hotel,47.548244,7.5909412,3,Unknown
Basel,Hotel Meyerhof,hotel,47.6109125,7.6608717,3,Unknown
Basel,Parkhotel David,hotel,47.6133712,7.6641337,3,Unknown
Basel,Zum Kranz,hotel,47.606307,7.6598434,3,Unknown
Basel,Formule 1 Mulhouse Basel,hotel,47.6068433,7.5287941,Unknown,Formule 1
Basel,Schwanen,hotel,47.6305467,7.6212421,Unknown,Unknown
Basel,Hotel Rochat,hotel,47.5596697,7.5847665,Unknown,Unknown
Basel,Hotel-Restaurant Zum Ziel,hotel,47.5526067,7.6613563,Unknown,Unknown
Basel,Radisson Blu,hotel,47.5513671,7.588827,Unknown,Unknown
Basel,Euler,hotel,47.548696,7.590003,Unknown,Unknown
Basel,Metropol,hotel,47.548849,7.589968,4,Unknown
Basel,HotelD.,hotel,47.5609699,7.586503,Unknown,Unknown
Basel,Spalentor,hotel,47.5586758,7.5805654,Unknown,Unknown
Basel,Aparthotel,hotel,47.5664665,7.5974657,Unknown,Unknown
Basel,Rheinfelder Hof,hotel,47.562527,7.5967588,Unknown,Unknown
Basel,Locanda,hotel,47.5640519,7.5976281,Unknown,Unknown
Basel,Hyve,hostel,47.5432468,7.5857881,Unknown,Unknown
Basel,Dorint an der Messe Basel,hotel,47.5676107,7.5995703,Unknown,Unknown
Basel,Hôtel Jenny,hotel,47.5400478,7.4972312,Unknown,Unknown
Basel,Ibis,hotel,47.5467527,7.5847897,Unknown,Unknown
Basel,Greenhome,hotel,47.598095,7.6544003,Unknown,Unknown
Basel,Ott's Restaurant Leopoldshöhe,hotel,47.5935804,7.6101679,Unknown,Unknown
Basel,Mittenza,hotel,47.5230524,7.6458999,Unknown,Unknown
Basel,Victoria,hotel,47.547762,7.5906418,Unknown,Unknown
Basel,Gaia,hotel,47.5474597,7.5911179,Unknown,Unknown
Basel,Hotel Garni,hotel,47.6293283,7.5956065,Unknown,Unknown
Basel,Hofmatt,hotel,47.5198562,7.6181065,Unknown,RCB-Hofmatt GmbH
Basel,Alfa,hotel,47.554753,7.619267,Unknown,Unknown
Basel,Das Breite Hotel,hotel,47.555928,7.6145526,Unknown,Unknown
Basel,Basel Backpack,hostel,47.5405227,7.5921897,Unknown,Unknown
Basel,Hotel Spalenbrunnen,hotel,47.5572925,7.5826286,Unknown,Unknown
Basel,La Villa K,hotel,47.5849231,7.5649096,4,Unknown
Basel,Hôtel ibis Aéroport Bâle Mulhouse,hotel,47.5853724,7.5621947,3,Unknown
Basel,Hôtel de l'Europe,hotel,47.5861199,7.5639354,Unknown,Unknown
Basel,Hôtel Restaurant le Cheval Blanc,hotel,47.6111742,7.566313,2,Unknown
Basel,Marriot Courtyard Basel,hotel,47.5247464,7.68132,4,Marriot
Basel,Hotel Balade,hotel,47.5624363,7.5910221,3,Unknown
Basel,Resslirytti,hotel,47.5589727,7.5991191,Unknown,Unknown
Basel,Unknown,hotel,47.5393968,7.5750336,Unknown,Unknown
Basel,Asia,hotel,47.6005146,7.657963,Unknown,Unknown
Basel,Hotel Basler Tor,hotel,47.5277251,7.6475561,Unknown,Unknown
Basel,Cozy 1 bedroom apartment in Basel,guest_house,47.5589659,7.5704495,Unknown,Unknown
Basel,Odelya Hotel,hotel,47.5589754,7.5778486,3,mission 21
Basel,Hôtel Berlioz,hotel,47.5916519,7.5577854,3,Unknown
Basel,Hotel du Commerce,hotel,47.5652492,7.5979949,Unknown,Unknown
Basel,East West Hotel,hotel,47.5604354,7.5915026,3,Unknown
Basel,Pension Ziegler,guest_house,47.5928649,7.6358608,Unknown,Unknown
Basel,Hyperion,hotel,47.5642091,7.6018571,Unknown,Unknown
Basel,Pullman Basel Europe,hotel,47.5631363,7.5976988,4,Coop
Basel,Basel Marriott Hotel,hotel,47.5630369,7.5992981,Unknown,Unknown
Basel,easyHotel,hotel,47.5659336,7.5975765,Unknown,Unknown
Basel,Fritz Hotel,hotel,47.5963502,7.5979822,Unknown,Unknown
Basel,2places Side,hotel,47.5976435,7.655916,Unknown,Unknown
Basel,Kloster-Herberge,hotel,47.4881698,7.6104478,Unknown,Unknown
Basel,Porte de France,hotel,47.5774775,7.571899,Unknown,Unknown
Basel,Hotel zum Ziel,hotel,47.5510432,7.6621698,Unknown,Unknown
Basel,Gästehaus Moser,hotel,47.6133427,7.6124764,Unknown,Unknown
Basel,Motel-One,hotel,47.5548732,7.5902062,Unknown,Unknown
Basel,Hotel-Restaurant Jura,hotel,47.4838987,7.6137377,Unknown,Unknown
Basel,Go2bed Hotel,hotel,47.5915708,7.6294282,Unknown,Unknown
Basel,Aparthotel Basel City,hotel,47.561754,7.59747,3,Adagio
Basel,Ibis Styles,hotel,47.545042,7.6019635,Unknown,Unknown
Basel,Hotel Brasserie au Violon,hotel,47.5547912,7.5884165,Unknown,Unknown
Basel,Der Teufelhof Basel,hotel,47.5559597,7.5867425,Unknown,Unknown
Basel,Palast,hotel,47.5528025,7.6594918,Unknown,Unknown
Basel,White Horse,hotel,47.5622659,7.5913959,Unknown,Unknown
Basel,Ibis Budget,hotel,47.5279421,7.6918931,Unknown,Unknown
Basel,Unknown,hotel,47.536682,7.5745606,Unknown,Unknown
Basel,Micro Hotel,hotel,47.5660299,7.600998,Unknown,Unknown
Basel,Hotel Viletta,hotel,47.5530983,7.6596855,Unknown,Unknown
Basel,Pension Lefebvre,guest_house,47.5907293,7.6345367,Unknown,Unknown
Basel,"Gästehaus ""Chläbi""",guest_house,47.5911382,7.634924,Unknown,Unknown
Basel,Löwen,hotel,47.6289421,7.5950783,Unknown,zum LOEWEN GmbH
Basel,Apaliving Budget Hotel,hotel,47.54083,7.5952714,Unknown,Unknown
Basel,SILO by TALENT,hostel,47.5719788,7.6022106,Unknown,SILO by TALENT GmbH
Basel,Bloom,hotel,47.5644961,7.598358,Unknown,Unknown
Basel,Hotel Art House,hotel,47.5524102,7.5880317,Unknown,Unknown
Basel,b_motel,hotel,47.5484013,7.5892698,Unknown,Unknown
Basel,City Inn,hotel,47.5486818,7.5893889,Unknown,Unknown
Basel,B&B Hotel,hotel,47.589615,7.5939346,Unknown,Unknown
Basel,Hotel Rössli,hotel,47.5506747,7.5361906,Unknown,Unknown
Basel,Märthof,hotel,47.5587778,7.5873885,Unknown,Unknown
Basel,Axion,hotel,47.6106794,7.6147085,3,Unknown
Basel,Chrischona Campus Hotel,hotel,47.5730557,7.6819847,Unknown,Unknown
Basel,Ott's Hotel Leopoldshöhe,hotel,47.5935348,7.6102157,3,Unknown
Basel,Stadt-Hotel,hotel,47.6119749,7.6582874,3,Unknown
Basel,Goldener Taler,hotel,47.6095781,7.6601328,Unknown,Unknown
Basel,Gasthof zur Saline,hotel,47.531104,7.6780588,Unknown,Unknown
Basel,The Passage,hotel,47.5537617,7.5861722,Unknown,Unknown
Basel,Birsighof,hotel,47.5506407,7.5839673,Unknown,Unknown
Basel,Volkshaus Basel,hotel,47.5609744,7.5937231,Unknown,Unknown
Basel,Unknown,hostel,47.5425729,7.5860649,Unknown,Unknown
Basel,Best Western Hotel Dreiländerbrücke,hotel,47.590704,7.5930239,4,Unknown
Basel,Hotel Stadthof,hotel,47.554928,7.5886135,Unknown,Unknown
Basel,Hotel Eremitage,hotel,47.4948268,7.6202725,3,Unknown
Basel,Adagio Aparthotel,hotel,47.5778267,7.5716102,Unknown,Unknown
Basel,B&B Hotel,hotel,47.5453701,7.6093598,Unknown,Unknown
Basel,2places,hotel,47.5971737,7.6557702,Unknown,Unknown
Lugano,Tresa Bay Hotel,hotel,45.9699043,8.8612401,Unknown,Unknown
Lugano,Villa Marita,hotel,46.0059215,8.931963,Unknown,Unknown
Lugano,Hotel Colorado,hotel,45.9982226,8.9442464,Unknown,Unknown
Lugano,Hotel International au Lac,hotel,46.0002609,8.9491437,3,Unknown
Lugano,Hotel Luganodante,hotel,46.0043513,8.9497597,4,Flamel
Lugano,Hotel Federale,hotel,46.0055659,8.9478876,3,Unknown
Lugano,Hotel Nassa,hotel,46.0009616,8.9492355,3,Unknown
Lugano,Hotel San Carlo,hotel,46.002564,8.9496458,2,Unknown
Lugano,Parco Maraini,hotel,46.0098937,8.9468866,Unknown,Unknown
Lugano,Villa Sassa,hotel,46.011964,8.9506724,4,Unknown
Lugano,Pestalozzi,hotel,46.0057527,8.9550285,Unknown,Unknown
Lugano,Hotel Walter au Lac,hotel,46.0028118,8.9504436,3,Unknown
Lugano,Acquarello,hotel,46.0044129,8.9496379,3,Unknown
Lugano,Albergo Castelnuovo,hotel,46.0222915,8.966734,Unknown,Unknown
Lugano,Continental Parkhotel,hotel,46.0026685,8.9467337,3,Fassbind Hotel
Lugano,Panoramica Cadro - Lugano,hotel,46.0498116,8.9886185,Unknown,Unknown
Lugano,La Comanella,hotel,46.0350847,8.9566877,Unknown,Unknown
Lugano,Albergo Gardenia,hotel,45.9702796,8.8789147,4,Unknown
Lugano,Art Hotel Stella,hotel,46.0051321,8.9447898,3,Unknown
Lugano,Swiss Diamond Hotel,hotel,45.9330365,8.9293922,5,Unknown
Lugano,Villa del Sole,hotel,45.9713446,8.8552241,Unknown,Unknown
Lugano,Elvezia al Lago,hotel,46.0040516,8.9932752,3,Unknown
Lugano,Casa Santo Stefano,hotel,46.0245814,8.8566087,Unknown,Unknown
Lugano,Lugano Center GuestHouse,guest_house,45.9943379,8.9429393,Unknown,Unknown
Lugano,Centro Cristiano Breganzona,guest_house,46.0153296,8.9318132,Unknown,Unknown
Lugano,Hotel Cacciatori,hotel,46.0230242,8.8856723,Unknown,Unknown
Lugano,Bella Vista,hotel,45.984015,8.9183253,Unknown,Unknown
Lugano,Albergo Ristorante Rivabella,hotel,45.9224992,8.915372,Unknown,Unknown
Lugano,Hotel Colibrì,hotel,46.0079679,8.9789829,3,Unknown
Lugano,Berna - Posta,hotel,46.0100154,8.8564296,Unknown,Unknown
Lugano,Belcantone,hotel,46.0105705,8.8562141,Unknown,Unknown
Lugano,Novaggio,hotel,46.0100073,8.8554158,Unknown,Unknown
Lugano,Casa del 1577,guest_house,45.9579062,8.9363542,Unknown,Unknown
Lugano,Art Residence,hotel,46.0049767,8.9704571,Unknown,Unknown
Lugano,Guesthouse Castagnola,guest_house,46.0014111,8.9778712,Unknown,Unknown
Lugano,Hotel Firenze,hotel,46.0012572,8.9767272,Unknown,Unknown
Lugano,Locanda Castagnola,hotel,46.001309,8.9773451,Unknown,Unknown
Lugano,Guesthouse Arosio B&B,hotel,46.0468839,8.90096,Unknown,Fabrizio Sommaruga
Lugano,Villa Simplicitas e Solferino,hotel,45.9683189,9.0606461,Unknown,Unknown
Lugano,Socrate,hotel,45.9664168,8.8585939,3,Unknown
Lugano,La Comanella,hotel,46.035324,8.956764,Unknown,Unknown
Lugano,Al Battello,hotel,45.9229213,8.9170938,Unknown,Unknown
Lugano,Zurigo,hotel,46.0061332,8.9532455,3,Unknown
Lugano,Albergo La Palma,hotel,45.9511048,8.9643088,2,Unknown
Lugano,Park Hotel,hotel,45.9316257,8.9840692,3,Unknown
Lugano,Hotel Riviera,hotel,45.9516356,8.9440424,3,Unknown
Lugano,Hotel Lac,hotel,45.9514009,8.9435166,Unknown,Unknown
Lugano,HI-Hostel Lugano-Savosa,hostel,46.0200021,8.9425083,Unknown,Unknown
Lugano,Osteria Battello con Alloggio,hotel,45.9697414,8.8834922,Unknown,Unknown
Lugano,Casa Serenella,guest_house,45.9560771,8.9834162,Unknown,Unknown
Lugano,B&B Il Vigneto,guest_house,45.9265753,8.984467,Unknown,Unknown
Lugano,Locanda la Pignatta,hotel,45.9584448,8.9878189,Unknown,Unknown
Lugano,Albergo Al Ponte,hotel,46.0199293,8.8928833,Unknown,Unknown
Lugano,Ristorante della Posta,guest_house,45.9226184,8.915801,Unknown,Unknown
Lugano,Pensione La Santa,hotel,46.0115521,8.9634135,Unknown,Unknown
Lugano,Casale della Vite,guest_house,45.9825531,8.883507,Unknown,Unknown
Lugano,Hotel Bellevue au Lac,hotel,45.9939144,8.9458632,Unknown,Unknown
Lugano,Villa Castagnola,hotel,46.0062899,8.9693125,Unknown,Unknown
Lugano,Hotel dei Pini,hotel,45.9630678,8.8593829,Unknown,Unknown
Lugano,Villeta Rossa,guest_house,45.9580265,8.8680789,Unknown,Unknown
Lugano,Hotel Gabbani,hotel,46.0042505,8.9501037,Unknown,Unknown
Lugano,Hotel Besso,hotel,46.0059199,8.9443567,Unknown,Unknown
Lugano,Lake View Apartment,guest_house,46.0068084,8.9444429,Unknown,Unknown
Lugano,Cà San Matteo B&B,hotel,46.0675446,8.9718222,Unknown,Unknown
Lugano,B&B Villa Astrid,guest_house,46.0176611,8.8713259,Unknown,Unknown
Lugano,B&B Ca‘Suana,guest_house,45.9797375,9.0227314,Unknown,Unknown
Lugano,Salotto Brè,guest_house,46.0109952,8.9960091,Unknown,Unknown
Lugano,The View,hotel,45.9866401,8.9499076,Unknown,Unknown
Lugano,B&B Manito,guest_house,45.9665144,8.8553523,Unknown,Unknown
Lugano,Bagat,hotel,45.953676,8.8775844,Unknown,Unknown
Lugano,Al Boccaluno,guest_house,45.9524699,8.9439342,Unknown,Unknown
Lugano,Casa Angiolina - Holidays,guest_house,45.9236929,8.9173302,Unknown,Unknown
Lugano,Victoria,hotel,45.9920827,8.9467797,Unknown,Unknown
Lugano,Ibis Budget,hotel,45.9913205,8.9458422,1,Unknown
Lugano,Ibis,hotel,45.9913368,8.9456296,3,Unknown
Lugano,Novotel,hotel,45.991453,8.9455006,4,Unknown
Lugano,Dolceresio B&B,guest_house,45.9277742,8.9374639,Unknown,Unknown
Lugano,hotel Milano,hotel,45.9822287,9.0242445,Unknown,Unknown
Lugano,Icon H,hotel,46.0130118,8.9632123,Unknown,Unknown
Lugano,Hotel Delfino,hotel,45.9936418,8.942159,Unknown,Unknown
Lugano,Bubble Hotel,hotel,45.9512199,8.9316597,Unknown,Unknown
