city,name,type,latitude,longitude,elevation
Istanbul,Unknown,park,41.0595294,28.956771,Unknown
Istanbul,Unknown,park,41.0587845,28.9550651,Unknown
Istanbul,Unknown,park,41.0821268,28.9821712,Unknown
Istanbul,Unknown,park,41.0773538,28.9786347,Unknown
Istanbul,Unknown,park,41.0751874,28.9868333,Unknown
Istanbul,Unknown,park,41.0750621,28.9853957,Unknown
Istanbul,Kalburcu Mehmet Parki,park,41.0174102,28.9260313,Unknown
Istanbul,Kırımlı park,park,41.0165711,28.9243198,Unknown
Istanbul,tanzim,park,40.987703,29.0608133,Unknown
Istanbul,Unknown,park,41.0775272,29.0034135,Unknown
Istanbul,Chill Pilates,park,41.0606771,28.9879028,Unknown
Istanbul,Unknown,park,41.020908,29.0350467,Unknown
Istanbul,Working Area,park,40.9810442,29.0265269,Unknown
Istanbul,Hanımefendi Park,park,41.0625013,28.9861619,Unknown
Istanbul,Unknown,park,41.0062893,28.8768488,Unknown
Istanbul,Unknown,park,41.0055553,28.8756817,Unknown
Istanbul,Kerim Tekin Sokak Parkı,park,41.0060194,28.8797345,Unknown
Istanbul,Unknown,park,41.0040904,28.8773212,Unknown
Istanbul,Unknown,park,41.0079449,28.8778709,Unknown
Istanbul,Unknown,park,41.0080705,28.8724976,Unknown
Istanbul,Tophaneli Kıdemli Yüzbaşı Hakkı Efendi Parkı (Tophane İşçi Parkı),park,41.0270615,28.9796832,Unknown
Istanbul,Harem-Üsküdar Arası Sahil Parkları,park,41.0199993,29.0076855,Unknown
Istanbul,Kennedy Parkı,park,40.9889188,28.9145527,Unknown
Istanbul,Çamlıca Tepesi,peak,41.0278163,29.0692717,262
Istanbul,Basketbol Sahası,park,41.0047921,28.9219109,Unknown
Istanbul,Mehmet Akif Ersoy Parkı,park,41.0077677,28.9754453,Unknown
Istanbul,Düğmeciler Parkı,park,41.0456163,28.9230039,Unknown
Istanbul,Ayten Sokak Parkı,park,41.0468441,28.920785,Unknown
Istanbul,Unknown,park,41.0799066,28.9243909,Unknown
Istanbul,Avasköyü Yolu Mahalle Parkı,park,41.0609042,28.8927979,Unknown
Istanbul,Avasköy Yolu Parkı,park,41.0606369,28.8932685,Unknown
Istanbul,Spor Parkı,park,41.0634907,28.9067234,Unknown
Istanbul,323 SokakParkı,park,41.068801,28.8999243,Unknown
Istanbul,Unknown,park,41.0729991,28.8983686,Unknown
Istanbul,Unknown,park,41.0730484,28.8998326,Unknown
Istanbul,770. Sokak Parkı,park,41.0714144,28.9073528,Unknown
Istanbul,Unknown,park,41.0712238,28.9093787,Unknown
Istanbul,803/4. Sokak Parkı,park,41.0713469,28.9133034,Unknown
Istanbul,Unknown,park,41.0678368,28.9103208,Unknown
Istanbul,Unknown,park,41.0671875,28.9094272,Unknown
Istanbul,Ertuğrul Gazi Parkı,park,41.0652537,28.9157618,Unknown
Istanbul,Cat Houses,park,40.9856045,29.0333363,Unknown
Istanbul,Spor Yazarları Parkı,park,41.0860578,29.0262655,Unknown
Istanbul,Murat Parkı,park,41.0826761,29.0261643,Unknown
Istanbul,Babil Parkı,park,41.0822898,29.0279668,Unknown
Istanbul,Festival Park Kadıköy,park,40.9911965,29.0175706,Unknown
Istanbul,Keyci Hatun Parkı,park,41.0077519,28.9428248,Unknown
Istanbul,Kandilli Parkı,park,41.0743684,29.0587522,Unknown
Istanbul,Kandilli Boğaziçi Parkı,park,41.0733748,29.059018,Unknown
Istanbul,Vaniköy Parkı,park,41.0682874,29.0572697,Unknown
Istanbul,Unknown,park,41.0733376,28.9473202,Unknown
Istanbul,Unknown,park,41.0733666,28.9475433,Unknown
Istanbul,Unknown,park,41.0733702,28.9474275,Unknown
Istanbul,Unknown,park,41.073521,28.9348248,Unknown
Istanbul,Unknown,park,41.0734813,28.9349278,Unknown
Istanbul,Unknown,park,41.0734749,28.9347819,Unknown
Istanbul,Unknown,park,41.0726475,28.955839,Unknown
Istanbul,the site,park,41.031809,28.974347,Unknown
Istanbul,Kadiköy Moda Sahil Parki ve Yürüyüs Yolu,park,40.9802336,29.0268962,Unknown
Istanbul,IBB Kurbagalidere Parki,park,40.9820331,29.0328916,Unknown
Istanbul,T.C. Bakırköy Belediyesi Vefa Parkı,park,40.9807971,28.8803707,Unknown
Istanbul,Unknown,park,41.0436297,28.9666798,Unknown
Istanbul,Unknown,park,41.0413099,28.9546173,Unknown
Istanbul,Yedikule hisarı,park,40.9931733,28.9230996,Unknown
Istanbul,Unknown,park,41.0120023,28.9465962,Unknown
Antalya,Güneş Ev,park,36.8840829,30.6617522,Unknown
Antalya,Cengiz Aytmatov Parkı,park,36.8555379,30.7910967,Unknown
Antalya,Yavuz Özcan Parkı,park,36.8853696,30.69708,Unknown
Antalya,GREEN HOMES GAYRİMENKUL,park,36.8749265,30.6409516,Unknown
Antalya,Unknown,park,36.8915123,30.7017103,Unknown
Cappadocia,Oylu Dağ,peak,38.6053692,34.7509042,1642
Cappadocia,Gemril Dağı,peak,38.5766193,34.8012011,1516
Cappadocia,Aktepe,peak,38.6834226,34.846381,1100
Cappadocia,Unknown,peak,38.6336574,34.8592854,1266
Cappadocia,Akdağ,peak,38.660272,34.8728194,1324
Cappadocia,Gök Tepesi,peak,38.7049174,34.8953427,1097
Cappadocia,Karadağ Tepesi,peak,38.6948983,34.7968352,1206
Cappadocia,Kılıçdağ Tepesi,peak,38.6843101,34.7636438,1228
Cappadocia,Çaltı Tepesi,peak,38.6887411,34.7801262,1245
Cappadocia,Kükürtlü Tepe,peak,38.7056386,34.7783457,1159
Cappadocia,Türkmenlik Tepesi,peak,38.6671537,34.7700719,1270
Cappadocia,Karayazı Tepesi,peak,38.6818253,34.7385877,1168
Ankara,Hüseyingazi Zirvesi,peak,39.9462802,32.9621623,1406
Ankara,Çaldağ,peak,39.8587136,32.8257236,1301
Ankara,Cemre Parkı ve Koşu Yolu,park,39.9600731,32.7847923,Unknown
Ankara,Melikşah Parkı,park,39.9459344,32.7653614,Unknown
Ankara,Unknown,peak,39.9412195,32.8651887,975
Ankara,Unknown,peak,39.9474418,32.8662452,995
Ankara,Unknown,peak,39.9463453,32.8783195,971
Ankara,Unknown,peak,39.9361936,32.9045894,1012
Ankara,Unknown,peak,39.9546582,32.9554406,1391
Ankara,Unknown,peak,39.9386864,32.9156885,1042
Ankara,Unknown,peak,39.9294058,32.9025759,1014
Ankara,Unknown,peak,39.9320617,32.9466014,1183
Ankara,Unknown,peak,39.9973507,32.8018848,1164
Ankara,Unknown,peak,39.9831586,32.9381981,1222
Ankara,Hacı Bayram Tepesi,peak,39.9440602,32.8579037,890
Ankara,Unknown,peak,39.9213884,32.7398586,902
Ankara,Unknown,peak,39.8857345,32.9566455,1062
Ankara,Unknown,peak,39.9344207,32.9689836,1257
Ankara,Unknown,peak,39.9354243,32.9559374,1135
Ankara,Unknown,peak,39.9368722,32.9516887,1142
Ankara,Unknown,peak,39.9527636,32.9434705,1151
Ankara,Unknown,peak,39.9481742,32.9506159,1223
Ankara,Unknown,peak,39.9450733,32.9598749,1356
Ankara,Unknown,peak,39.9430005,32.9574501,1341
Ankara,Dikmen Vadisi Pusu,park,39.8654996,32.8480448,Unknown
Ankara,Altın Park,park,39.9670967,32.8796743,Unknown
Ankara,Çansera Kent Bahçesi,park,39.9044577,32.7925692,Unknown
Ankara,Demetevler Parkı,park,39.9673197,32.7968772,Unknown
Ankara,Kurtuluş Parkı,park,39.9267556,32.8636606,Unknown
Ankara,Öveçler Vadisi,park,39.8897527,32.8312849,Unknown
Ankara,Gazi Piknik Alanı,park,39.9429544,32.7927276,Unknown
Ankara,Söğütözü Parkı,park,39.9118743,32.7986851,Unknown
Ankara,CEMRE PARKI,park,39.9729231,32.8872644,Unknown
Izmir,Unknown,park,38.452241,27.2077689,Unknown
Izmir,Sardunya Parkı,park,38.4743653,27.1166973,Unknown
Izmir,Unknown,park,38.4812613,27.2108242,Unknown
Izmir,Unknown,park,38.4729365,27.084069,Unknown
Izmir,Unknown,peak,38.3863424,27.233305,191
Izmir,Unknown,peak,38.4120126,27.2304296,167
Izmir,Unknown,peak,38.4206626,27.2310304,124
Izmir,Unknown,peak,38.4185276,27.2223401,207
Izmir,Unknown,peak,38.4171406,27.1913338,133
Izmir,Unknown,peak,38.4081202,27.2176623,326
Izmir,Unknown,peak,38.4030926,27.2194433,301
Izmir,Unknown,peak,38.405968,27.2253656,287
Izmir,Unknown,peak,38.3987877,27.227168,185
Izmir,Unknown,peak,38.3911189,27.2273826,211
Izmir,Unknown,peak,38.3951552,27.2228336,207
Izmir,Unknown,peak,38.3903789,27.2326398,202
Izmir,Unknown,peak,38.3427165,27.0721578,504
Izmir,Unknown,peak,38.3496499,27.0597768,321
Izmir,Unknown,peak,38.3529145,27.0520735,425
Izmir,Unknown,peak,38.3585682,27.0680594,458
Izmir,Unknown,peak,38.3653487,27.0542621,215
Izmir,Unknown,peak,38.3613276,27.0590472,363
Izmir,Unknown,peak,38.3663581,27.0643902,359
Izmir,Unknown,peak,38.3710267,27.0596909,294
Izmir,Unknown,peak,38.3703369,27.0537579,339
Izmir,Unknown,peak,38.3732893,27.0485759,404
Izmir,Unknown,peak,38.3741725,27.0466769,418
Izmir,Unknown,peak,38.3768219,27.0468378,424
Izmir,Unknown,peak,38.3708332,27.0319032,437
Izmir,Unknown,peak,38.494024,27.1670437,472
Izmir,Unknown,peak,38.4934278,27.146042,250
Izmir,Unknown,peak,38.506434,27.1472597,225
Izmir,Unknown,peak,38.50143,27.1378612,200
Izmir,Unknown,peak,38.4981637,27.1376574,216
Izmir,Unknown,peak,38.4937637,27.1778047,393
Izmir,Unknown,park,38.4931135,27.0673137,Unknown
Izmir,park noktası,park,38.4128836,27.0240503,Unknown
Izmir,Unknown,park,38.4766452,27.0854444,Unknown
Izmir,Yalı Mahallesi Semt Parkı,park,38.4678282,27.0955758,Unknown
Izmir,Unknown,park,38.4792914,27.0853334,Unknown
Izmir,Şehit Polis Adem Gündağ Parkı,park,38.467257,27.0957958,Unknown
Izmir,Haydar Aliyev Parkı,park,38.4729719,27.084185,Unknown
Izmir,Ali Ulvi Kiremitçiler Parkı,park,38.4788733,27.0841982,Unknown
Izmir,Hidayet Karakuş Parkı,park,38.473187,27.0870184,Unknown
Izmir,Unknown,park,38.4729672,27.0885162,Unknown
Izmir,Unknown,park,38.4743985,27.0873202,Unknown
Izmir,Unknown,park,38.4742215,27.0860563,Unknown
Izmir,Unknown,park,38.4739047,27.0851776,Unknown
Izmir,Unknown,park,38.4801114,27.0762375,Unknown
Izmir,Unknown,park,38.4763943,27.0702997,Unknown
Izmir,Şahin Tepesi,peak,38.4086199,27.1983529,Unknown
Izmir,Unknown,park,38.3928198,27.0359254,Unknown
Izmir,Unknown,park,38.4003479,27.042312,Unknown
Bodrum,Koca Dağı,peak,37.0150805,27.5297844,474
Bodrum,Oyuklu,peak,37.081159,27.3834202,665
Bodrum,Karadağ,peak,37.0953782,27.3766686,550
Bodrum,Unknown,peak,36.9917561,27.4338913,148
Bodrum,Unknown,peak,36.9887739,27.4416589,110
Bodrum,Unknown,peak,36.9711183,27.4819779,270
Bodrum,Unknown,peak,36.9733897,27.4701333,357
Bodrum,Unknown,peak,36.974564,27.4650586,323
Bodrum,Unknown,peak,36.9751725,27.4602306,298
Bodrum,テスト,park,37.0435601,27.4175366,Unknown
Pamukkale,Unknown,peak,37.9517527,29.1928732,1144
Pamukkale,Unknown,peak,37.9454878,29.1880131,1101
Pamukkale,Unknown,peak,37.9228096,29.201982,793
Pamukkale,Unknown,peak,37.902245,29.2124319,641
Pamukkale,Unknown,peak,37.8871576,29.2047501,510
Pamukkale,Unknown,peak,37.8919288,29.2135209,569
Pamukkale,Unknown,peak,37.8930888,29.2159456,590
Pamukkale,Pamukkale termal sağlık şehir ormanı,park,37.9650994,29.106576,Unknown
Trabzon,Karlık Tepesi,peak,40.9533313,39.6787264,750
Trabzon,Kalepark,park,41.0076541,39.7348142,Unknown
Trabzon,Türk Japon Dostluk Parkı,park,41.0011221,39.7621627,Unknown
Fethiye,Kirisli,peak,36.6856326,29.1466707,398
Fethiye,Belen Dağı,peak,36.5975758,29.0461396,537
Fethiye,Karadağ 506 m,peak,36.5683324,29.0690937,506
Fethiye,Unknown,peak,36.609736,29.099439,495
Fethiye,Unknown,peak,36.635012,29.0837266,204
Fethiye,Unknown,peak,36.5659091,29.1944074,1523
Fethiye,Unknown,peak,36.5618762,29.1958451,1531
Fethiye,Unknown,peak,36.5596011,29.1963386,1519
Fethiye,Unknown,peak,36.5718547,29.1980552,1638
Fethiye,Unknown,peak,36.5847093,29.1926479,1637
Fethiye,Unknown,peak,36.5923591,29.1869831,1450
Fethiye,Unknown,peak,36.6088448,29.2269158,353
Fethiye,Unknown,peak,36.5985955,29.1798806,1207
Fethiye,Unknown,peak,36.5893613,29.1899657,1525
Fethiye,Unknown,peak,36.581918,29.1928625,1710
Fethiye,Unknown,peak,36.5788078,29.2039776,1708
Fethiye,Ari,peak,36.5768865,29.1982806,1742
Fethiye,Unknown,peak,36.6114973,29.1861677,662
Fethiye,Unknown,peak,36.60664,29.1458166,300
Fethiye,Unknown,peak,36.595908,29.1440034,459
Fethiye,Unknown,peak,36.5718547,29.1201854,419
Fethiye,Unknown,peak,36.5774379,29.1186189,363
Fethiye,Unknown,peak,36.5835894,29.1238546,386
Fethiye,Unknown,peak,36.5841924,29.1313219,385
Fethiye,Unknown,peak,36.5812288,29.1281247,388
Fethiye,Unknown,peak,36.593789,29.1022682,326
Fethiye,Unknown,peak,36.5894474,29.1105723,333
Fethiye,Unknown,peak,36.5929448,29.1186619,460
Fethiye,Unknown,peak,36.5985438,29.1163659,522
Fethiye,Unknown,peak,36.6005593,29.1015386,425
Fethiye,Unknown,peak,36.6034274,29.1095531,474
Fethiye,Unknown,peak,36.6034361,29.1047251,483
Fethiye,Unknown,peak,36.6068811,29.1178572,398
Fethiye,Unknown,peak,36.6280651,29.0867007,115
Fethiye,Unknown,peak,36.6336873,29.0965068,84
Fethiye,Unknown,peak,36.6366833,29.0885138,152
Fethiye,Unknown,peak,36.6419348,29.0749097,50
Fethiye,Unknown,peak,36.6413408,29.0800273,121
Fethiye,Unknown,peak,36.6372171,29.0827632,174
Fethiye,Unknown,peak,36.6293781,29.0828812,167
Fethiye,Unknown,peak,36.624143,29.0816313,129
Fethiye,Unknown,peak,36.615829,29.0816152,194
Fethiye,Unknown,peak,36.6085175,29.0447831,282
Fethiye,Unknown,peak,36.6113423,29.0571856,248
Fethiye,Unknown,peak,36.6089654,29.066391,212
Fethiye,Unknown,peak,36.60633,29.0598464,277
Fethiye,Unknown,peak,36.5990606,29.0526151,500
Fethiye,Unknown,peak,36.5823315,29.0381527,366
Fethiye,Unknown,peak,36.5866046,29.0416503,400
Fethiye,Unknown,peak,36.5721304,29.0482271,275
Fethiye,Unknown,peak,36.573341,29.0519929,211
Fethiye,Unknown,peak,36.5733797,29.0591812,263
Fethiye,Unknown,peak,36.5541976,29.0727425,42
Fethiye,Unknown,peak,36.5533185,29.0688801,65
Fethiye,Unknown,peak,36.5738709,29.0813792,243
Fethiye,Unknown,peak,36.5713291,29.0896511,286
Fethiye,Unknown,peak,36.5695971,29.0962171,341
Fethiye,Unknown,peak,36.5692094,29.1144133,568
Fethiye,Unknown,peak,36.5687656,29.1065544,605
Fethiye,Unknown,peak,36.5664261,29.1238439,442
Fethiye,Unknown,peak,36.6190636,29.1537322,221
Fethiye,Unknown,peak,36.6187665,29.1068702,Unknown
Ephesus,Bülbüldağ,peak,37.9322959,27.337663,342
Ephesus,Panayırdağ,peak,37.9434708,27.3489817,121
Ephesus,Ayasluğ,peak,37.9554869,27.3680819,63
Ephesus,Unknown,peak,37.9259353,27.2892917,229
Ephesus,Unknown,peak,37.9264796,27.289335,173
Ephesus,Unknown,peak,37.90156,27.3414702,637
Ephesus,Unknown,peak,37.8780536,27.3336853,456
Ephesus,Unknown,peak,37.8779657,27.3877193,296
Ephesus,Unknown,peak,37.8524608,27.3412234,463
Ephesus,Unknown,peak,37.9953341,27.2544408,228
Ephesus,Unknown,peak,37.9297365,27.4438476,735
Ephesus,Unknown,peak,37.9244895,27.443043,735
Ephesus,Unknown,peak,37.920408,27.4224168,740
Ephesus,Unknown,peak,37.8958024,27.2950601,306
Ephesus,Unknown,peak,37.8931438,27.3024845,311
Ephesus,Unknown,peak,37.8894692,27.304523,332
Ephesus,Unknown,peak,37.8875048,27.2830009,204
Ephesus,Pilav Tepe,peak,37.8604952,27.2870484,307
Ephesus,Unknown,peak,37.8768842,27.2896641,Unknown
Ephesus,Unknown,peak,37.8703996,27.2850014,Unknown
Ephesus,Unknown,park,37.9526961,27.3774236,Unknown
