city,latitude,longitude,temperature,weather,humidity,wind_speed
Istanbul,41.0082,28.9784,4.83,broken clouds,70,9.26
Antalya,36.8969,30.7133,10.77,broken clouds,100,3.6
Cappadocia,38.64,34.83,5.88,overcast clouds,87,1.71
Ankara,39.9208,32.8541,4.28,light rain,90,2.57
Izmir,38.4192,27.1287,12.68,broken clouds,85,4.12
Bodrum,37.0344,27.4305,15.38,broken clouds,73,3.19
Pamukkale,37.919,29.1187,12.87,overcast clouds,65,1.79
Trabzon,41.0015,39.7178,5.68,light intensity drizzle,93,3.6
Fethiye,36.621,29.1163,17.6,broken clouds,54,4.0
Ephesus,37.9395,27.341,14.53,overcast clouds,79,1.63
